# Noesis .obj export.
#
mtllib X-ATM092.mtl
g
v  158.000000 -2559.356445 782.416687
v  760.000000 -2121.952637 782.292358
v  1362.000000 -2559.356445 782.416565
v  1238.000000 -2599.587402 1416.867065
v  760.000061 -2251.586182 1417.200439
v  281.000061 -2599.587402 1416.867188
v  761.568848 -2119.618164 -488.282196
v  1362.213013 -2557.106934 -488.738892
v  159.213608 -2556.128418 -488.279755
v  762.053772 -2120.280273 783.717590
v  159.698502 -2556.790527 783.720032
v  1362.697876 -2557.769043 783.260864
v  1361.999878 -2559.080078 -490.391724
v  759.999878 -2121.676514 -490.515900
v  157.999893 -2559.080078 -490.391632
v  297.999847 -2604.149658 -1098.768799
v  759.999878 -2268.946777 -1098.884644
v  1221.999878 -2604.149658 -1098.768799
v  -159.000000 -2559.356445 782.416687
v  -1363.000000 -2559.356445 782.416809
v  -761.000000 -2121.952637 782.292480
v  -1239.000000 -2599.587402 1416.867310
v  -281.999939 -2599.587402 1416.867188
v  -760.999939 -2251.586182 1417.200562
v  -299.000153 -2604.149658 -1098.768677
v  -1223.000122 -2604.149658 -1098.768677
v  -761.000122 -2268.946777 -1098.884521
v  -1363.000122 -2559.080078 -490.391510
v  -159.000107 -2559.080078 -490.391602
v  -761.000122 -2121.676270 -490.515778
v  -761.568604 -2119.618164 -488.282013
v  -160.213394 -2556.129150 -488.279938
v  -1363.212769 -2557.107666 -488.739075
v  -762.053528 -2120.280273 783.717712
v  -1363.697754 -2557.769775 783.260620
v  -160.698303 -2556.791260 783.719727
v  -780.999817 -5495.150391 3333.187988
v  -115.999863 -5387.600098 2824.396240
v  -1459.999878 -5180.057617 2944.192383
v  -918.999878 -5984.050293 2627.509766
v  -1188.999878 -5859.054199 2472.187500
v  -653.999878 -5941.474609 2425.071289
v  -638.999817 -5101.340820 3644.698975
v  -1375.999756 -5088.508789 4053.951172
v  -47.999752 -5376.392578 4179.648926
v  -835.999756 -5925.888184 3838.141602
v  -600.999756 -6035.908691 4052.121582
v  -1129.999756 -5920.512695 4001.163330
v  -782.310120 -5492.163086 3332.864746
v  -1460.851563 -5177.092773 2945.233154
v  -118.005569 -5384.985840 2825.062744
v  -690.577881 -5026.315430 3552.185059
v  -26.273764 -4918.714355 3043.477783
v  -1369.119873 -4710.821289 3163.647949
v  -639.453491 -5100.173828 3647.468262
v  -48.761604 -5374.458984 4182.552246
v  -1375.644897 -5087.119141 4056.277100
v  -547.163147 -4607.864746 3797.945313
v  -1283.354614 -4594.810059 4206.753906
v  43.528702 -4882.149902 4333.029297
v  -545.999756 -4608.915527 3795.586670
v  43.000267 -4884.769043 4331.133789
v  -1283.999756 -4596.083008 4204.838867
v  -24.999838 -4920.834473 3042.986084
v  -688.999817 -5028.981445 3550.975586
v  -1367.999878 -4713.888672 3161.979980
v  -3561.631348 -5220.531250 4132.085449
v  -3439.731201 -5008.572266 3414.389404
v  -3263.474609 -4991.117676 3539.441406
v  -5242.390625 -6072.457520 2443.824219
v  -5339.230469 -5556.060059 3196.945313
v  -5067.325195 -5755.141602 2424.032227
v  5447.765137 -2054.520752 -2673.753174
v  5848.539551 -2101.330322 -2478.885010
v  5330.059082 -2124.143066 -3149.487549
v  5597.675293 -2248.106445 -3484.736328
v  6009.484863 -2353.524658 -3572.239014
v  6259.399902 -2206.505859 -2566.188232
v  5587.988281 -2194.779053 -3525.520996
v  6023.328613 -2307.221680 -3617.817383
v  5305.135742 -2054.589600 -3172.228760
v  5852.884277 -2038.899414 -2458.922119
v  6289.411621 -2151.443848 -2550.456787
v  5430.212891 -1980.607422 -2666.701172
v  -5515.197754 -5873.695313 3217.029053
v  -4321.468262 -5491.648438 4376.619629
v  -5358.410156 -5489.777832 3213.703125
v  -5027.710449 -5218.217773 2486.710205
v  4797.847168 -2233.372314 -3369.118164
v  5215.203613 -2425.608887 -3881.255859
v  -5065.246094 -5602.726074 3995.973389
v  -5248.600098 -6574.871582 2714.141846
v  -5515.197754 -5873.695313 3217.029053
v  -5242.390625 -6072.457520 2443.824219
v  5701.242188 -2139.729248 -1924.896729
v  5083.430664 -2065.255859 -2218.905518
v  -5436.492676 -6437.376953 3247.315918
v  -4564.170898 -6466.374023 2133.855957
v  -4390.006836 -6149.377930 2114.355713
v  4345.009277 -1730.769653 5098.270996
v  4442.331543 -1928.190186 5488.576660
v  4654.273926 -1615.832642 4729.258789
v  5096.333496 -1684.471069 4706.791992
v  5427.230469 -1848.022827 4933.170410
v  4773.853027 -2091.509766 5714.209961
v  5115.243652 -1619.819580 4697.168945
v  -5339.230469 -5556.060059 3196.945313
v  -4360.696289 -6026.376465 4314.113770
v  -5067.325195 -5755.141602 2424.032227
v  -5046.323730 -5668.070313 3979.447266
v  -5222.291016 -5985.705566 3999.531006
v  -4360.696289 -6026.376465 4314.113770
v  -5046.323730 -5668.070313 3979.447266
v  6014.203613 -2631.776855 -4048.771729
v  -4535.762207 -6343.691895 4333.905762
v  -3878.543457 -6824.680176 2468.522461
v  -3703.477539 -6507.364746 2448.730469
v  6373.957520 -2384.815430 -3338.404541
v  6476.920410 -2323.913574 -2922.257324
v  6410.120605 -2340.589600 -3370.472168
v  5466.613281 -1794.466064 4937.250488
v  0.000092 -4402.389160 -4822.856934
v  -870.999939 -4706.293945 -3820.837891
v  0.000082 -4220.467285 -4748.061035
v  872.000061 -4706.293945 -3820.837891
v  0.000118 -4830.020996 -4992.122559
v  -965.999878 -5009.059082 -3844.989014
v  0.000105 -4624.413086 -4906.697754
v  967.000122 -5009.059082 -3844.989014
v  -232.999878 -5115.007324 -4723.401855
v  0.000128 -5052.082520 -4947.550293
v  0.000126 -5115.007324 -4723.401855
v  234.000122 -5115.007324 -4723.401855
v  -560.999878 -5110.696777 -4630.738770
v  -487.999878 -5178.121582 -4410.298828
v  4648.420898 -1539.793579 4723.892090
v  4421.880859 -1878.167114 5525.918945
v  0.000116 -4855.919434 -4866.574707
v  -290.999878 -4909.342773 -4564.152832
v  4773.875000 -2052.581299 5765.254395
v  6520.453125 -2276.132813 -2928.575195
v  6500.004395 -2346.037842 -2093.373779
v  6923.692383 -2575.541016 -2785.791992
v  4319.788086 -1661.928711 5116.014160
v  4514.843262 -1523.729614 4167.570313
v  5193.575684 -1632.959839 4138.989746
v  292.000122 -4909.342773 -4564.152832
v  3923.058350 -2106.466309 5657.830078
v  3767.749268 -1802.046021 5060.431152
v  562.000122 -5110.696777 -4630.738770
v  489.000122 -5178.121582 -4410.298828
v  5837.332520 -1952.558716 4577.626953
v  5470.031738 -2035.266357 5322.536621
v  5199.503418 -2135.807373 5645.329102
v  6722.286133 -2693.866943 -3595.782471
v  -3683.378174 -6420.612793 4004.437256
v  -4390.006836 -6149.377930 2114.355713
v  -5222.291016 -5985.705566 3999.531006
v  -5234.442871 -6515.221680 3786.460693
v  -4535.762207 -6343.691895 4333.905762
v  5511.764160 -1993.584473 5349.032227
v  5225.130859 -2100.772217 5692.475098
v  4566.814941 -2426.065186 6096.467285
v  5395.106934 -2513.460449 5962.600586
v  -581.999878 -5596.573242 -2650.892334
v  -773.999939 -5605.485840 -1728.015991
v  -773.999878 -5447.744629 -2719.587891
v  -1470.999878 -5565.309082 -1975.797729
v  -1269.999878 -5527.109863 -2223.875977
v  -1269.999878 -5605.485840 -1728.015991
v  -1269.999878 -5447.744629 -2719.587891
v  5921.029785 -2317.341309 5333.639160
v  4203.141113 -6891.068848 3427.080811
v  3715.491455 -6641.894531 3271.724365
v  4565.372070 -6755.785645 2993.434814
v  4241.414063 -6445.775391 2642.762939
v  -4761.500000 -6762.366211 4017.520996
v  -4780.025879 -6846.499023 2500.397461
v  -4564.170898 -6466.374023 2133.855957
v  4209.312500 -6822.843750 4004.826660
v  3723.228271 -6542.834961 4108.548828
v  3723.228271 -6542.834961 4108.548828
v  3561.366943 -6219.930664 4073.470703
v  3715.491455 -6641.894531 3271.724365
v  3552.101563 -6318.234375 3235.600586
v  4582.165527 -6592.001465 4387.870117
v  4262.863770 -6207.130371 4664.032227
v  4262.863770 -6207.130371 4664.032227
v  4100.078125 -5884.744629 4628.018066
v  4241.414063 -6445.775391 2642.762939
v  1271.000122 -5447.744629 -2719.587646
v  1271.000122 -5527.109375 -2223.875977
v  775.000122 -5447.744629 -2719.587891
v  1472.000122 -5565.308594 -1975.797729
v  1271.000122 -5605.485840 -1728.015991
v  583.000122 -5596.573242 -2650.892090
v  775.000061 -5605.485840 -1728.015991
v  4078.628174 -6123.389160 2606.748291
v  3561.366943 -6219.930664 4073.470703
v  4832.328125 -5748.594238 2554.326172
v  3552.101563 -6318.234375 3235.600586
v  -1269.999878 -5719.677734 -878.558411
v  4078.628174 -6123.389160 2606.748291
v  5085.574707 -6497.359375 2957.238037
v  4994.349609 -6070.602539 2589.817871
v  -4267.873047 -4947.100586 2242.176270
v  3392.942139 -5040.211914 4299.765625
v  3504.713135 -4741.747070 3611.797607
v  4663.459473 -4566.705566 2780.924805
v  3962.050049 -4571.779297 3066.107178
v  4037.463135 -5360.188477 4738.925781
v  5307.980469 -4886.682129 3220.084961
v  5458.428223 -6266.517090 3340.281494
v  5533.825195 -5735.793945 3144.887695
v  -3694.293457 -4910.496094 2735.123047
v  5101.604004 -6333.197754 4351.150879
v  5016.563965 -5832.335449 4611.610352
v  5464.599609 -6198.291504 3918.027344
v  5543.090332 -5637.490234 3982.758057
v  4100.078125 -5884.744629 4628.018066
v  5371.039063 -5413.408203 3108.873291
v  4994.349609 -6070.602539 2589.817871
v  4832.328125 -5748.594238 2554.326172
v  5016.563965 -5832.335449 4611.610352
v  4853.013672 -5509.571777 4575.072754
v  4100.078125 -5884.744629 4628.018066
v  5379.540527 -5314.726563 3946.220703
v  4853.013672 -5509.571777 4575.072754
v  1271.000122 -5719.677734 -878.558350
v  5533.825195 -5735.793945 3144.887695
v  5371.039063 -5413.408203 3108.873291
v  -4306.182129 -7093.324219 2731.166260
v  -3878.543457 -6824.680176 2468.522461
v  4864.990723 -5447.206055 4604.535645
v  5391.677734 -5251.464844 3976.097168
v  5543.090332 -5637.490234 3982.758057
v  5379.540527 -5314.726563 3946.220703
v  -3703.477539 -6507.364746 2448.730469
v  -3410.571045 -6619.375000 3231.232422
v  -3586.281006 -6937.948242 3251.084229
v  -3410.571045 -6619.375000 3231.232422
v  -3683.378174 -6420.612793 4004.437256
v  -4360.696289 -6026.376465 4314.113770
v  -3857.284912 -6738.546875 4023.705566
v  -3857.284912 -6738.546875 4023.705566
v  -4292.926270 -7033.993652 3803.776611
v  -3586.281006 -6937.948242 3251.084229
v  -4105.033203 -7171.488281 3270.602539
v  -5655.849121 -2153.180908 4509.543945
v  -6207.181641 -2418.638672 3975.216797
v  -5914.918945 -2531.906494 4757.778809
v  3297.560303 -4734.033203 3675.336182
v  3972.944092 -4483.029297 2869.473389
v  -5814.918457 -2091.228760 4082.390869
v  -5876.481934 -2147.078857 3248.223877
v  -5635.195801 -1942.894287 3686.224609
v  918.000122 -5984.050293 2627.509766
v  653.000122 -5941.474609 2425.071289
v  1188.000122 -5859.054199 2472.187256
v  780.000183 -5495.150391 3333.187988
v  1459.000122 -5180.057617 2944.192139
v  115.000137 -5387.600098 2824.396240
v  689.593018 -5026.474609 3552.110107
v  1368.135254 -4710.980469 3163.573242
v  25.289066 -4918.873047 3043.402832
v  117.020699 -5385.144531 2824.987793
v  1459.866943 -5177.251953 2945.158447
v  781.325134 -5492.321777 3332.789795
v  24.000162 -4920.834473 3042.986084
v  1367.000122 -4713.888672 3161.979736
v  688.000183 -5028.981445 3550.975586
v  835.000244 -5925.888184 3838.141357
v  1129.000244 -5920.512695 4001.163086
v  600.000244 -6035.908691 4052.121582
v  638.000183 -5101.340820 3644.698975
v  47.000248 -5376.392578 4179.648926
v  1375.000244 -5088.508789 4053.950928
v  546.179932 -4608.033203 3797.892822
v  -44.511833 -4882.318359 4332.976563
v  1282.371460 -4594.978516 4206.701660
v  638.470337 -5100.342285 3647.415771
v  1374.661865 -5087.287109 4056.224365
v  47.778576 -5374.627441 4182.499512
v  545.000244 -4608.915527 3795.586670
v  1283.000244 -4596.083008 4204.838867
v  -43.999733 -4884.769043 4331.133789
v  -5768.148438 -2135.378906 4075.730957
v  -5617.567383 -2193.394043 4477.537598
v  -5250.080566 -2091.935791 4716.551758
v  -5170.239746 -2420.509033 5138.133301
v  -4835.278320 -1944.141846 4583.517090
v  -4411.304199 -2149.711426 4893.891113
v  -5234.930664 -2136.746826 4673.152832
v  -5598.136719 -1996.146118 3701.287109
v  -5117.546387 -1876.281250 3003.981445
v  5280.639160 -7408.137695 -1806.259155
v  4808.325684 -7178.071289 -1586.764038
v  5141.534180 -7489.613281 -2364.446777
v  4606.714355 -7297.356934 -2396.563477
v  5706.888672 -7129.569336 -1524.844727
v  5424.930176 -6774.219727 -1178.289917
v  5424.930176 -6774.219727 -1178.289917
v  5225.145508 -6472.129395 -1173.069336
v  4808.325684 -7178.071289 -1586.764038
v  4606.642090 -6875.495117 -1581.144653
v  6170.731934 -6818.062012 -1686.236938
v  6097.891113 -6322.795898 -1411.898193
v  6097.891113 -6322.795898 -1411.898193
v  5897.157227 -6020.462891 -1406.478271
v  4808.325684 -7178.071289 -1586.764038
v  4606.642090 -6875.495117 -1581.144653
v  4606.714355 -7297.356934 -2396.563477
v  4405.980469 -6995.023438 -2391.143311
v  5225.145508 -6472.129395 -1173.069336
v  4739.646484 -6760.171387 -3129.245361
v  4606.642090 -6875.495117 -1581.144653
v  4405.980469 -6995.023438 -2391.143311
v  5371.877441 -7327.760254 -2873.809570
v  4939.431152 -7062.261719 -3134.465820
v  -5220.741211 -1794.966309 3552.261963
v  -4621.949219 -1848.740234 4188.666504
v  -4784.629395 -1707.529419 3717.195557
v  -4794.091797 -1782.418213 3729.326172
v  -4601.706055 -1778.005005 4205.302246
v  388.000000 -3266.963379 782.905701
v  1055.000000 -3161.393311 1417.314819
v  464.000061 -3161.393311 1417.314819
v  1132.000000 -3266.963379 782.905640
v  158.000000 -2559.356445 782.416687
v  281.000061 -2599.587402 1416.867188
v  1132.000000 -3266.963379 782.905640
v  388.000000 -3266.963379 782.905701
v  1238.000000 -2599.587402 1416.867065
v  1362.000000 -2559.356445 782.416565
v  760.000000 -2121.952637 782.292358
v  760.000061 -2251.586182 1417.200439
v  760.000061 -2251.586182 1417.200439
v  760.000000 -2121.952637 782.292358
v  388.638306 -3263.315186 -488.735291
v  1132.122803 -3264.581543 782.980896
v  389.123199 -3263.977295 783.264465
v  1131.637939 -3263.919434 -489.018860
v  159.213608 -2556.128418 -488.279755
v  389.123199 -3263.977295 783.264465
v  159.698502 -2556.790527 783.720032
v  388.638306 -3263.315186 -488.735291
v  1131.637939 -3263.919434 -489.018860
v  388.638306 -3263.315186 -488.735291
v  389.123199 -3263.977295 783.264465
v  1132.122803 -3264.581543 782.980896
v  1362.697876 -2557.769043 783.260864
v  1362.213013 -2557.106934 -488.738892
v  761.568848 -2119.618164 -488.282196
v  762.053772 -2120.280273 783.717590
v  473.999847 -3147.354736 -1098.449829
v  1131.999878 -3266.687256 -489.902649
v  387.999908 -3266.687256 -489.902588
v  1044.999878 -3147.354736 -1098.449951
v  387.999908 -3266.687256 -489.902588
v  1131.999878 -3266.687256 -489.902649
v  297.999847 -2604.149658 -1098.768799
v  387.999908 -3266.687256 -489.902588
v  157.999893 -2559.080078 -490.391632
v  1361.999878 -2559.080078 -490.391724
v  1221.999878 -2604.149658 -1098.768799
v  759.999878 -2268.946777 -1098.884644
v  759.999878 -2121.676514 -490.515900
v  759.999878 -2121.676514 -490.515900
v  759.999878 -2268.946777 -1098.884644
v  -1133.000000 -3266.963379 782.905823
v  -464.999939 -3161.393311 1417.314941
v  -1056.000000 -3161.393311 1417.314941
v  -389.000000 -3266.963379 782.905762
v  -1363.000000 -2559.356445 782.416809
v  -1239.000000 -2599.587402 1416.867310
v  -389.000000 -3266.963379 782.905762
v  -1133.000000 -3266.963379 782.905823
v  -761.000000 -2121.952637 782.292480
v  -760.999939 -2251.586182 1417.200562
v  -281.999939 -2599.587402 1416.867188
v  -159.000000 -2559.356445 782.416687
v  -760.999939 -2251.586182 1417.200562
v  -761.000000 -2121.952637 782.292480
v  -1046.000122 -3147.354736 -1098.449707
v  -389.000092 -3266.687256 -489.902527
v  -1133.000122 -3266.687256 -489.902466
v  -475.000153 -3147.354736 -1098.449829
v  -1223.000122 -2604.149658 -1098.768677
v  -1363.000122 -2559.080078 -490.391510
v  -761.000122 -2268.946777 -1098.884521
v  -761.000122 -2121.676270 -490.515778
v  -159.000107 -2559.080078 -490.391602
v  -389.000092 -3266.687256 -489.902527
v  -299.000153 -2604.149658 -1098.768677
v  -1133.000122 -3266.687256 -489.902466
v  -389.000092 -3266.687256 -489.902527
v  -761.000122 -2121.676270 -490.515778
v  -761.000122 -2268.946777 -1098.884521
v  -1132.637817 -3263.920166 -489.019043
v  -390.123047 -3263.978027 783.264221
v  -1133.122681 -3264.582275 782.980652
v  -389.638123 -3263.315918 -488.735474
v  -1363.212769 -2557.107666 -488.739075
v  -1363.697754 -2557.769775 783.260620
v  -389.638123 -3263.315918 -488.735474
v  -1132.637817 -3263.920166 -489.019043
v  -761.568604 -2119.618164 -488.282013
v  -762.053528 -2120.280273 783.717712
v  -389.638123 -3263.315918 -488.735474
v  -160.698303 -2556.791260 783.719727
v  -390.123047 -3263.978027 783.264221
v  -160.213394 -2556.129150 -488.279938
v  -1133.122681 -3264.582275 782.980652
v  -390.123047 -3263.978027 783.264221
v  -4065.029541 -1918.163452 4346.024902
v  -4480.399902 -1757.465210 3234.965332
v  5022.729004 -5282.606934 -1297.070190
v  4500.470703 -5279.474609 -1846.715820
v  4536.690918 -5568.486328 -3253.429199
v  4326.408691 -5382.431152 -2550.226074
v  -4844.212891 -1998.518555 4547.762695
v  -5207.766602 -1857.783936 3574.969238
v  5821.491211 -5488.915527 -1465.547241
v  5335.690918 -5774.654297 -3420.945068
v  5835.721191 -7016.252930 -3035.201904
v  5612.629883 -6610.697266 -3367.113037
v  6401.075684 -6656.208984 -2195.599854
v  6431.557129 -6087.943848 -2150.000000
v  6263.157715 -6737.786621 -2753.025879
v  6230.895508 -6207.472168 -2959.998779
v  5897.157227 -6020.462891 -1406.478271
v  5411.895996 -6308.364258 -3361.693115
v  4939.431152 -7062.261719 -3134.465820
v  4739.646484 -6760.171387 -3129.245361
v  6431.557129 -6087.943848 -2150.000000
v  6229.873535 -5785.367676 -2144.380615
v  6029.211914 -5904.895996 -2954.379395
v  6229.873535 -5785.367676 -2144.380615
v  5612.629883 -6610.697266 -3367.113037
v  5411.895996 -6308.364258 -3361.693115
v  6245.179199 -5718.418457 -2157.965332
v  6043.773438 -5836.744629 -2967.956055
v  -4677.814941 -5431.838867 -3024.722412
v  -4278.223145 -5220.684570 -2487.673828
v  -4431.553223 -5237.429199 -2335.599854
v  -5046.612305 -5183.013672 -1037.922241
v  -4563.466309 -5147.757324 -1621.189575
v  -4473.975098 -5088.554688 -1432.787720
v  6230.895508 -6207.472168 -2959.998779
v  6029.211914 -5904.895996 -2954.379395
v  -5698.676270 -6532.785645 -3075.031250
v  -6125.598145 -5853.634277 -2629.457275
v  -5515.343262 -6219.595703 -3080.490723
v  -6309.876953 -6167.119629 -2624.135498
v  -5842.027344 -5433.455078 -1154.382324
v  -6144.846191 -5786.354980 -2641.456299
v  -5473.410645 -5682.157715 -3140.206543
v  -6297.708008 -5683.380371 -1818.850952
v  -5875.814453 -6951.860352 -2732.381836
v  -6309.876953 -6167.119629 -2624.135498
v  -5698.676270 -6532.785645 -3075.031250
v  -6298.301758 -6699.362793 -2419.941650
v  -4987.053223 -6946.563965 -2891.695557
v  -4804.665527 -6633.668945 -2897.292725
v  -6125.598145 -5853.634277 -2629.457275
v  -5883.556641 -5968.702637 -1094.866943
v  -5515.343262 -6219.595703 -3080.490723
v  -6277.785645 -5749.417480 -1806.883423
v  -6462.064453 -6062.902344 -1801.561646
v  -5883.556641 -5968.702637 -1094.866943
v  -6277.785645 -5749.417480 -1806.883423
v  -6066.890137 -6281.893066 -1089.407593
v  -4592.824219 -7165.849609 -2179.679199
v  -4409.491211 -6852.659668 -2185.138672
v  -5173.059570 -6382.653809 -910.692993
v  -4804.665527 -6633.668945 -2897.292725
v  -6462.064453 -6062.902344 -1801.561646
v  -6402.823242 -6628.311523 -1853.878906
v  -6066.890137 -6281.893066 -1089.407593
v  -6130.045410 -6779.214355 -1362.426270
v  -5385.401855 -7237.336914 -2604.971436
v  -4987.053223 -6946.563965 -2891.695557
v  -1214.999878 -4877.988770 2195.944092
v  -611.999939 -5414.365234 2188.689209
v  -1111.999878 -5337.933594 2232.782227
v  -383.999908 -5005.704590 2121.454346
v  -760.999939 -5789.600586 2145.051270
v  -1091.999878 -5738.111328 2174.048828
v  -1259.999878 -5519.861328 2683.488525
v  -1188.999878 -5859.054199 2472.187500
v  -1459.999878 -5180.057617 2944.192383
v  -383.999908 -5005.704590 2121.454346
v  -1214.999878 -4877.988770 2195.944092
v  -1091.999878 -5738.111328 2174.048828
v  -760.999939 -5789.600586 2145.051270
v  -653.999878 -5941.474609 2425.071289
v  -449.999878 -5644.387207 2611.610840
v  -115.999863 -5387.600098 2824.396240
v  -1188.999878 -5859.054199 2472.187500
v  -850.999878 -5709.361328 2917.964355
v  -1259.999878 -5519.861328 2683.488525
v  -918.999878 -5984.050293 2627.509766
v  -780.999817 -5495.150391 3333.187988
v  -1459.999878 -5180.057617 2944.192383
v  -850.999878 -5709.361328 2917.964355
v  -780.999817 -5495.150391 3333.187988
v  -918.999878 -5984.050293 2627.509766
v  -1375.999756 -5088.508789 4053.951172
v  -747.999756 -5530.570801 3808.255859
v  -1191.999756 -5523.113770 4054.486328
v  -638.999817 -5101.340820 3644.698975
v  -835.999756 -5925.888184 3838.141602
v  -1129.999756 -5920.512695 4001.163330
v  -1109.999756 -5684.335449 4529.671875
v  -1075.999756 -6026.718750 4315.758789
v  -1240.999756 -5355.134277 4843.135742
v  -1240.999756 -5355.134277 4843.135742
v  -419.999695 -5533.032227 4920.654297
v  -748.999756 -6098.437500 4346.684082
v  -391.999756 -5696.609375 4131.222168
v  -638.999817 -5101.340820 3644.698975
v  -47.999752 -5376.392578 4179.648926
v  -747.999756 -5530.570801 3808.255859
v  -600.999756 -6035.908691 4052.121582
v  -835.999756 -5925.888184 3838.141602
v  -615.999695 -5791.317383 4576.862305
v  -419.999695 -5533.032227 4920.654297
v  -1216.080811 -4875.056641 2197.645508
v  -387.139465 -5003.111816 2122.871826
v  -1124.348999 -4408.784668 2416.060303
v  -387.139465 -5003.111816 2122.871826
v  -1216.080811 -4875.056641 2197.645508
v  -295.407654 -4536.840332 2341.286621
v  -1369.119873 -4710.821289 3163.647949
v  -1460.851563 -5177.092773 2945.233154
v  -690.577881 -5026.315430 3552.185059
v  -782.310120 -5492.163086 3332.864746
v  -26.273764 -4918.714355 3043.477783
v  -782.310120 -5492.163086 3332.864746
v  -118.005569 -5384.985840 2825.062744
v  -690.577881 -5026.315430 3552.185059
v  -118.005569 -5384.985840 2825.062744
v  -295.407654 -4536.840332 2341.286621
v  -1124.348999 -4408.784668 2416.060303
v  -328.402588 -5038.510254 5072.699219
v  -1240.643677 -5353.456055 4844.840332
v  -420.692902 -5530.819336 4922.221680
v  -1148.353394 -4861.146973 4995.317383
v  -420.692902 -5530.819336 4922.221680
v  -1240.643677 -5353.456055 4844.840332
v  -1375.644897 -5087.119141 4056.277100
v  -1283.354614 -4594.810059 4206.753906
v  -639.453491 -5100.173828 3647.468262
v  -547.163147 -4607.864746 3797.945313
v  43.528702 -4882.149902 4333.029297
v  -420.692902 -5530.819336 4922.221680
v  -48.761604 -5374.458984 4182.552246
v  -328.402588 -5038.510254 5072.699219
v  -1148.353394 -4861.146973 4995.317383
v  -328.402588 -5038.510254 5072.699219
v  -101.999634 -3839.010254 5440.148438
v  -1148.999634 -4863.305664 4993.220703
v  -327.999664 -5041.409180 5072.139160
v  -922.999634 -3660.309570 5362.032715
v  -327.999664 -5041.409180 5072.139160
v  -1148.999634 -4863.305664 4993.220703
v  -1283.999756 -4596.083008 4204.838867
v  -1057.999756 -3393.087402 4573.650391
v  -545.999756 -4608.915527 3795.586670
v  -319.999725 -3405.919434 4164.398438
v  270.000305 -3681.773193 4699.945313
v  -327.999664 -5041.409180 5072.139160
v  43.000267 -4884.769043 4331.133789
v  -101.999634 -3839.010254 5440.148438
v  -1123.999878 -4411.222656 2414.533936
v  -292.999878 -4539.740723 2340.641113
v  -858.999817 -3061.034180 3046.511475
v  -292.999878 -4539.740723 2340.641113
v  -1123.999878 -4411.222656 2414.533936
v  -27.999828 -3188.955078 2973.420654
v  -1103.999756 -3363.103027 3794.759521
v  -1367.999878 -4713.888672 3161.979980
v  -424.999725 -3678.195557 4183.755371
v  -688.999817 -5028.981445 3550.975586
v  239.000229 -3570.048584 3675.765869
v  -688.999817 -5028.981445 3550.975586
v  -24.999838 -4920.834473 3042.986084
v  -424.999725 -3678.195557 4183.755371
v  4420.558105 -5223.811035 -1653.003174
v  -5639.632324 -7064.690430 -1235.015991
v  4162.558105 -5375.611816 -2691.730713
v  -5112.624023 -7388.239258 -2113.518799
v  -4592.824219 -7165.849609 -2179.679199
v  -4409.491211 -6852.659668 -2185.138672
v  -4561.678711 -6748.442383 -1362.564819
v  -4745.957520 -7061.927734 -1357.242920
v  -4561.678711 -6748.442383 -1362.564819
v  -5173.059570 -6382.653809 -910.692993
v  -5355.447266 -6695.548828 -905.096008
v  -5355.447266 -6695.548828 -905.096008
v  -4561.678711 -6748.442383 -1362.564819
v  -4745.957520 -7061.927734 -1357.242920
v  -4745.957520 -7061.927734 -1357.242920
v  -5218.270996 -7317.360352 -1546.617798
v  -6817.180664 -2258.682861 -2540.335938
v  -7039.585449 -2684.084473 -3196.059570
v  -7192.447266 -2581.109863 -2373.454346
v  -6733.338867 -2314.739014 -2989.144775
v  -6368.149902 -2579.887207 -3694.810059
v  -6366.527344 -2258.369385 -3261.491699
v  -6692.674805 -2356.993408 -2959.938721
v  -6770.705078 -2303.949707 -2537.343506
v  -6568.630859 -2122.859131 -2177.464111
v  -6736.766602 -2331.184570 -1708.985840
v  -6133.957520 -1986.193237 -2114.357422
v  -5941.351563 -2080.743408 -1592.525757
v  319.000275 -3405.919434 4164.397949
v  545.000244 -4608.915527 3795.586670
v  -270.999695 -3681.773193 4699.945313
v  -43.999733 -4884.769043 4331.133789
v  -966.999878 -5067.087891 -3613.028564
v  0.000104 -4658.915527 -4784.461914
v  0.000105 -4624.413086 -4906.697754
v  -966.999878 -5067.087891 -3613.028564
v  327.000336 -5041.409180 5072.139160
v  1148.000366 -4863.305664 4993.220703
v  0.000093 -4461.763184 -4703.338379
v  -872.999939 -4795.721680 -3588.528564
v  0.000081 -4264.611328 -4622.214355
v  -872.999939 -4795.721680 -3588.528564
v  101.000366 -3839.010254 5440.148438
v  327.000336 -5041.409180 5072.139160
v  1057.000244 -3393.087402 4573.650391
v  1283.000244 -4596.083008 4204.838867
v  922.000366 -3660.309570 5362.032227
v  1148.000366 -4863.305664 4993.220703
v  -3639.406250 -4846.281250 2536.316895
v  101.000366 -3839.010254 5440.148438
v  327.000336 -5041.409180 5072.139160
v  546.179932 -4608.033203 3797.892822
v  638.470337 -5100.342285 3647.415771
v  -44.511833 -4882.318359 4332.976563
v  -1011.999634 -4059.704346 5307.702148
v  0.000273 -3779.027100 4296.169922
v  0.000369 -4124.744629 5526.854492
v  -1162.999756 -3779.027100 4296.169922
v  1011.000366 -4059.704590 5307.701660
v  1162.000244 -3779.027100 4296.169434
v  47.778576 -5374.627441 4182.499512
v  419.709991 -5530.987793 4922.169434
v  1239.660767 -5353.624512 4844.788086
v  327.419556 -5038.679199 5072.646484
v  419.709991 -5530.987793 4922.169434
v  1282.371460 -4594.978516 4206.701660
v  1374.661865 -5087.287109 4056.224365
v  1147.370361 -4861.315430 4995.265137
v  327.419556 -5038.679199 5072.646484
v  1147.370361 -4861.315430 4995.265137
v  1239.660767 -5353.624512 4844.788086
v  327.419556 -5038.679199 5072.646484
v  419.709991 -5530.987793 4922.169434
v  1375.000244 -5088.508789 4053.950928
v  1191.000244 -5523.113770 4054.486084
v  638.000183 -5101.340820 3644.698975
v  747.000244 -5530.570801 3808.255615
v  835.000244 -5925.888184 3838.141357
v  1129.000244 -5920.512695 4001.163086
v  600.000244 -6035.908691 4052.121582
v  391.000244 -5696.609375 4131.222168
v  835.000244 -5925.888184 3838.141357
v  747.000244 -5530.570801 3808.255615
v  638.000183 -5101.340820 3644.698975
v  47.000248 -5376.392578 4179.648926
v  1240.000244 -5355.134277 4843.135254
v  1109.000244 -5684.335449 4529.671875
v  874.000061 -4795.721680 -3588.528320
v  874.000061 -4795.721680 -3588.528320
v  -5654.748047 -2038.485107 -2839.006592
v  -5936.891602 -2175.854736 -3156.656494
v  -5743.951660 -1977.846313 -2355.901367
v  968.000122 -5067.087891 -3613.028564
v  -6127.461914 -2048.184570 -2135.090820
v  -6536.696777 -2176.059326 -2195.628662
v  -6347.072266 -2304.024414 -3217.331787
v  968.000122 -5067.087891 -3613.028564
v  0.000122 -5178.121582 -4410.298828
v  -1269.999878 -5369.368652 -3215.447754
v  0.000104 -5369.368652 -3215.447754
v  0.000097 -5447.744629 -2719.587891
v  -1470.999878 -5409.545410 -2967.666016
v  1075.000244 -6026.718750 4315.758789
v  1240.000244 -5355.134277 4843.135254
v  419.000305 -5533.032227 4920.654297
v  748.000244 -6098.437500 4346.684082
v  615.000305 -5791.317383 4576.862305
v  0.000115 -4380.587891 2405.451172
v  -1299.999878 -4380.587891 2405.451416
v  1299.000122 -4380.587891 2405.451172
v  419.000305 -5533.032227 4920.654297
v  27.000172 -3188.955078 2973.420654
v  292.000122 -4539.740723 2340.640869
v  -239.999771 -3570.048584 3675.765869
v  24.000162 -4920.834473 3042.986084
v  1123.000122 -4411.223145 2414.533691
v  292.000122 -4539.740723 2340.640869
v  424.000275 -3678.195557 4183.755371
v  688.000183 -5028.981445 3550.975586
v  1271.000122 -5369.368164 -3215.447754
v  1472.000122 -5409.545410 -2967.666016
v  0.000103 -5596.573242 -2650.892090
v  -5932.979492 -2121.875977 -3197.546631
v  -5635.357422 -1967.527100 -2862.775879
v  0.000009 -5255.124512 1186.491821
v  -1205.000000 -5255.124512 1186.491821
v  -1205.000000 -5255.124512 1186.491821
v  0.000028 -5499.089355 491.939728
v  0.000009 -5255.124512 1186.491821
v  -1227.000000 -5499.089355 491.939697
v  1226.000000 -5499.089355 491.939728
v  1204.000000 -5255.124512 1186.491699
v  1204.000000 -5255.124512 1186.491699
v  -5730.147461 -1903.090698 -2349.415771
v  0.000082 -5605.485840 -1728.015991
v  -5572.554199 -2329.568604 -3579.325928
v  -5133.198730 -2116.373291 -3094.619385
v  0.000046 -5626.313477 -144.974335
v  -1249.000000 -5626.313477 -144.974350
v  0.000068 -5719.677734 -878.558411
v  0.000068 -5719.677734 -878.558411
v  -1269.999878 -5719.677734 -878.558411
v  1248.000000 -5626.313477 -144.974304
v  -5349.854980 -1970.032715 -1926.520630
v  1271.000122 -5719.677734 -878.558350
v  858.000183 -3061.034180 3046.511230
v  1123.000122 -4411.223145 2414.533691
v  424.000275 -3678.195557 4183.755371
v  688.000183 -5028.981445 3550.975586
v  1103.000244 -3363.103027 3794.759521
v  1367.000122 -4713.888672 3161.979736
v  294.423279 -4536.999023 2341.211914
v  386.154907 -5003.270508 2122.797119
v  25.289066 -4918.873047 3043.402832
v  117.020699 -5385.144531 2824.987793
v  1215.096313 -4875.215332 2197.570801
v  386.154907 -5003.270508 2122.797119
v  117.020699 -5385.144531 2824.987793
v  689.593018 -5026.474609 3552.110107
v  781.325134 -5492.321777 3332.789795
v  1123.364746 -4408.943848 2415.985596
v  1215.096313 -4875.215332 2197.570801
v  294.423279 -4536.999023 2341.211914
v  1123.364746 -4408.943848 2415.985596
v  689.593018 -5026.474609 3552.110107
v  781.325134 -5492.321777 3332.789795
v  1368.135254 -4710.980469 3163.573242
v  1459.866943 -5177.251953 2945.158447
v  115.000137 -5387.600098 2824.396240
v  449.000122 -5644.387207 2611.610840
v  780.000183 -5495.150391 3333.187988
v  850.000122 -5709.361328 2917.964111
v  1188.000122 -5859.054199 2472.187256
v  1259.000122 -5519.861328 2683.488525
v  918.000122 -5984.050293 2627.509766
v  850.000122 -5709.361328 2917.964111
v  383.000092 -5005.704590 2121.454102
v  1111.000122 -5337.933594 2232.782227
v  611.000061 -5414.365234 2188.688965
v  1214.000122 -4877.988770 2195.943848
v  1091.000122 -5738.111328 2174.048584
v  760.000061 -5789.600586 2145.051025
v  760.000061 -5789.600586 2145.051025
v  1091.000122 -5738.111328 2174.048584
v  1259.000122 -5519.861328 2683.488525
v  1459.000122 -5180.057617 2944.192139
v  1188.000122 -5859.054199 2472.187256
v  1214.000122 -4877.988770 2195.943848
v  383.000092 -5005.704590 2121.454102
v  653.000122 -5941.474609 2425.071289
v  918.000122 -5984.050293 2627.509766
v  1459.000122 -5180.057617 2944.192139
v  780.000183 -5495.150391 3333.187988

vt  0.609375 -0.750000 0.000000
vt  0.570313 -0.781250 0.000000
vt  0.531250 -0.750000 0.000000
vt  0.257813 -0.476563 0.000000
vt  0.203125 -0.515625 0.000000
vt  0.148438 -0.476563 0.000000
vt  0.570313 -0.781250 0.000000
vt  0.531250 -0.750000 0.000000
vt  0.609375 -0.750000 0.000000
vt  0.570313 -0.781250 0.000000
vt  0.609375 -0.750000 0.000000
vt  0.531250 -0.750000 0.000000
vt  0.531250 -0.750000 0.000000
vt  0.570313 -0.781250 0.000000
vt  0.609375 -0.750000 0.000000
vt  0.257813 -0.476563 0.000000
vt  0.203125 -0.515625 0.000000
vt  0.148438 -0.476563 0.000000
vt  0.609375 -0.750000 0.000000
vt  0.531250 -0.750000 0.000000
vt  0.570313 -0.781250 0.000000
vt  0.257813 -0.476563 0.000000
vt  0.148438 -0.476563 0.000000
vt  0.203125 -0.515625 0.000000
vt  0.257813 -0.476563 0.000000
vt  0.148438 -0.476563 0.000000
vt  0.203125 -0.515625 0.000000
vt  0.531250 -0.750000 0.000000
vt  0.609375 -0.750000 0.000000
vt  0.570313 -0.781250 0.000000
vt  0.570313 -0.781250 0.000000
vt  0.609375 -0.750000 0.000000
vt  0.531250 -0.750000 0.000000
vt  0.570313 -0.781250 0.000000
vt  0.531250 -0.750000 0.000000
vt  0.609375 -0.750000 0.000000
vt  0.570313 -0.773438 0.000000
vt  0.531250 -0.750000 0.000000
vt  0.601563 -0.750000 0.000000
vt  0.695313 -0.812500 0.000000
vt  0.718750 -0.828125 0.000000
vt  0.664063 -0.828125 0.000000
vt  0.570313 -0.773438 0.000000
vt  0.539063 -0.750000 0.000000
vt  0.609375 -0.750000 0.000000
vt  0.687500 -0.812500 0.000000
vt  0.664063 -0.828125 0.000000
vt  0.718750 -0.828125 0.000000
vt  0.570313 -0.773438 0.000000
vt  0.601563 -0.750000 0.000000
vt  0.531250 -0.750000 0.000000
vt  0.570313 -0.781250 0.000000
vt  0.539063 -0.750000 0.000000
vt  0.601563 -0.750000 0.000000
vt  0.570313 -0.773438 0.000000
vt  0.609375 -0.750000 0.000000
vt  0.539063 -0.750000 0.000000
vt  0.570313 -0.773438 0.000000
vt  0.539063 -0.750000 0.000000
vt  0.601563 -0.750000 0.000000
vt  0.570313 -0.773438 0.000000
vt  0.601563 -0.750000 0.000000
vt  0.539063 -0.750000 0.000000
vt  0.539063 -0.750000 0.000000
vt  0.570313 -0.781250 0.000000
vt  0.601563 -0.750000 0.000000
vt  0.593750 -0.054688 0.000000
vt  0.648438 -0.015625 0.000000
vt  0.632813 -0.007813 0.000000
vt  0.007813 -0.890625 0.000000
vt  0.039063 -0.992188 0.000000
vt  0.039063 -0.890625 0.000000
vt  0.593750 -0.265625 0.000000
vt  0.562500 -0.289063 0.000000
vt  0.593750 -0.234375 0.000000
vt  0.562500 -0.210938 0.000000
vt  0.531250 -0.210938 0.000000
vt  0.531250 -0.289063 0.000000
vt  0.570313 -0.203125 0.000000
vt  0.531250 -0.203125 0.000000
vt  0.593750 -0.226563 0.000000
vt  0.570313 -0.296875 0.000000
vt  0.531250 -0.296875 0.000000
vt  0.593750 -0.273438 0.000000
vt  0.007813 -0.984375 0.000000
vt  0.593750 -0.125000 0.000000
vt  0.718750 -0.179688 0.000000
vt  0.773438 -0.125000 0.000000
vt  0.625000 -0.203125 0.000000
vt  0.585938 -0.171875 0.000000
vt  0.648438 -0.187500 0.000000
vt  0.414063 -0.812500 0.000000
vt  0.382813 -0.984375 0.000000
vt  0.507813 -0.851563 0.000000
vt  0.585938 -0.328125 0.000000
vt  0.625000 -0.296875 0.000000
vt  0.335938 -0.890625 0.000000
vt  0.007813 -0.796875 0.000000
vt  0.039063 -0.796875 0.000000
vt  0.593750 -0.265625 0.000000
vt  0.562500 -0.289063 0.000000
vt  0.593750 -0.234375 0.000000
vt  0.562500 -0.210938 0.000000
vt  0.531250 -0.210938 0.000000
vt  0.531250 -0.289063 0.000000
vt  0.570313 -0.203125 0.000000
vt  0.531250 -0.515625 0.000000
vt  0.421875 -0.468750 0.000000
vt  0.578125 -0.468750 0.000000
vt  0.468750 -0.515625 0.000000
vt  0.007813 -0.890625 0.000000
vt  0.039063 -0.789063 0.000000
vt  0.039063 -0.890625 0.000000
vt  0.523438 -0.171875 0.000000
vt  0.007813 -0.796875 0.000000
vt  0.007813 -0.695313 0.000000
vt  0.039063 -0.695313 0.000000
vt  0.507813 -0.234375 0.000000
vt  0.507813 -0.265625 0.000000
vt  0.507813 -0.234375 0.000000
vt  0.531250 -0.203125 0.000000
vt  0.984375 -0.953125 0.000000
vt  0.835938 -0.968750 0.000000
vt  0.984375 -0.976563 0.000000
vt  0.835938 -0.968750 0.000000
vt  0.984375 -0.953125 0.000000
vt  0.835938 -0.968750 0.000000
vt  0.992188 -0.976563 0.000000
vt  0.835938 -0.968750 0.000000
vt  0.945313 -0.890625 0.000000
vt  0.992188 -0.929688 0.000000
vt  0.992188 -0.890625 0.000000
vt  0.945313 -0.890625 0.000000
vt  0.898438 -0.875000 0.000000
vt  0.906250 -0.843750 0.000000
vt  0.593750 -0.226563 0.000000
vt  0.570313 -0.296875 0.000000
vt  0.976563 -0.945313 0.000000
vt  0.929688 -0.945313 0.000000
vt  0.531250 -0.296875 0.000000
vt  0.507813 -0.265625 0.000000
vt  0.523438 -0.328125 0.000000
vt  0.476563 -0.281250 0.000000
vt  0.593750 -0.273438 0.000000
vt  0.625000 -0.203125 0.000000
vt  0.585938 -0.171875 0.000000
vt  0.929688 -0.945313 0.000000
vt  0.585938 -0.335938 0.000000
vt  0.625000 -0.296875 0.000000
vt  0.898438 -0.875000 0.000000
vt  0.906250 -0.843750 0.000000
vt  0.523438 -0.171875 0.000000
vt  0.507813 -0.234375 0.000000
vt  0.507813 -0.265625 0.000000
vt  0.476563 -0.218750 0.000000
vt  0.421875 -0.406250 0.000000
vt  0.578125 -0.406250 0.000000
vt  0.195313 -0.984375 0.000000
vt  0.234375 -0.890625 0.000000
vt  0.062500 -0.851563 0.000000
vt  0.507813 -0.234375 0.000000
vt  0.507813 -0.265625 0.000000
vt  0.515625 -0.328125 0.000000
vt  0.468750 -0.281250 0.000000
vt  0.906250 -0.570313 0.000000
vt  0.867188 -0.453125 0.000000
vt  0.867188 -0.593750 0.000000
vt  0.773438 -0.484375 0.000000
vt  0.796875 -0.523438 0.000000
vt  0.796875 -0.453125 0.000000
vt  0.796875 -0.593750 0.000000
vt  0.476563 -0.218750 0.000000
vt  0.234375 -0.632813 0.000000
vt  0.187500 -0.539063 0.000000
vt  0.335938 -0.632813 0.000000
vt  0.375000 -0.531250 0.000000
vt  0.156250 -0.812500 0.000000
vt  0.414063 -0.710938 0.000000
vt  0.507813 -0.664063 0.000000
vt  0.156250 -0.710938 0.000000
vt  0.062500 -0.671875 0.000000
vt  0.007813 -0.695313 0.000000
vt  0.039063 -0.695313 0.000000
vt  0.007813 -0.601563 0.000000
vt  0.039063 -0.601563 0.000000
vt  0.156250 -0.812500 0.000000
vt  0.062500 -0.851563 0.000000
vt  0.007813 -0.796875 0.000000
vt  0.039063 -0.796875 0.000000
vt  0.007813 -0.695313 0.000000
vt  0.796875 -0.593750 0.000000
vt  0.796875 -0.523438 0.000000
vt  0.867188 -0.593750 0.000000
vt  0.773438 -0.484375 0.000000
vt  0.796875 -0.453125 0.000000
vt  0.906250 -0.570313 0.000000
vt  0.867188 -0.453125 0.000000
vt  0.039063 -0.695313 0.000000
vt  0.421875 -0.406250 0.000000
vt  0.578125 -0.406250 0.000000
vt  0.468750 -0.359375 0.000000
vt  0.796875 -0.328125 0.000000
vt  0.531250 -0.359375 0.000000
vt  0.414063 -0.710938 0.000000
vt  0.507813 -0.664063 0.000000
vt  0.773438 -0.054688 0.000000
vt  0.593750 -0.054688 0.000000
vt  0.648438 -0.015625 0.000000
vt  0.773438 -0.054688 0.000000
vt  0.718750 -0.015625 0.000000
vt  0.593750 -0.125000 0.000000
vt  0.773438 -0.125000 0.000000
vt  0.414063 -0.812500 0.000000
vt  0.507813 -0.851563 0.000000
vt  0.718750 -0.015625 0.000000
vt  0.234375 -0.890625 0.000000
vt  0.195313 -0.984375 0.000000
vt  0.335938 -0.890625 0.000000
vt  0.382813 -0.984375 0.000000
vt  0.421875 -0.468750 0.000000
vt  0.578125 -0.468750 0.000000
vt  0.007813 -0.796875 0.000000
vt  0.039063 -0.796875 0.000000
vt  0.007813 -0.890625 0.000000
vt  0.039063 -0.890625 0.000000
vt  0.039063 -0.789063 0.000000
vt  0.531250 -0.515625 0.000000
vt  0.468750 -0.515625 0.000000
vt  0.796875 -0.328125 0.000000
vt  0.007813 -0.890625 0.000000
vt  0.039063 -0.890625 0.000000
vt  0.335938 -0.632813 0.000000
vt  0.375000 -0.531250 0.000000
vt  0.648438 -0.187500 0.000000
vt  0.718750 -0.179688 0.000000
vt  0.007813 -0.984375 0.000000
vt  0.039063 -0.992188 0.000000
vt  0.531250 -0.359375 0.000000
vt  0.468750 -0.359375 0.000000
vt  0.007813 -0.601563 0.000000
vt  0.039063 -0.601563 0.000000
vt  0.039063 -0.695313 0.000000
vt  0.039063 -0.796875 0.000000
vt  0.007813 -0.695313 0.000000
vt  0.062500 -0.671875 0.000000
vt  0.156250 -0.710938 0.000000
vt  0.187500 -0.539063 0.000000
vt  0.234375 -0.632813 0.000000
vt  0.507813 -0.265625 0.000000
vt  0.476563 -0.218750 0.000000
vt  0.468750 -0.281250 0.000000
vt  0.632813 -0.007813 0.000000
vt  0.734375 -0.007813 0.000000
vt  0.507813 -0.234375 0.000000
vt  0.523438 -0.171875 0.000000
vt  0.531250 -0.203125 0.000000
vt  0.695313 -0.812500 0.000000
vt  0.664063 -0.828125 0.000000
vt  0.718750 -0.828125 0.000000
vt  0.570313 -0.773438 0.000000
vt  0.601563 -0.750000 0.000000
vt  0.531250 -0.750000 0.000000
vt  0.570313 -0.781250 0.000000
vt  0.601563 -0.750000 0.000000
vt  0.539063 -0.750000 0.000000
vt  0.531250 -0.750000 0.000000
vt  0.601563 -0.750000 0.000000
vt  0.570313 -0.773438 0.000000
vt  0.539063 -0.750000 0.000000
vt  0.601563 -0.750000 0.000000
vt  0.570313 -0.781250 0.000000
vt  0.687500 -0.812500 0.000000
vt  0.718750 -0.828125 0.000000
vt  0.664063 -0.828125 0.000000
vt  0.570313 -0.773438 0.000000
vt  0.609375 -0.750000 0.000000
vt  0.539063 -0.750000 0.000000
vt  0.570313 -0.773438 0.000000
vt  0.601563 -0.750000 0.000000
vt  0.539063 -0.750000 0.000000
vt  0.570313 -0.773438 0.000000
vt  0.539063 -0.750000 0.000000
vt  0.609375 -0.750000 0.000000
vt  0.570313 -0.773438 0.000000
vt  0.539063 -0.750000 0.000000
vt  0.601563 -0.750000 0.000000
vt  0.507813 -0.234375 0.000000
vt  0.507813 -0.265625 0.000000
vt  0.531250 -0.296875 0.000000
vt  0.515625 -0.328125 0.000000
vt  0.570313 -0.296875 0.000000
vt  0.585938 -0.335938 0.000000
vt  0.531250 -0.289063 0.000000
vt  0.531250 -0.210938 0.000000
vt  0.585938 -0.171875 0.000000
vt  0.234375 -0.632813 0.000000
vt  0.187500 -0.539063 0.000000
vt  0.335938 -0.632813 0.000000
vt  0.375000 -0.539063 0.000000
vt  0.156250 -0.710938 0.000000
vt  0.062500 -0.671875 0.000000
vt  0.007813 -0.695313 0.000000
vt  0.039063 -0.695313 0.000000
vt  0.007813 -0.593750 0.000000
vt  0.046875 -0.601563 0.000000
vt  0.156250 -0.812500 0.000000
vt  0.062500 -0.859375 0.000000
vt  0.007813 -0.796875 0.000000
vt  0.039063 -0.796875 0.000000
vt  0.007813 -0.601563 0.000000
vt  0.039063 -0.601563 0.000000
vt  0.007813 -0.695313 0.000000
vt  0.039063 -0.695313 0.000000
vt  0.421875 -0.406250 0.000000
vt  0.578125 -0.406250 0.000000
vt  0.468750 -0.359375 0.000000
vt  0.531250 -0.359375 0.000000
vt  0.414063 -0.710938 0.000000
vt  0.507813 -0.671875 0.000000
vt  0.570313 -0.203125 0.000000
vt  0.593750 -0.265625 0.000000
vt  0.593750 -0.226563 0.000000
vt  0.593750 -0.234375 0.000000
vt  0.593750 -0.273438 0.000000
vt  0.156250 -0.343750 0.000000
vt  0.234375 -0.414063 0.000000
vt  0.171875 -0.414063 0.000000
vt  0.250000 -0.351563 0.000000
vt  0.078125 -0.367188 0.000000
vt  0.109375 -0.429688 0.000000
vt  0.546875 -0.710938 0.000000
vt  0.593750 -0.710938 0.000000
vt  0.296875 -0.429688 0.000000
vt  0.328125 -0.367188 0.000000
vt  0.007813 -0.414063 0.000000
vt  0.046875 -0.468750 0.000000
vt  0.359375 -0.468750 0.000000
vt  0.406250 -0.414063 0.000000
vt  0.007813 -0.187500 0.000000
vt  0.085938 -0.335938 0.000000
vt  0.007813 -0.328125 0.000000
vt  0.085938 -0.187500 0.000000
vt  0.351563 -0.187500 0.000000
vt  0.437500 -0.335938 0.000000
vt  0.351563 -0.335938 0.000000
vt  0.437500 -0.187500 0.000000
vt  0.546875 -0.710938 0.000000
vt  0.593750 -0.710938 0.000000
vt  0.593750 -0.710938 0.000000
vt  0.546875 -0.710938 0.000000
vt  0.171875 -0.335938 0.000000
vt  0.171875 -0.187500 0.000000
vt  0.265625 -0.187500 0.000000
vt  0.265625 -0.335938 0.000000
vt  0.234375 -0.414063 0.000000
vt  0.156250 -0.343750 0.000000
vt  0.250000 -0.343750 0.000000
vt  0.171875 -0.414063 0.000000
vt  0.593750 -0.710938 0.000000
vt  0.546875 -0.710938 0.000000
vt  0.296875 -0.429688 0.000000
vt  0.250000 -0.351563 0.000000
vt  0.328125 -0.367188 0.000000
vt  0.078125 -0.367188 0.000000
vt  0.109375 -0.429688 0.000000
vt  0.359375 -0.468750 0.000000
vt  0.406250 -0.414063 0.000000
vt  0.007813 -0.414063 0.000000
vt  0.046875 -0.468750 0.000000
vt  0.250000 -0.351563 0.000000
vt  0.171875 -0.414063 0.000000
vt  0.234375 -0.414063 0.000000
vt  0.156250 -0.343750 0.000000
vt  0.328125 -0.367188 0.000000
vt  0.296875 -0.429688 0.000000
vt  0.593750 -0.710938 0.000000
vt  0.546875 -0.710938 0.000000
vt  0.406250 -0.414063 0.000000
vt  0.359375 -0.468750 0.000000
vt  0.109375 -0.429688 0.000000
vt  0.078125 -0.367188 0.000000
vt  0.046875 -0.468750 0.000000
vt  0.007813 -0.414063 0.000000
vt  0.171875 -0.414063 0.000000
vt  0.250000 -0.343750 0.000000
vt  0.156250 -0.343750 0.000000
vt  0.234375 -0.414063 0.000000
vt  0.109375 -0.429688 0.000000
vt  0.078125 -0.367188 0.000000
vt  0.046875 -0.468750 0.000000
vt  0.007813 -0.414063 0.000000
vt  0.328125 -0.367188 0.000000
vt  0.250000 -0.351563 0.000000
vt  0.296875 -0.429688 0.000000
vt  0.546875 -0.710938 0.000000
vt  0.593750 -0.710938 0.000000
vt  0.406250 -0.414063 0.000000
vt  0.359375 -0.468750 0.000000
vt  0.085938 -0.187500 0.000000
vt  0.007813 -0.328125 0.000000
vt  0.085938 -0.335938 0.000000
vt  0.007813 -0.187500 0.000000
vt  0.171875 -0.187500 0.000000
vt  0.171875 -0.335938 0.000000
vt  0.593750 -0.710938 0.000000
vt  0.546875 -0.710938 0.000000
vt  0.265625 -0.187500 0.000000
vt  0.265625 -0.335938 0.000000
vt  0.437500 -0.187500 0.000000
vt  0.351563 -0.335938 0.000000
vt  0.437500 -0.335938 0.000000
vt  0.351563 -0.187500 0.000000
vt  0.546875 -0.710938 0.000000
vt  0.593750 -0.710938 0.000000
vt  0.625000 -0.296875 0.000000
vt  0.625000 -0.203125 0.000000
vt  0.593750 -0.054688 0.000000
vt  0.648438 -0.015625 0.000000
vt  0.773438 -0.054688 0.000000
vt  0.718750 -0.015625 0.000000
vt  0.562500 -0.289063 0.000000
vt  0.562500 -0.210938 0.000000
vt  0.593750 -0.125000 0.000000
vt  0.781250 -0.125000 0.000000
vt  0.414063 -0.812500 0.000000
vt  0.515625 -0.851563 0.000000
vt  0.234375 -0.890625 0.000000
vt  0.195313 -0.992188 0.000000
vt  0.335938 -0.890625 0.000000
vt  0.382813 -0.984375 0.000000
vt  0.421875 -0.468750 0.000000
vt  0.585938 -0.468750 0.000000
vt  0.007813 -0.796875 0.000000
vt  0.039063 -0.796875 0.000000
vt  0.007813 -0.890625 0.000000
vt  0.039063 -0.890625 0.000000
vt  0.531250 -0.515625 0.000000
vt  0.468750 -0.523438 0.000000
vt  0.007813 -0.890625 0.000000
vt  0.039063 -0.890625 0.000000
vt  0.648438 -0.179688 0.000000
vt  0.718750 -0.179688 0.000000
vt  0.773438 -0.054688 0.000000
vt  0.734375 -0.000000 0.000000
vt  0.718750 -0.015625 0.000000
vt  0.593750 -0.054688 0.000000
vt  0.648438 -0.015625 0.000000
vt  0.632813 -0.007813 0.000000
vt  0.007813 -0.984375 0.000000
vt  0.039063 -0.984375 0.000000
vt  0.007813 -0.890625 0.000000
vt  0.039063 -0.984375 0.000000
vt  0.039063 -0.890625 0.000000
vt  0.007813 -0.984375 0.000000
vt  0.593750 -0.125000 0.000000
vt  0.718750 -0.179688 0.000000
vt  0.781250 -0.125000 0.000000
vt  0.648438 -0.179688 0.000000
vt  0.414063 -0.812500 0.000000
vt  0.382813 -0.984375 0.000000
vt  0.515625 -0.851563 0.000000
vt  0.335938 -0.890625 0.000000
vt  0.007813 -0.796875 0.000000
vt  0.039063 -0.796875 0.000000
vt  0.531250 -0.515625 0.000000
vt  0.421875 -0.468750 0.000000
vt  0.585938 -0.468750 0.000000
vt  0.468750 -0.523438 0.000000
vt  0.007813 -0.890625 0.000000
vt  0.039063 -0.796875 0.000000
vt  0.039063 -0.890625 0.000000
vt  0.007813 -0.796875 0.000000
vt  0.007813 -0.695313 0.000000
vt  0.039063 -0.695313 0.000000
vt  0.421875 -0.406250 0.000000
vt  0.578125 -0.406250 0.000000
vt  0.195313 -0.992188 0.000000
vt  0.234375 -0.890625 0.000000
vt  0.062500 -0.859375 0.000000
vt  0.156250 -0.812500 0.000000
vt  0.414063 -0.710938 0.000000
vt  0.507813 -0.671875 0.000000
vt  0.820313 -0.906250 0.000000
vt  0.718750 -0.906250 0.000000
vt  0.773438 -0.875000 0.000000
vt  0.742188 -0.953125 0.000000
vt  0.710938 -0.867188 0.000000
vt  0.742188 -0.843750 0.000000
vt  0.804688 -0.820313 0.000000
vt  0.757813 -0.812500 0.000000
vt  0.859375 -0.820313 0.000000
vt  0.546875 -0.710938 0.000000
vt  0.593750 -0.710938 0.000000
vt  0.710938 -0.867188 0.000000
vt  0.671875 -0.867188 0.000000
vt  0.671875 -0.867188 0.000000
vt  0.664063 -0.906250 0.000000
vt  0.640625 -0.960938 0.000000
vt  0.640625 -0.843750 0.000000
vt  0.578125 -0.820313 0.000000
vt  0.609375 -0.875000 0.000000
vt  0.625000 -0.812500 0.000000
vt  0.531250 -0.820313 0.000000
vt  0.562500 -0.906250 0.000000
vt  0.609375 -0.875000 0.000000
vt  0.562500 -0.906250 0.000000
vt  0.640625 -0.843750 0.000000
vt  0.820313 -0.906250 0.000000
vt  0.804688 -0.820313 0.000000
vt  0.773438 -0.875000 0.000000
vt  0.859375 -0.820313 0.000000
vt  0.757813 -0.812500 0.000000
vt  0.742188 -0.843750 0.000000
vt  0.718750 -0.906250 0.000000
vt  0.710938 -0.867188 0.000000
vt  0.742188 -0.953125 0.000000
vt  0.546875 -0.710938 0.000000
vt  0.593750 -0.710938 0.000000
vt  0.671875 -0.867188 0.000000
vt  0.609375 -0.875000 0.000000
vt  0.531250 -0.820313 0.000000
vt  0.562500 -0.906250 0.000000
vt  0.578125 -0.820313 0.000000
vt  0.640625 -0.843750 0.000000
vt  0.625000 -0.812500 0.000000
vt  0.664063 -0.906250 0.000000
vt  0.640625 -0.960938 0.000000
vt  0.593750 -0.710938 0.000000
vt  0.546875 -0.710938 0.000000
vt  0.695313 -0.796875 0.000000
vt  0.812500 -0.726563 0.000000
vt  0.695313 -0.726563 0.000000
vt  0.812500 -0.789063 0.000000
vt  0.812500 -0.789063 0.000000
vt  0.812500 -0.726563 0.000000
vt  0.695313 -0.789063 0.000000
vt  0.695313 -0.726563 0.000000
vt  0.695313 -0.789063 0.000000
vt  0.812500 -0.718750 0.000000
vt  0.687500 -0.726563 0.000000
vt  0.812500 -0.789063 0.000000
vt  0.695313 -0.726563 0.000000
vt  0.546875 -0.710938 0.000000
vt  0.593750 -0.710938 0.000000
vt  0.695313 -0.789063 0.000000
vt  0.812500 -0.726563 0.000000
vt  0.695313 -0.726563 0.000000
vt  0.812500 -0.789063 0.000000
vt  0.593750 -0.710938 0.000000
vt  0.546875 -0.710938 0.000000
vt  0.695313 -0.726563 0.000000
vt  0.695313 -0.789063 0.000000
vt  0.812500 -0.726563 0.000000
vt  0.812500 -0.789063 0.000000
vt  0.695313 -0.789063 0.000000
vt  0.812500 -0.726563 0.000000
vt  0.695313 -0.726563 0.000000
vt  0.812500 -0.789063 0.000000
vt  0.546875 -0.710938 0.000000
vt  0.593750 -0.710938 0.000000
vt  0.007813 -0.148438 0.000000
vt  0.101563 -0.007813 0.000000
vt  0.007813 -0.007813 0.000000
vt  0.101563 -0.148438 0.000000
vt  0.593750 -0.710938 0.000000
vt  0.546875 -0.710938 0.000000
vt  0.195313 -0.007813 0.000000
vt  0.195313 -0.148438 0.000000
vt  0.296875 -0.007813 0.000000
vt  0.296875 -0.148438 0.000000
vt  0.390625 -0.148438 0.000000
vt  0.484375 -0.000000 0.000000
vt  0.390625 -0.007813 0.000000
vt  0.492188 -0.148438 0.000000
vt  0.593750 -0.710938 0.000000
vt  0.546875 -0.710938 0.000000
vt  0.195313 -0.171875 0.000000
vt  0.296875 -0.007813 0.000000
vt  0.195313 -0.007813 0.000000
vt  0.296875 -0.171875 0.000000
vt  0.101563 -0.171875 0.000000
vt  0.101563 -0.007813 0.000000
vt  0.007813 -0.179688 0.000000
vt  0.007813 -0.007813 0.000000
vt  0.390625 -0.171875 0.000000
vt  0.484375 -0.007813 0.000000
vt  0.390625 -0.007813 0.000000
vt  0.484375 -0.171875 0.000000
vt  0.632813 -0.007813 0.000000
vt  0.156250 -0.710938 0.000000
vt  0.734375 -0.000000 0.000000
vt  0.335938 -0.632813 0.000000
vt  0.375000 -0.539063 0.000000
vt  0.531250 -0.359375 0.000000
vt  0.468750 -0.359375 0.000000
vt  0.007813 -0.601563 0.000000
vt  0.039063 -0.601563 0.000000
vt  0.039063 -0.695313 0.000000
vt  0.007813 -0.695313 0.000000
vt  0.062500 -0.671875 0.000000
vt  0.046875 -0.601563 0.000000
vt  0.007813 -0.593750 0.000000
vt  0.187500 -0.539063 0.000000
vt  0.234375 -0.632813 0.000000
vt  0.507813 -0.265625 0.000000
vt  0.476563 -0.218750 0.000000
vt  0.476563 -0.281250 0.000000
vt  0.507813 -0.234375 0.000000
vt  0.523438 -0.171875 0.000000
vt  0.531250 -0.203125 0.000000
vt  0.507813 -0.234375 0.000000
vt  0.507813 -0.265625 0.000000
vt  0.531250 -0.296875 0.000000
vt  0.523438 -0.328125 0.000000
vt  0.570313 -0.296875 0.000000
vt  0.585938 -0.328125 0.000000
vt  0.296875 -0.148438 0.000000
vt  0.296875 -0.007813 0.000000
vt  0.390625 -0.148438 0.000000
vt  0.390625 -0.007813 0.000000
vt  0.812500 -0.945313 0.000000
vt  0.976563 -0.992188 0.000000
vt  0.984375 -0.976563 0.000000
vt  0.812500 -0.984375 0.000000
vt  0.593750 -0.710938 0.000000
vt  0.546875 -0.710938 0.000000
vt  0.976563 -0.945313 0.000000
vt  0.812500 -0.945313 0.000000
vt  0.976563 -0.992188 0.000000
vt  0.812500 -0.984375 0.000000
vt  0.492188 -0.148438 0.000000
vt  0.484375 -0.000000 0.000000
vt  0.195313 -0.148438 0.000000
vt  0.195313 -0.007813 0.000000
vt  0.101563 -0.148438 0.000000
vt  0.101563 -0.007813 0.000000
vt  0.734375 -0.007813 0.000000
vt  0.007813 -0.148438 0.000000
vt  0.007813 -0.007813 0.000000
vt  0.812500 -0.789063 0.000000
vt  0.812500 -0.726563 0.000000
vt  0.695313 -0.789063 0.000000
vt  0.671875 -0.234375 0.000000
vt  0.750000 -0.343750 0.000000
vt  0.750000 -0.210938 0.000000
vt  0.656250 -0.343750 0.000000
vt  0.671875 -0.234375 0.000000
vt  0.656250 -0.343750 0.000000
vt  0.695313 -0.726563 0.000000
vt  0.593750 -0.710938 0.000000
vt  0.546875 -0.710938 0.000000
vt  0.812500 -0.789063 0.000000
vt  0.812500 -0.726563 0.000000
vt  0.695313 -0.789063 0.000000
vt  0.695313 -0.726563 0.000000
vt  0.546875 -0.710938 0.000000
vt  0.593750 -0.710938 0.000000
vt  0.812500 -0.789063 0.000000
vt  0.812500 -0.726563 0.000000
vt  0.695313 -0.789063 0.000000
vt  0.695313 -0.726563 0.000000
vt  0.820313 -0.906250 0.000000
vt  0.773438 -0.875000 0.000000
vt  0.859375 -0.820313 0.000000
vt  0.804688 -0.820313 0.000000
vt  0.757813 -0.812500 0.000000
vt  0.742188 -0.843750 0.000000
vt  0.640625 -0.843750 0.000000
vt  0.609375 -0.875000 0.000000
vt  0.625000 -0.812500 0.000000
vt  0.578125 -0.820313 0.000000
vt  0.531250 -0.820313 0.000000
vt  0.562500 -0.906250 0.000000
vt  0.742188 -0.953125 0.000000
vt  0.718750 -0.906250 0.000000
vt  0.812500 -0.984375 0.000000
vt  0.812500 -0.945313 0.000000
vt  0.593750 -0.234375 0.000000
vt  0.562500 -0.210938 0.000000
vt  0.593750 -0.265625 0.000000
vt  0.812500 -0.984375 0.000000
vt  0.562500 -0.289063 0.000000
vt  0.531250 -0.289063 0.000000
vt  0.531250 -0.210938 0.000000
vt  0.812500 -0.945313 0.000000
vt  0.992188 -0.843750 0.000000
vt  0.796875 -0.671875 0.000000
vt  0.992188 -0.671875 0.000000
vt  0.992188 -0.593750 0.000000
vt  0.773438 -0.632813 0.000000
vt  0.710938 -0.867188 0.000000
vt  0.546875 -0.710938 0.000000
vt  0.593750 -0.710938 0.000000
vt  0.671875 -0.867188 0.000000
vt  0.664063 -0.906250 0.000000
vt  0.750000 -0.554688 0.000000
vt  0.648438 -0.554688 0.000000
vt  0.648438 -0.554688 0.000000
vt  0.640625 -0.960938 0.000000
vt  0.296875 -0.171875 0.000000
vt  0.296875 -0.007813 0.000000
vt  0.390625 -0.171875 0.000000
vt  0.390625 -0.007813 0.000000
vt  0.593750 -0.710938 0.000000
vt  0.546875 -0.710938 0.000000
vt  0.484375 -0.171875 0.000000
vt  0.484375 -0.007813 0.000000
vt  0.796875 -0.671875 0.000000
vt  0.773438 -0.632813 0.000000
vt  0.992188 -0.570313 0.000000
vt  0.570313 -0.203125 0.000000
vt  0.593750 -0.226563 0.000000
vt  0.750000 -0.718750 0.000000
vt  0.656250 -0.718750 0.000000
vt  0.804688 -0.000000 0.000000
vt  0.992188 -0.117188 0.000000
vt  0.992188 -0.000000 0.000000
vt  0.804688 -0.117188 0.000000
vt  0.804688 -0.117188 0.000000
vt  0.804688 -0.000000 0.000000
vt  0.656250 -0.718750 0.000000
vt  0.593750 -0.273438 0.000000
vt  0.992188 -0.453125 0.000000
vt  0.585938 -0.171875 0.000000
vt  0.625000 -0.203125 0.000000
vt  0.992188 -0.203125 0.000000
vt  0.804688 -0.203125 0.000000
vt  0.992188 -0.328125 0.000000
vt  0.992188 -0.312500 0.000000
vt  0.804688 -0.312500 0.000000
vt  0.804688 -0.203125 0.000000
vt  0.625000 -0.296875 0.000000
vt  0.804688 -0.312500 0.000000
vt  0.195313 -0.171875 0.000000
vt  0.195313 -0.007813 0.000000
vt  0.007813 -0.179688 0.000000
vt  0.007813 -0.007813 0.000000
vt  0.101563 -0.171875 0.000000
vt  0.101563 -0.007813 0.000000
vt  0.812500 -0.789063 0.000000
vt  0.812500 -0.726563 0.000000
vt  0.695313 -0.789063 0.000000
vt  0.695313 -0.726563 0.000000
vt  0.593750 -0.710938 0.000000
vt  0.546875 -0.710938 0.000000
vt  0.687500 -0.726563 0.000000
vt  0.812500 -0.789063 0.000000
vt  0.812500 -0.718750 0.000000
vt  0.695313 -0.796875 0.000000
vt  0.695313 -0.726563 0.000000
vt  0.546875 -0.710938 0.000000
vt  0.593750 -0.710938 0.000000
vt  0.695313 -0.789063 0.000000
vt  0.695313 -0.726563 0.000000
vt  0.812500 -0.789063 0.000000
vt  0.812500 -0.726563 0.000000
vt  0.640625 -0.960938 0.000000
vt  0.664063 -0.906250 0.000000
vt  0.562500 -0.906250 0.000000
vt  0.609375 -0.875000 0.000000
vt  0.640625 -0.843750 0.000000
vt  0.609375 -0.875000 0.000000
vt  0.625000 -0.812500 0.000000
vt  0.578125 -0.820313 0.000000
vt  0.742188 -0.953125 0.000000
vt  0.773438 -0.875000 0.000000
vt  0.718750 -0.906250 0.000000
vt  0.820313 -0.906250 0.000000
vt  0.742188 -0.843750 0.000000
vt  0.710938 -0.867188 0.000000
vt  0.671875 -0.867188 0.000000
vt  0.710938 -0.867188 0.000000
vt  0.804688 -0.820313 0.000000
vt  0.859375 -0.820313 0.000000
vt  0.757813 -0.812500 0.000000
vt  0.593750 -0.710938 0.000000
vt  0.546875 -0.710938 0.000000
vt  0.671875 -0.867188 0.000000
vt  0.640625 -0.843750 0.000000
vt  0.562500 -0.906250 0.000000
vt  0.531250 -0.820313 0.000000

vn  -0.698279 0.052920 -0.713867
vn  -0.230521 0.951633 -0.203111
vn  0.726511 0.446487 -0.522333
vn  0.574763 0.043952 0.817138
vn  0.201743 0.831424 0.517720
vn  -0.599201 0.368610 0.710693
vn  -0.217552 0.902711 -0.371192
vn  0.664947 0.408683 -0.625159
vn  -0.638061 0.049738 -0.768378
vn  0.219734 0.901796 0.372131
vn  -0.663979 0.409464 0.625676
vn  0.638241 0.047776 0.768352
vn  0.708917 0.054578 0.703177
vn  0.231711 0.957739 0.170429
vn  -0.736101 0.453614 0.502384
vn  -0.563730 0.043091 -0.824834
vn  -0.197996 0.817505 -0.540817
vn  0.586932 0.360995 -0.724703
vn  0.726042 0.446518 -0.522958
vn  -0.698734 0.052975 -0.713417
vn  -0.230865 0.951605 -0.202855
vn  -0.599060 0.368264 0.710992
vn  0.575149 0.044118 0.816858
vn  0.201274 0.831695 0.517467
vn  0.586897 0.361334 -0.724562
vn  -0.563427 0.042747 -0.825059
vn  -0.197996 0.817505 -0.540817
vn  -0.736102 0.453614 0.502383
vn  0.708826 0.054983 0.703238
vn  0.231711 0.957739 0.170429
vn  -0.218737 0.902356 -0.371359
vn  0.664758 0.409764 -0.624651
vn  -0.637555 0.048700 -0.768864
vn  0.217982 0.902152 0.372298
vn  -0.665122 0.408383 0.625169
vn  0.637576 0.048814 0.768839
vn  -0.255298 -0.595324 0.761848
vn  0.863845 -0.168507 0.474738
vn  -0.715945 0.596714 0.362430
vn  0.083215 -0.907303 0.412160
vn  -0.662237 -0.748838 0.026156
vn  0.363802 -0.856874 -0.365261
vn  0.313702 -0.043855 -0.948508
vn  -0.700730 0.499431 -0.509457
vn  0.913289 0.367099 0.176471
vn  -0.176087 -0.345314 -0.921820
vn  0.440046 -0.752334 -0.490258
vn  -0.651723 -0.682101 -0.331656
vn  0.163017 -0.750247 0.640745
vn  -0.757813 -0.630720 0.167069
vn  0.493678 -0.803273 -0.333217
vn  -0.136758 -0.021102 0.990380
vn  0.770171 0.281304 0.572455
vn  -0.492450 0.761686 0.421103
vn  -0.145041 -0.065931 -0.987227
vn  0.596829 -0.620621 -0.508552
vn  -0.749159 -0.576130 -0.326856
vn  0.411242 0.541827 -0.733010
vn  -0.476087 0.836374 -0.271698
vn  0.763549 0.602028 0.233572
vn  -0.144308 -0.065146 -0.987386
vn  0.596788 -0.620460 -0.508796
vn  -0.749327 -0.575530 -0.327527
vn  0.494712 -0.803051 -0.332219
vn  0.163702 -0.749494 0.641452
vn  -0.757594 -0.631016 0.166944
vn  0.259326 -0.937325 -0.232748
vn  0.258976 -0.937395 -0.232856
vn  0.258187 -0.937567 -0.233041
vn  -0.757326 0.011429 -0.652938
vn  -0.233689 0.918341 -0.319435
vn  -0.014228 0.807598 -0.589562
vn  0.597364 0.481182 -0.641576
vn  0.219850 0.802065 -0.555300
vn  0.755298 0.655364 -0.004823
vn  0.388896 0.911266 0.135476
vn  0.176132 0.940214 0.291504
vn  -0.052354 0.799415 -0.598494
vn  0.428021 0.893773 0.134042
vn  0.128656 0.990026 0.057410
vn  0.495697 0.834503 -0.240602
vn  0.202049 0.784680 -0.586050
vn  -0.057584 0.937459 -0.343300
vn  0.754097 0.533325 -0.383278
vn  -0.984293 0.004883 -0.176476
vn  0.259263 -0.937402 -0.232507
vn  0.258950 -0.937514 -0.232407
vn  0.259262 -0.937403 -0.232507
vn  -0.138933 0.884562 -0.445251
vn  -0.060543 0.862727 -0.502033
vn  0.258951 -0.937513 -0.232408
vn  -0.854362 -0.238219 -0.461863
vn  -0.984293 0.004883 -0.176476
vn  -0.757326 0.011429 -0.652938
vn  0.205167 0.949417 0.237725
vn  0.029183 0.979141 0.201078
vn  -0.982843 -0.130351 0.130494
vn  -0.177542 -0.326233 -0.928467
vn  0.368232 0.410028 -0.834435
vn  0.807533 0.512545 0.291870
vn  0.473295 0.864078 0.171353
vn  0.385211 0.434587 0.814093
vn  0.022049 0.706222 0.707647
vn  -0.232484 0.731595 0.640874
vn  0.342066 0.937566 -0.062939
vn  0.048621 0.682475 0.729290
vn  -0.233689 0.918341 -0.319435
vn  0.280457 0.721863 0.632660
vn  -0.014228 0.807598 -0.589562
vn  0.113529 0.785483 0.608381
vn  -0.681297 -0.012581 0.731899
vn  0.280457 0.721863 0.632660
vn  0.113529 0.785483 0.608381
vn  0.194137 0.781829 -0.592499
vn  -0.131432 -0.233025 0.963548
vn  0.415700 -0.636016 -0.650136
vn  0.842051 0.168636 -0.512359
vn  -0.346511 0.879945 0.325003
vn  -0.463724 0.845616 -0.264372
vn  -0.028048 0.997140 -0.070185
vn  -0.082645 0.862321 0.499572
vn  0.034303 -0.671892 -0.739854
vn  -0.874577 0.184738 -0.448315
vn  -0.000230 0.975057 -0.221956
vn  0.697782 0.697746 -0.162022
vn  -0.084337 -0.842264 -0.532427
vn  -0.648662 0.734006 -0.201178
vn  -0.000167 0.964653 -0.263523
vn  0.878294 0.188887 -0.439229
vn  -0.029183 -0.969192 -0.244573
vn  0.000000 -0.962782 -0.270280
vn  0.000000 -0.973935 -0.226825
vn  0.021886 -0.972257 -0.232887
vn  -0.087424 -0.960337 -0.264782
vn  -0.021889 -0.978556 -0.204817
vn  0.389009 0.732218 0.559043
vn  0.489030 0.862051 0.133108
vn  -0.000052 -0.979379 -0.202030
vn  -0.263025 -0.900695 -0.345784
vn  0.123226 0.984859 0.121939
vn  0.112196 0.980647 -0.160449
vn  0.487179 0.861583 0.142588
vn  0.623079 0.767484 -0.150803
vn  0.693758 0.444362 0.566783
vn  0.158489 0.987315 -0.009546
vn  0.252434 0.967565 0.009775
vn  0.105757 -0.963592 -0.245571
vn  -0.174244 0.749743 0.638376
vn  -0.256023 0.830013 0.495511
vn  0.087424 -0.960337 -0.264782
vn  0.029196 -0.977863 -0.207202
vn  0.489268 0.863163 0.124761
vn  -0.565627 0.788202 0.242495
vn  -0.174691 0.969092 -0.174195
vn  0.496008 0.734295 -0.463450
vn  0.704412 0.574943 0.416226
vn  0.368232 0.410028 -0.834435
vn  -0.681297 -0.012581 0.731899
vn  -0.703989 -0.250559 0.664545
vn  -0.131432 -0.233025 0.963548
vn  -0.078837 0.945215 0.316788
vn  0.078765 0.926498 0.367963
vn  0.083005 0.635171 0.767898
vn  0.405634 0.611766 0.679119
vn  -0.173335 -0.792047 -0.585335
vn  -0.084604 -0.990705 -0.106520
vn  -0.089517 -0.955217 -0.282040
vn  -0.004974 -0.987725 -0.156121
vn  -0.000991 -0.987620 -0.156860
vn  -0.001658 -0.988911 -0.148501
vn  0.001658 -0.987632 -0.156778
vn  0.576787 0.709245 0.405324
vn  -0.428835 -0.898464 -0.094140
vn  -0.646894 -0.716003 -0.262426
vn  -0.102767 -0.790475 -0.603812
vn  -0.200446 -0.552271 -0.809208
vn  -0.181540 -0.528917 0.829029
vn  -0.393531 -0.512071 -0.763490
vn  -0.177542 -0.326233 -0.928467
vn  -0.347217 -0.789660 0.505843
vn  -0.630153 -0.627266 0.457651
vn  -0.630153 -0.627266 0.457651
vn  -0.962059 0.191315 0.194527
vn  -0.646894 -0.716003 -0.262426
vn  -0.892501 0.156779 -0.422920
vn  0.094587 -0.528038 0.843937
vn  -0.160153 -0.336901 0.927819
vn  -0.160153 -0.336901 0.927819
vn  -0.630147 0.564934 0.532695
vn  -0.200446 -0.552271 -0.809208
vn  0.000000 -0.987893 -0.155139
vn  0.000992 -0.987620 -0.156861
vn  0.077321 -0.961059 -0.265304
vn  0.004975 -0.987725 -0.156122
vn  0.001659 -0.988911 -0.148501
vn  0.173336 -0.792047 -0.585334
vn  0.073827 -0.991188 -0.109982
vn  -0.373891 0.087227 -0.923362
vn  -0.962059 0.191315 0.194527
vn  -0.114394 0.798569 -0.590932
vn  -0.892501 0.156779 -0.422920
vn  0.000000 -0.997631 -0.068795
vn  -0.373891 0.087227 -0.923362
vn  0.439912 -0.530209 -0.724814
vn  0.447060 -0.231090 -0.864138
vn  0.259425 -0.937399 -0.232338
vn  -0.161676 -0.895481 -0.414698
vn  -0.161626 -0.895467 -0.414747
vn  -0.161984 -0.895558 -0.414411
vn  -0.161886 -0.895722 -0.414096
vn  -0.161734 -0.895567 -0.414489
vn  -0.161733 -0.895568 -0.414489
vn  0.882133 -0.268316 -0.387101
vn  0.917221 0.059199 -0.393957
vn  0.259438 -0.937413 -0.232270
vn  0.637620 -0.267302 0.722489
vn  0.357329 -0.237574 0.903258
vn  0.964000 -0.159252 0.212940
vn  0.966696 0.087711 0.240427
vn  -0.630147 0.564934 0.532695
vn  0.259348 0.922657 -0.285383
vn  0.447060 -0.231090 -0.864138
vn  -0.114394 0.798569 -0.590932
vn  0.357329 -0.237574 0.903258
vn  -0.309620 0.710979 0.631383
vn  -0.630147 0.564934 0.532695
vn  0.314288 0.942427 -0.114256
vn  -0.309620 0.710979 0.631383
vn  0.000000 -0.998891 -0.047090
vn  0.917221 0.059199 -0.393957
vn  0.259348 0.922657 -0.285383
vn  0.128829 -0.790337 -0.598975
vn  0.415700 -0.636016 -0.650136
vn  -0.161467 -0.895699 -0.414308
vn  -0.161465 -0.895700 -0.414308
vn  0.966696 0.087711 0.240427
vn  0.314288 0.942427 -0.114256
vn  0.842051 0.168636 -0.512359
vn  0.981244 -0.147556 0.124049
vn  0.674944 -0.737622 0.019091
vn  0.981244 -0.147556 0.124049
vn  0.704412 0.574943 0.416226
vn  0.280457 0.721863 0.632660
vn  0.448794 -0.570454 0.687871
vn  0.448794 -0.570454 0.687871
vn  0.279005 -0.802995 0.526645
vn  0.674944 -0.737622 0.019091
vn  0.407643 -0.910819 -0.065081
vn  0.011304 0.998097 -0.060617
vn  -0.659986 0.715221 0.229949
vn  -0.500510 0.687253 0.526472
vn  -0.160542 -0.895699 -0.414668
vn  -0.161601 -0.896094 -0.413402
vn  -0.001284 0.959843 0.280536
vn  -0.563997 0.822603 -0.072332
vn  -0.103879 0.891706 0.440534
vn  0.279194 -0.851624 0.443606
vn  -0.402483 -0.912915 -0.067780
vn  0.660569 -0.698814 -0.274422
vn  -0.192566 -0.664557 0.721999
vn  0.779351 0.085743 0.620694
vn  -0.913042 0.344867 0.217764
vn  -0.293386 -0.087728 0.951960
vn  0.538910 0.483929 0.689484
vn  -0.763437 0.567357 0.308659
vn  -0.550449 -0.833367 0.050048
vn  0.761944 -0.608865 -0.220736
vn  0.267217 -0.683607 0.679173
vn  -0.551606 -0.832557 0.050785
vn  0.761545 -0.609296 -0.220925
vn  0.266944 -0.683221 0.679669
vn  -0.182444 -0.423183 -0.887485
vn  0.613949 -0.524325 -0.590042
vn  -0.361313 -0.902104 -0.235926
vn  0.128294 0.053013 -0.990318
vn  -0.923195 0.145419 -0.355758
vn  0.696838 0.716824 0.024079
vn  0.013858 0.633844 -0.773336
vn  -0.817479 0.556408 -0.148787
vn  0.477912 0.870794 0.115405
vn  -0.280059 -0.157947 -0.946900
vn  0.696704 -0.340477 -0.631410
vn  -0.492275 -0.845042 -0.208733
vn  -0.280808 -0.157647 -0.946728
vn  0.696592 -0.339481 -0.632070
vn  -0.492143 -0.844902 -0.209610
vn  0.339533 0.926631 0.161471
vn  0.245391 0.944502 -0.218402
vn  -0.359420 0.931108 -0.062093
vn  -0.191846 0.756093 0.625714
vn  -0.363340 0.916635 0.166628
vn  0.045853 0.858253 0.511174
vn  -0.147827 0.953270 -0.263484
vn  0.127606 0.850118 0.510897
vn  -0.301253 0.933386 -0.195032
vn  -0.127544 -0.809357 0.573300
vn  -0.428537 -0.679342 0.595694
vn  -0.339405 -0.940571 0.011454
vn  -0.608689 -0.787369 -0.097715
vn  0.353306 -0.494651 0.794038
vn  0.106720 -0.329616 0.938064
vn  0.106720 -0.329616 0.938064
vn  -0.482933 0.363253 0.796758
vn  -0.428537 -0.679342 0.595694
vn  -0.900949 0.091492 0.424170
vn  0.819113 -0.180958 0.544342
vn  0.683614 0.056948 0.727618
vn  0.683614 0.056948 0.727618
vn  -0.110206 0.794360 0.597367
vn  -0.428537 -0.679342 0.595694
vn  -0.900949 0.091492 0.424170
vn  -0.608689 -0.787369 -0.097715
vn  -0.948373 -0.221278 -0.227209
vn  -0.482933 0.363253 0.796758
vn  -0.701271 0.526597 -0.480535
vn  -0.900949 0.091492 0.424170
vn  -0.948373 -0.221278 -0.227209
vn  -0.159352 -0.811643 -0.561998
vn  -0.329306 -0.589553 -0.737553
vn  -0.226511 0.915953 0.331245
vn  -0.765616 0.613458 0.193655
vn  -0.678401 0.440496 0.587993
vn  -0.612297 0.518158 0.597164
vn  -0.664034 0.734095 0.141996
vn  -0.372937 -0.905573 -0.202129
vn  0.325639 -0.790737 0.518357
vn  -0.535821 -0.455489 0.710933
vn  0.649440 -0.553189 -0.521738
vn  -0.698279 0.052920 -0.713867
vn  -0.599201 0.368610 0.710693
vn  0.649440 -0.553189 -0.521738
vn  -0.372937 -0.905573 -0.202129
vn  0.574763 0.043952 0.817138
vn  0.726511 0.446487 -0.522333
vn  -0.230521 0.951633 -0.203111
vn  0.201743 0.831424 0.517720
vn  0.201743 0.831424 0.517720
vn  -0.230521 0.951633 -0.203111
vn  -0.354318 -0.857937 -0.372024
vn  0.352922 -0.858899 0.371131
vn  -0.594588 -0.505755 0.625042
vn  0.593765 -0.506071 -0.625568
vn  -0.638061 0.049738 -0.768378
vn  -0.594588 -0.505755 0.625042
vn  -0.663979 0.409464 0.625676
vn  -0.354318 -0.857937 -0.372024
vn  0.593765 -0.506071 -0.625568
vn  -0.354318 -0.857937 -0.372024
vn  -0.594588 -0.505755 0.625042
vn  0.352922 -0.858899 0.371131
vn  0.638241 0.047776 0.768352
vn  0.664947 0.408683 -0.625159
vn  -0.217552 0.902711 -0.371192
vn  0.219734 0.901796 0.372131
vn  -0.320446 -0.777630 -0.540931
vn  0.375330 -0.911199 0.169837
vn  -0.658882 -0.559743 0.502556
vn  0.524600 -0.446984 -0.724569
vn  -0.658882 -0.559743 0.502556
vn  0.375330 -0.911199 0.169837
vn  -0.563730 0.043091 -0.824834
vn  -0.658882 -0.559743 0.502556
vn  -0.736101 0.453614 0.502384
vn  0.708917 0.054578 0.703177
vn  0.586932 0.360995 -0.724703
vn  -0.197996 0.817505 -0.540817
vn  0.231711 0.957739 0.170429
vn  0.231711 0.957739 0.170429
vn  -0.197996 0.817505 -0.540817
vn  -0.372912 -0.905703 -0.201592
vn  0.325787 -0.790931 0.517968
vn  -0.535427 -0.455220 0.711402
vn  0.649174 -0.552881 -0.522394
vn  -0.698734 0.052975 -0.713417
vn  -0.599060 0.368264 0.710992
vn  0.649174 -0.552881 -0.522394
vn  -0.372912 -0.905703 -0.201592
vn  -0.230865 0.951605 -0.202855
vn  0.201274 0.831695 0.517467
vn  0.575149 0.044118 0.816858
vn  0.726042 0.446518 -0.522958
vn  0.201274 0.831695 0.517467
vn  -0.230865 0.951605 -0.202855
vn  -0.319968 -0.777651 -0.541183
vn  0.375375 -0.911075 0.170401
vn  -0.658727 -0.560371 0.502059
vn  0.524982 -0.446716 -0.724457
vn  -0.563427 0.042747 -0.825059
vn  -0.736102 0.453614 0.502383
vn  -0.197996 0.817505 -0.540817
vn  0.231711 0.957739 0.170429
vn  0.708826 0.054983 0.703238
vn  0.375375 -0.911075 0.170401
vn  0.586897 0.361334 -0.724562
vn  -0.658727 -0.560371 0.502059
vn  0.375375 -0.911075 0.170401
vn  0.231711 0.957739 0.170429
vn  -0.197996 0.817505 -0.540817
vn  -0.352638 -0.858512 -0.372294
vn  0.354035 -0.858324 0.371401
vn  -0.594242 -0.506722 0.624588
vn  0.595065 -0.505104 -0.625114
vn  -0.637555 0.048700 -0.768864
vn  -0.665122 0.408383 0.625169
vn  0.595065 -0.505104 -0.625114
vn  -0.352638 -0.858512 -0.372294
vn  -0.218737 0.902356 -0.371359
vn  0.217982 0.902152 0.372298
vn  0.595065 -0.505104 -0.625114
vn  0.637576 0.048814 0.768839
vn  0.354035 -0.858324 0.371401
vn  0.664758 0.409764 -0.624651
vn  -0.594242 -0.506722 0.624588
vn  0.354035 -0.858324 0.371401
vn  0.114403 0.887078 0.447219
vn  -0.124285 0.976774 -0.174547
vn  -0.207154 -0.959395 0.191439
vn  -0.207161 -0.959407 0.191369
vn  -0.207104 -0.959322 0.191858
vn  -0.206765 -0.959366 0.192001
vn  -0.565583 0.784706 -0.253678
vn  -0.200245 0.664364 0.720085
vn  -0.207010 -0.959389 0.191623
vn  -0.207010 -0.959389 0.191624
vn  0.306291 -0.496864 -0.811981
vn  0.247107 -0.202798 -0.947529
vn  0.998284 -0.051124 -0.028572
vn  0.957559 0.077109 0.277732
vn  0.785878 -0.182372 -0.590878
vn  0.751481 0.054845 -0.657471
vn  -0.110206 0.794360 0.597367
vn  -0.270518 0.710101 -0.650059
vn  -0.329306 -0.589553 -0.737553
vn  -0.701271 0.526597 -0.480535
vn  0.957559 0.077109 0.277732
vn  0.126518 0.927321 0.352236
vn  -0.112186 0.785742 -0.608297
vn  0.126518 0.927321 0.352236
vn  0.247107 -0.202798 -0.947529
vn  -0.270518 0.710101 -0.650059
vn  -0.206679 -0.959474 0.191554
vn  -0.206679 -0.959474 0.191554
vn  0.273068 -0.946944 0.169501
vn  0.272034 -0.947154 0.169991
vn  0.273042 -0.946940 0.169567
vn  0.273195 -0.946981 0.169092
vn  0.272943 -0.947098 0.168842
vn  0.272345 -0.947361 0.168331
vn  0.751481 0.054845 -0.657471
vn  -0.112186 0.785742 -0.608297
vn  -0.319754 -0.199281 -0.926307
vn  0.027275 0.793432 -0.608047
vn  0.343783 0.634080 -0.692644
vn  -0.756207 -0.103161 -0.646150
vn  0.273014 -0.947000 0.169279
vn  0.272683 -0.947103 0.169231
vn  0.273014 -0.947000 0.169279
vn  0.272683 -0.947103 0.169231
vn  -0.572373 -0.712999 -0.404996
vn  -0.756207 -0.103161 -0.646150
vn  -0.319754 -0.199281 -0.926307
vn  -0.884254 -0.370159 -0.284741
vn  0.293209 -0.556325 -0.777516
vn  0.768021 0.213988 -0.603616
vn  0.027275 0.793432 -0.608047
vn  -0.027057 0.872502 0.487861
vn  0.343783 0.634080 -0.692644
vn  -0.153680 0.917210 0.367570
vn  -0.956817 0.124844 0.262516
vn  -0.027057 0.872502 0.487861
vn  -0.153680 0.917210 0.367570
vn  -0.617108 0.004053 0.786868
vn  0.640702 -0.748716 -0.170073
vn  0.995203 0.090288 -0.037657
vn  0.436243 0.704251 0.560110
vn  0.768021 0.213988 -0.603616
vn  -0.956817 0.124844 0.262516
vn  -0.861419 -0.477247 0.173762
vn  -0.617108 0.004053 0.786868
vn  -0.624827 -0.668199 0.403858
vn  -0.283578 -0.881715 -0.377044
vn  0.293209 -0.556325 -0.777516
vn  -0.420410 0.206216 -0.883589
vn  0.417769 -0.218595 -0.881865
vn  -0.590429 -0.056027 -0.805143
vn  0.760010 0.333543 -0.557794
vn  0.174795 -0.291392 -0.940499
vn  -0.617194 -0.439607 -0.652546
vn  -0.901644 -0.420372 0.101610
vn  -0.662237 -0.748838 0.026156
vn  -0.715945 0.596714 0.362430
vn  0.760010 0.333543 -0.557794
vn  -0.420410 0.206216 -0.883589
vn  -0.617194 -0.439607 -0.652546
vn  0.174795 -0.291392 -0.940499
vn  0.363802 -0.856874 -0.365261
vn  0.730678 -0.682333 -0.023048
vn  0.863845 -0.168507 0.474738
vn  -0.662237 -0.748838 0.026156
vn  -0.084815 -0.806813 0.584688
vn  -0.901644 -0.420372 0.101610
vn  0.083215 -0.907303 0.412160
vn  -0.255298 -0.595324 0.761848
vn  -0.715945 0.596714 0.362430
vn  -0.084815 -0.806813 0.584688
vn  -0.255298 -0.595324 0.761848
vn  0.083215 -0.907303 0.412160
vn  -0.700730 0.499431 -0.509457
vn  0.054531 -0.232751 -0.971006
vn  -0.848286 -0.212452 -0.485052
vn  0.313702 -0.043855 -0.948508
vn  -0.176087 -0.345314 -0.921820
vn  -0.651723 -0.682101 -0.331656
vn  -0.697487 -0.535185 0.476539
vn  -0.507823 -0.713465 0.482787
vn  -0.784966 0.177127 0.593679
vn  -0.784966 0.177127 0.593679
vn  0.180730 -0.555839 0.811406
vn  0.272987 -0.937710 0.214889
vn  0.761758 -0.568720 -0.310295
vn  0.313702 -0.043855 -0.948508
vn  0.913289 0.367099 0.176471
vn  0.054531 -0.232751 -0.971006
vn  0.440046 -0.752334 -0.490258
vn  -0.176087 -0.345314 -0.921820
vn  0.297299 -0.755172 0.584233
vn  0.180730 -0.555839 0.811406
vn  -0.702402 -0.250787 -0.666136
vn  0.269381 -0.018945 -0.962847
vn  -0.296031 0.751348 -0.589781
vn  0.269381 -0.018945 -0.962847
vn  -0.702402 -0.250787 -0.666136
vn  0.686950 0.682691 -0.249061
vn  -0.492450 0.761686 0.421103
vn  -0.757813 -0.630720 0.167069
vn  -0.136758 -0.021102 0.990380
vn  0.163017 -0.750247 0.640745
vn  0.770171 0.281304 0.572455
vn  0.163017 -0.750247 0.640745
vn  0.493678 -0.803273 -0.333217
vn  -0.136758 -0.021102 0.990380
vn  0.493678 -0.803273 -0.333217
vn  0.686950 0.682691 -0.249061
vn  -0.296031 0.751348 -0.589781
vn  0.283263 0.048967 0.957791
vn  -0.536077 -0.501967 0.678712
vn  0.393625 -0.846982 0.357326
vn  -0.542846 0.580434 0.606972
vn  0.393625 -0.846982 0.357326
vn  -0.536077 -0.501967 0.678712
vn  -0.749159 -0.576130 -0.326856
vn  -0.476087 0.836374 -0.271698
vn  -0.145041 -0.065931 -0.987227
vn  0.411242 0.541827 -0.733010
vn  0.763549 0.602028 0.233572
vn  0.393625 -0.846982 0.357326
vn  0.596829 -0.620621 -0.508552
vn  0.283263 0.048967 0.957791
vn  -0.542846 0.580434 0.606972
vn  0.283263 0.048967 0.957791
vn  0.233466 -0.324615 0.916580
vn  -0.537015 -0.501856 0.678053
vn  0.393175 -0.847615 0.356317
vn  -0.837026 -0.010470 0.547063
vn  0.393175 -0.847615 0.356317
vn  -0.537015 -0.501856 0.678053
vn  -0.749327 -0.575530 -0.327527
vn  -0.750950 0.318435 -0.578510
vn  -0.144308 -0.065146 -0.987386
vn  0.373545 0.206820 -0.904262
vn  0.981490 -0.190596 0.018698
vn  0.393175 -0.847615 0.356317
vn  0.596788 -0.620460 -0.508796
vn  0.233466 -0.324615 0.916580
vn  -0.701971 -0.251630 -0.666273
vn  0.270816 -0.019393 -0.962436
vn  -0.388106 0.452195 -0.803053
vn  0.270816 -0.019393 -0.962436
vn  -0.701971 -0.251630 -0.666273
vn  0.740948 0.160405 -0.652124
vn  -0.980534 0.118622 0.156466
vn  -0.757594 -0.631016 0.166944
vn  -0.217694 -0.378827 0.899500
vn  0.163702 -0.749494 0.641452
vn  0.846139 -0.352592 0.399658
vn  0.163702 -0.749494 0.641452
vn  0.494712 -0.803051 -0.332219
vn  -0.217694 -0.378827 0.899500
vn  -0.206388 -0.959720 0.190635
vn  -0.335679 -0.837171 0.431816
vn  -0.205979 -0.959482 0.192267
vn  0.002494 -0.988938 -0.148309
vn  0.640702 -0.748716 -0.170073
vn  0.995203 0.090288 -0.037657
vn  0.769656 -0.049964 0.636500
vn  0.517363 -0.664470 0.539274
vn  0.769656 -0.049964 0.636500
vn  0.436243 0.704251 0.560110
vn  -0.003421 -0.352488 0.935810
vn  -0.003421 -0.352488 0.935810
vn  0.769656 -0.049964 0.636500
vn  0.517363 -0.664470 0.539274
vn  0.517363 -0.664470 0.539274
vn  0.114188 -0.944525 0.307950
vn  0.114031 0.950682 -0.288446
vn  -0.633224 0.704448 -0.320593
vn  -0.647970 0.761545 0.013594
vn  -0.070856 0.997484 -0.002281
vn  -0.388314 0.740584 -0.548405
vn  -0.247497 0.964344 0.093730
vn  0.280965 0.956363 0.080183
vn  0.394245 0.872642 -0.288214
vn  -0.212443 0.863274 -0.457849
vn  -0.426919 0.873257 0.234869
vn  -0.331681 0.903695 -0.270783
vn  -0.157767 0.958923 0.235745
vn  0.084819 0.306587 -0.948056
vn  -0.280808 -0.157647 -0.946728
vn  -0.906379 -0.041920 -0.420380
vn  -0.492143 -0.844902 -0.209610
vn  -0.621013 -0.667066 -0.411540
vn  -0.000051 0.966415 0.256985
vn  -0.000167 0.964653 -0.263523
vn  -0.621013 -0.667066 -0.411540
vn  -0.151260 -0.651299 0.743592
vn  0.763910 -0.596222 0.246901
vn  -0.026462 -0.908730 -0.416545
vn  -0.999763 -0.015982 -0.014760
vn  -0.000089 0.938729 0.344656
vn  -0.999763 -0.015982 -0.014760
vn  -0.645761 -0.332137 0.687516
vn  -0.151260 -0.651299 0.743592
vn  0.958901 0.230760 -0.165101
vn  0.696592 -0.339481 -0.632070
vn  0.507716 -0.163727 0.845824
vn  0.763910 -0.596222 0.246901
vn  0.258775 -0.937795 -0.231466
vn  -0.645761 -0.332137 0.687516
vn  -0.151260 -0.651299 0.743592
vn  0.013858 0.633844 -0.773336
vn  -0.280059 -0.157947 -0.946900
vn  -0.817479 0.556408 -0.148787
vn  -0.001654 -0.963164 -0.268911
vn  0.000001 -0.996696 -0.081221
vn  0.000001 -0.962735 -0.270447
vn  0.000000 -0.993093 0.117326
vn  0.001655 -0.963164 -0.268911
vn  0.000000 -0.993093 0.117326
vn  -0.492275 -0.845042 -0.208733
vn  -0.152097 -0.650722 0.743927
vn  0.763502 -0.596622 0.247198
vn  -0.614207 0.329681 0.716980
vn  -0.152097 -0.650722 0.743927
vn  0.477912 0.870794 0.115405
vn  0.696704 -0.340477 -0.631410
vn  0.404849 0.198053 0.892677
vn  -0.614207 0.329681 0.716980
vn  0.404849 0.198053 0.892677
vn  0.763502 -0.596622 0.247198
vn  -0.614207 0.329681 0.716980
vn  -0.152097 -0.650722 0.743927
vn  0.696838 0.716824 0.024079
vn  0.858904 -0.216956 -0.463912
vn  0.128294 0.053013 -0.990318
vn  -0.030755 -0.228276 -0.973111
vn  -0.182444 -0.423183 -0.887485
vn  0.613949 -0.524325 -0.590042
vn  -0.361313 -0.902104 -0.235926
vn  -0.758347 -0.560885 -0.332140
vn  -0.182444 -0.423183 -0.887485
vn  -0.030755 -0.228276 -0.973111
vn  0.128294 0.053013 -0.990318
vn  -0.923195 0.145419 -0.355758
vn  0.535543 -0.400793 0.743343
vn  0.681157 -0.542764 0.491358
vn  0.416699 -0.813604 -0.405477
vn  0.416699 -0.813604 -0.405477
vn  -0.793623 0.605676 0.057616
vn  -0.489953 0.806042 0.332027
vn  -0.714048 0.588327 -0.379482
vn  0.999991 0.000912 -0.004083
vn  -0.302327 0.659910 -0.687835
vn  0.073851 0.848287 -0.524362
vn  -0.086459 0.955901 0.280675
vn  0.999991 0.000912 -0.004083
vn  0.000000 -0.984562 -0.175034
vn  0.000995 -0.987615 -0.156893
vn  0.000000 -0.987636 -0.156764
vn  0.000000 -0.679402 -0.733766
vn  0.004974 -0.987726 -0.156121
vn  0.668849 -0.732775 0.125225
vn  0.535543 -0.400793 0.743343
vn  -0.668096 -0.137796 0.731204
vn  -0.072114 -0.840164 0.537517
vn  -0.318526 -0.755333 0.572724
vn  0.000000 -0.916154 0.400826
vn  0.000000 -0.868832 0.495107
vn  0.000000 -0.868832 0.495107
vn  -0.668096 -0.137796 0.731204
vn  -0.362018 0.336138 -0.869456
vn  -0.468995 -0.432208 -0.770221
vn  -0.982751 -0.184092 -0.017621
vn  -0.551606 -0.832557 0.050785
vn  0.425520 0.088260 -0.900635
vn  -0.468995 -0.432208 -0.770221
vn  -0.246199 -0.450199 0.858316
vn  0.266944 -0.683221 0.679669
vn  -0.000557 -0.987498 -0.157629
vn  -0.001114 -0.987876 -0.155242
vn  0.000000 -0.933749 -0.357929
vn  -0.297567 0.952463 -0.065339
vn  -0.852094 0.522189 0.035417
vn  0.000000 -0.877330 0.479887
vn  -0.000000 -0.907982 0.419010
vn  -0.000000 -0.907982 0.419010
vn  -0.000000 -0.964441 0.264296
vn  0.000000 -0.877330 0.479887
vn  -0.000000 -0.970379 0.241586
vn  0.000000 -0.957972 0.286860
vn  0.000000 -0.886965 0.461837
vn  0.000000 -0.886965 0.461837
vn  -0.591906 0.699858 -0.399807
vn  0.000000 -0.996469 -0.083956
vn  -0.093156 0.834830 -0.542568
vn  0.051543 0.892437 -0.448218
vn  -0.000000 -0.985765 0.168130
vn  -0.000000 -0.988755 0.149545
vn  -0.000000 -0.999885 0.015171
vn  -0.000000 -0.999885 0.015171
vn  0.000000 -0.997631 -0.068795
vn  -0.000000 -0.986927 0.161167
vn  -0.063259 0.975376 0.211283
vn  0.000000 -0.998891 -0.047090
vn  0.759411 0.391864 -0.519363
vn  0.425520 0.088260 -0.900635
vn  -0.246199 -0.450199 0.858316
vn  0.266944 -0.683221 0.679669
vn  0.831004 -0.094393 0.548200
vn  0.761545 -0.609296 -0.220925
vn  -0.399786 0.643902 -0.652351
vn  -0.467665 -0.431933 -0.771183
vn  -0.763437 0.567357 0.308659
vn  -0.550449 -0.833367 0.050048
vn  0.426394 0.088716 -0.900176
vn  -0.467665 -0.431933 -0.771183
vn  -0.550449 -0.833367 0.050048
vn  -0.293386 -0.087728 0.951960
vn  0.267217 -0.683607 0.679173
vn  0.483168 0.863582 -0.144134
vn  0.426394 0.088716 -0.900176
vn  -0.399786 0.643902 -0.652351
vn  0.483168 0.863582 -0.144134
vn  -0.293386 -0.087728 0.951960
vn  0.267217 -0.683607 0.679173
vn  0.538910 0.483929 0.689484
vn  0.761944 -0.608865 -0.220736
vn  -0.913042 0.344867 0.217764
vn  -0.738127 -0.673214 -0.044171
vn  -0.192566 -0.664557 0.721999
vn  0.061467 -0.810145 0.582998
vn  0.660569 -0.698814 -0.274422
vn  0.894043 -0.431375 0.120843
vn  0.279194 -0.851624 0.443606
vn  0.061467 -0.810145 0.582998
vn  -0.303680 0.093290 -0.948196
vn  0.609616 -0.060146 -0.790412
vn  -0.399079 -0.209666 -0.892623
vn  0.709444 0.561319 -0.426158
vn  0.412684 -0.200690 -0.888490
vn  -0.335791 -0.586125 -0.737361
vn  -0.335791 -0.586125 -0.737361
vn  0.412684 -0.200690 -0.888490
vn  0.894043 -0.431375 0.120843
vn  0.779351 0.085743 0.620694
vn  0.660569 -0.698814 -0.274422
vn  0.709444 0.561319 -0.426158
vn  -0.303680 0.093290 -0.948196
vn  -0.402483 -0.912915 -0.067780
vn  0.279194 -0.851624 0.443606
vn  0.779351 0.085743 0.620694
vn  -0.192566 -0.664557 0.721999

g rdmobj00
usemtl ffdtex0
f  1/1/1 2/2/2 3/3/3
f  4/4/4 5/5/5 6/6/6
f  7/7/7 8/8/8 9/9/9
f  10/10/10 11/11/11 12/12/12
f  13/13/13 14/14/14 15/15/15
f  16/16/16 17/17/17 18/18/18
f  19/19/19 20/20/20 21/21/21
f  22/22/22 23/23/23 24/24/24
f  25/25/25 26/26/26 27/27/27
f  28/28/28 29/29/29 30/30/30
f  31/31/31 32/32/32 33/33/33
f  34/34/34 35/35/35 36/36/36
f  37/37/37 38/38/38 39/39/39
f  40/40/40 41/41/41 42/42/42
f  43/43/43 44/44/44 45/45/45
f  46/46/46 47/47/47 48/48/48
f  49/49/49 50/50/50 51/51/51
f  52/52/52 53/53/53 54/54/54
f  55/55/55 56/56/56 57/57/57
f  58/58/58 59/59/59 60/60/60
f  61/61/61 62/62/62 63/63/63
f  64/64/64 65/65/65 66/66/66
f  67/67/67 68/68/68 69/69/69
f  70/70/70 71/71/71 72/72/72
f  73/73/73 74/74/74 75/75/75
f  75/75/75 74/74/74 76/76/76
f  77/77/77 76/76/76 78/78/78
f  78/78/78 76/76/76 74/74/74
f  76/76/76 77/77/77 79/79/79
f  79/79/79 77/77/77 80/80/80
f  76/76/76 79/79/79 75/75/75
f  75/75/75 79/79/79 81/81/81
f  74/74/74 82/82/82 78/78/78
f  78/78/78 82/82/82 83/83/83
f  74/74/74 73/73/73 82/82/82
f  82/82/82 73/73/73 84/84/84
f  85/85/85 71/71/71 70/70/70
f  86/86/86 87/87/87 88/88/88
f  89/89/89 81/81/81 90/90/90
f  90/90/90 81/81/81 79/79/79
f  91/91/91 87/87/87 86/86/86
f  92/92/92 93/93/93 94/94/94
f  95/95/95 82/82/82 96/96/96
f  96/96/96 82/82/82 84/84/84
f  97/97/97 93/93/93 92/92/92
f  98/98/98 72/72/72 99/99/99
f  73/73/73 75/75/75 84/84/84
f  84/84/84 75/75/75 81/81/81
f  100/100/100 101/101/101 102/102/102
f  102/102/102 101/101/101 103/103/103
f  104/104/104 103/103/103 105/105/105
f  105/105/105 103/103/103 101/101/101
f  103/103/103 104/104/104 106/106/106
f  70/70/70 72/72/72 98/98/98
f  107/107/107 108/108/108 109/109/109
f  110/110/110 108/108/108 107/107/107
f  111/111/111 112/112/112 113/113/113
f  80/80/80 114/114/114 79/79/79
f  79/79/79 114/114/114 90/90/90
f  115/115/115 112/112/112 111/111/111
f  116/116/116 99/99/99 117/117/117
f  118/118/118 77/77/77 119/119/119
f  119/119/119 77/77/77 78/78/78
f  77/77/77 118/118/118 80/80/80
f  80/80/80 118/118/118 120/120/120
f  106/106/106 104/104/104 121/121/121
f  103/103/103 106/106/106 102/102/102
f  122/122/122 123/123/123 124/124/124
f  125/125/125 122/122/122 124/124/124
f  126/126/126 127/127/127 128/128/128
f  129/129/129 126/126/126 128/128/128
f  130/130/130 131/131/131 132/132/132
f  131/131/131 133/133/133 132/132/132
f  134/134/134 130/130/130 135/135/135
f  102/102/102 106/106/106 136/136/136
f  101/101/101 137/137/137 105/105/105
f  138/138/138 139/139/139 126/126/126
f  105/105/105 137/137/137 140/140/140
f  78/78/78 83/83/83 119/119/119
f  119/119/119 83/83/83 141/141/141
f  82/82/82 95/95/95 83/83/83
f  83/83/83 95/95/95 142/142/142
f  83/83/83 142/142/142 141/141/141
f  141/141/141 142/142/142 143/143/143
f  101/101/101 100/100/100 137/137/137
f  137/137/137 100/100/100 144/144/144
f  145/145/145 136/136/136 146/146/146
f  126/126/126 147/147/147 138/138/138
f  146/146/146 136/136/136 106/106/106
f  148/148/148 137/137/137 149/149/149
f  150/150/150 151/151/151 133/133/133
f  149/149/149 137/137/137 144/144/144
f  100/100/100 102/102/102 144/144/144
f  144/144/144 102/102/102 136/136/136
f  121/121/121 152/152/152 106/106/106
f  106/106/106 152/152/152 146/146/146
f  153/153/153 104/104/104 154/154/154
f  154/154/154 104/104/104 105/105/105
f  118/118/118 119/119/119 120/120/120
f  120/120/120 119/119/119 141/141/141
f  120/120/120 155/155/155 80/80/80
f  80/80/80 155/155/155 114/114/114
f  98/98/98 99/99/99 116/116/116
f  156/156/156 109/109/109 108/108/108
f  157/157/157 109/109/109 156/156/156
f  97/97/97 158/158/158 93/93/93
f  159/159/159 158/158/158 97/97/97
f  159/159/159 160/160/160 158/158/158
f  104/104/104 153/153/153 121/121/121
f  121/121/121 153/153/153 161/161/161
f  105/105/105 140/140/140 154/154/154
f  154/154/154 140/140/140 162/162/162
f  137/137/137 148/148/148 140/140/140
f  140/140/140 148/148/148 163/163/163
f  140/140/140 163/163/163 162/162/162
f  162/162/162 163/163/163 164/164/164
f  153/153/153 154/154/154 161/161/161
f  161/161/161 154/154/154 162/162/162
f  165/165/165 166/166/166 167/167/167
f  168/168/168 169/169/169 170/170/170
f  171/171/171 167/167/167 169/169/169
f  161/161/161 172/172/172 121/121/121
f  121/121/121 172/172/172 152/152/152
f  162/162/162 164/164/164 161/161/161
f  161/161/161 164/164/164 172/172/172
f  173/173/173 174/174/174 175/175/175
f  175/175/175 174/174/174 176/176/176
f  177/177/177 160/160/160 159/159/159
f  178/178/178 94/94/94 179/179/179
f  180/180/180 181/181/181 173/173/173
f  173/173/173 181/181/181 174/174/174
f  182/182/182 183/183/183 184/184/184
f  184/184/184 183/183/183 185/185/185
f  186/186/186 187/187/187 180/180/180
f  180/180/180 187/187/187 181/181/181
f  188/188/188 189/189/189 182/182/182
f  182/182/182 189/189/189 183/183/183
f  184/184/184 185/185/185 190/190/190
f  191/191/191 192/192/192 193/193/193
f  194/194/194 195/195/195 192/192/192
f  196/196/196 193/193/193 197/197/197
f  190/190/190 185/185/185 198/198/198
f  199/199/199 200/200/200 201/201/201
f  170/170/170 166/166/166 202/202/202
f  201/201/201 200/200/200 203/203/203
f  175/175/175 176/176/176 204/204/204
f  204/204/204 176/176/176 205/205/205
f  92/92/92 94/94/94 178/178/178
f  86/86/86 206/206/206 67/67/67
f  207/207/207 208/208/208 209/209/209
f  209/209/209 208/208/208 210/210/210
f  211/211/211 207/207/207 212/212/212
f  212/212/212 207/207/207 209/209/209
f  204/204/204 205/205/205 213/213/213
f  213/213/213 205/205/205 214/214/214
f  88/88/88 206/206/206 86/86/86
f  67/67/67 215/215/215 68/68/68
f  216/216/216 217/217/217 186/186/186
f  186/186/186 217/217/217 187/187/187
f  218/218/218 219/219/219 216/216/216
f  216/216/216 219/219/219 217/217/217
f  199/199/199 220/220/220 200/200/200
f  200/200/200 220/220/220 221/221/221
f  190/190/190 198/198/198 222/222/222
f  222/222/222 198/198/198 223/223/223
f  224/224/224 225/225/225 188/188/188
f  188/188/188 225/225/225 226/226/226
f  227/227/227 221/221/221 228/228/228
f  195/195/195 229/229/229 197/197/197
f  206/206/206 215/215/215 67/67/67
f  228/228/228 221/221/221 220/220/220
f  222/222/222 223/223/223 230/230/230
f  230/230/230 223/223/223 231/231/231
f  213/213/213 214/214/214 218/218/218
f  218/218/218 214/214/214 219/219/219
f  232/232/232 179/179/179 233/233/233
f  211/211/211 212/212/212 234/234/234
f  234/234/234 212/212/212 235/235/235
f  230/230/230 231/231/231 236/236/236
f  236/236/236 231/231/231 237/237/237
f  178/178/178 179/179/179 232/232/232
f  156/156/156 238/238/238 157/157/157
f  239/239/239 238/238/238 156/156/156
f  240/240/240 117/117/117 241/241/241
f  116/116/116 117/117/117 240/240/240
f  115/115/115 242/242/242 243/243/243
f  244/244/244 242/242/242 115/115/115
f  177/177/177 245/245/245 160/160/160
f  246/246/246 245/245/245 177/177/177
f  244/244/244 241/241/241 242/242/242
f  240/240/240 241/241/241 244/244/244
f  246/246/246 247/247/247 245/245/245
f  248/248/248 247/247/247 246/246/246
f  248/248/248 233/233/233 247/247/247
f  232/232/232 233/233/233 248/248/248
f  249/249/249 250/250/250 251/251/251
f  207/207/207 252/252/252 208/208/208
f  209/209/209 210/210/210 253/253/253
f  254/254/254 250/250/250 249/249/249
f  254/254/254 255/255/255 250/250/250
f  141/141/141 143/143/143 120/120/120
f  120/120/120 143/143/143 155/155/155
f  256/256/256 255/255/255 254/254/254
f  257/257/257 258/258/258 259/259/259
f  260/260/260 261/261/261 262/262/262
f  263/263/263 264/264/264 265/265/265
f  266/266/266 267/267/267 268/268/268
f  269/269/269 270/270/270 271/271/271
f  272/272/272 273/273/273 274/274/274
f  275/275/275 276/276/276 277/277/277
f  278/278/278 279/279/279 280/280/280
f  281/281/281 282/282/282 283/283/283
f  284/284/284 285/285/285 286/286/286
f  287/287/287 249/249/249 288/288/288
f  254/254/254 249/249/249 287/287/287
f  289/289/289 251/251/251 290/290/290
f  249/249/249 251/251/251 289/289/289
f  291/291/291 290/290/290 292/292/292
f  289/289/289 290/290/290 291/291/291
f  293/293/293 249/249/249 289/289/289
f  288/288/288 249/249/249 293/293/293
f  294/294/294 254/254/254 287/287/287
f  256/256/256 254/254/254 294/294/294
f  287/287/287 293/293/293 294/294/294
f  288/288/288 293/293/293 287/287/287
f  256/256/256 295/295/295 255/255/255
f  296/296/296 297/297/297 298/298/298
f  298/298/298 297/297/297 299/299/299
f  300/300/300 301/301/301 296/296/296
f  296/296/296 301/301/301 297/297/297
f  302/302/302 303/303/303 304/304/304
f  304/304/304 303/303/303 305/305/305
f  306/306/306 307/307/307 300/300/300
f  300/300/300 307/307/307 301/301/301
f  308/308/308 309/309/309 302/302/302
f  302/302/302 309/309/309 303/303/303
f  310/310/310 311/311/311 312/312/312
f  312/312/312 311/311/311 313/313/313
f  314/314/314 315/315/315 316/316/316
f  316/316/316 315/315/315 317/317/317
f  298/298/298 299/299/299 318/318/318
f  318/318/318 299/299/299 319/319/319
f  320/320/320 295/295/295 256/256/256
f  321/321/321 322/322/322 323/323/323
f  324/324/324 322/322/322 321/321/321
f  292/292/292 324/324/324 291/291/291
f  325/325/325 326/326/326 327/327/327
f  328/328/328 326/326/326 325/325/325
f  329/329/329 327/327/327 330/330/330
f  325/325/325 327/327/327 329/329/329
f  331/331/331 1/1/1 3/3/3
f  332/332/332 1/1/1 331/331/331
f  327/327/327 4/4/4 6/6/6
f  326/326/326 4/4/4 327/327/327
f  328/328/328 333/333/333 326/326/326
f  334/334/334 333/333/333 328/328/328
f  335/335/335 330/330/330 336/336/336
f  329/329/329 330/330/330 335/335/335
f  334/334/334 337/337/337 333/333/333
f  338/338/338 337/337/337 334/334/334
f  339/339/339 340/340/340 341/341/341
f  342/342/342 340/340/340 339/339/339
f  343/343/343 344/344/344 345/345/345
f  346/346/346 344/344/344 343/343/343
f  347/347/347 9/9/9 8/8/8
f  348/348/348 9/9/9 347/347/347
f  349/349/349 12/12/12 11/11/11
f  350/350/350 12/12/12 349/349/349
f  342/342/342 351/351/351 340/340/340
f  352/352/352 351/351/351 342/342/342
f  353/353/353 345/345/345 354/354/354
f  343/343/343 345/345/345 353/353/353
f  352/352/352 354/354/354 351/351/351
f  353/353/353 354/354/354 352/352/352
f  355/355/355 356/356/356 357/357/357
f  358/358/358 356/356/356 355/355/355
f  359/359/359 13/13/13 15/15/15
f  360/360/360 13/13/13 359/359/359
f  361/361/361 362/362/362 363/363/363
f  355/355/355 362/362/362 361/361/361
f  358/358/358 364/364/364 356/356/356
f  365/365/365 364/364/364 358/358/358
f  358/358/358 16/16/16 18/18/18
f  355/355/355 16/16/16 358/358/358
f  366/366/366 363/363/363 367/367/367
f  361/361/361 363/363/363 366/366/366
f  365/365/365 368/368/368 364/364/364
f  369/369/369 368/368/368 365/365/365
f  370/370/370 371/371/371 372/372/372
f  373/373/373 371/371/371 370/370/370
f  374/374/374 372/372/372 375/375/375
f  370/370/370 372/372/372 374/374/374
f  376/376/376 20/20/20 19/19/19
f  377/377/377 20/20/20 376/376/376
f  378/378/378 375/375/375 379/379/379
f  374/374/374 375/375/375 378/378/378
f  373/373/373 380/380/380 371/371/371
f  381/381/381 380/380/380 373/373/373
f  372/372/372 23/23/23 22/22/22
f  371/371/371 23/23/23 372/372/372
f  381/381/381 382/382/382 380/380/380
f  383/383/383 382/382/382 381/381/381
f  384/384/384 385/385/385 386/386/386
f  387/387/387 385/385/385 384/384/384
f  388/388/388 386/386/386 389/389/389
f  384/384/384 386/386/386 388/388/388
f  387/387/387 26/26/26 25/25/25
f  384/384/384 26/26/26 387/387/387
f  390/390/390 389/389/389 391/391/391
f  388/388/388 389/389/389 390/390/390
f  387/387/387 392/392/392 393/393/393
f  394/394/394 392/392/392 387/387/387
f  395/395/395 29/29/29 28/28/28
f  396/396/396 29/29/29 395/395/395
f  394/394/394 397/397/397 392/392/392
f  398/398/398 397/397/397 394/394/394
f  399/399/399 400/400/400 401/401/401
f  402/402/402 400/400/400 399/399/399
f  403/403/403 401/401/401 404/404/404
f  399/399/399 401/401/401 403/403/403
f  405/405/405 33/33/33 32/32/32
f  406/406/406 33/33/33 405/405/405
f  407/407/407 404/404/404 408/408/408
f  403/403/403 404/404/404 407/407/407
f  409/409/409 410/410/410 411/411/411
f  412/412/412 410/410/410 409/409/409
f  413/413/413 36/36/36 35/35/35
f  414/414/414 36/36/36 413/413/413
f  412/412/412 408/408/408 410/410/410
f  407/407/407 408/408/408 412/412/412
f  415/415/415 324/324/324 292/292/292
f  416/416/416 320/320/320 322/322/322
f  417/417/417 418/418/418 419/419/419
f  419/419/419 418/418/418 420/420/420
f  295/295/295 320/320/320 416/416/416
f  421/421/421 324/324/324 321/321/321
f  291/291/291 324/324/324 421/421/421
f  421/421/421 289/289/289 291/291/291
f  293/293/293 289/289/289 421/421/421
f  422/422/422 322/322/322 320/320/320
f  323/323/323 322/322/322 422/422/422
f  422/422/422 256/256/256 294/294/294
f  423/423/423 417/417/417 424/424/424
f  424/424/424 417/417/417 419/419/419
f  320/320/320 256/256/256 422/422/422
f  294/294/294 421/421/421 422/422/422
f  293/293/293 421/421/421 294/294/294
f  321/321/321 422/422/422 421/421/421
f  323/323/323 422/422/422 321/321/321
f  318/318/318 319/319/319 425/425/425
f  425/425/425 319/319/319 426/426/426
f  427/427/427 428/428/428 306/306/306
f  306/306/306 428/428/428 307/307/307
f  429/429/429 430/430/430 427/427/427
f  427/427/427 430/430/430 428/428/428
f  314/314/314 431/431/431 315/315/315
f  315/315/315 431/431/431 432/432/432
f  312/312/312 313/313/313 433/433/433
f  433/433/433 313/313/313 434/434/434
f  435/435/435 436/436/436 308/308/308
f  308/308/308 436/436/436 309/309/309
f  437/437/437 432/432/432 438/438/438
f  438/438/438 432/432/432 431/431/431
f  433/433/433 434/434/434 439/439/439
f  439/439/439 434/434/434 440/440/440
f  425/425/425 426/426/426 429/429/429
f  429/429/429 426/426/426 430/430/430
f  423/423/423 424/424/424 441/441/441
f  441/441/441 424/424/424 442/442/442
f  443/443/443 444/444/444 445/445/445
f  446/446/446 447/447/447 448/448/448
f  439/439/439 440/440/440 449/449/449
f  449/449/449 440/440/440 450/450/450
f  451/451/451 452/452/452 453/453/453
f  454/454/454 452/452/452 451/451/451
f  455/455/455 456/456/456 457/457/457
f  458/458/458 456/456/456 455/455/455
f  459/459/459 460/460/460 461/461/461
f  462/462/462 460/460/460 459/459/459
f  463/463/463 453/453/453 464/464/464
f  451/451/451 453/453/453 463/463/463
f  465/465/465 466/466/466 467/467/467
f  468/468/468 466/466/466 465/465/465
f  469/469/469 470/470/470 471/471/471
f  472/472/472 470/470/470 469/469/469
f  473/473/473 464/464/464 474/474/474
f  463/463/463 464/464/464 473/473/473
f  475/475/475 467/467/467 466/466/466
f  476/476/476 467/467/467 475/475/475
f  462/462/462 477/477/477 460/460/460
f  478/478/478 477/477/477 462/462/462
f  478/478/478 479/479/479 477/477/477
f  480/480/480 479/479/479 478/478/478
f  478/478/478 459/459/459 480/480/480
f  462/462/462 459/459/459 478/478/478
f  481/481/481 461/461/461 482/482/482
f  459/459/459 461/461/461 481/481/481
f  455/455/455 443/443/443 446/446/446
f  483/483/483 484/484/484 485/485/485
f  486/486/486 484/484/484 483/483/483
f  487/487/487 485/485/485 484/484/484
f  488/488/488 485/485/485 487/487/487
f  488/488/488 489/489/489 485/485/485
f  490/490/490 489/489/489 488/488/488
f  491/491/491 485/485/485 489/489/489
f  483/483/483 485/485/485 491/491/491
f  492/492/492 39/39/39 38/38/38
f  493/493/493 39/39/39 492/492/492
f  494/494/494 42/42/42 41/41/41
f  495/495/495 42/42/42 494/494/494
f  496/496/496 484/484/484 497/497/497
f  487/487/487 484/484/484 496/496/496
f  486/486/486 497/497/497 484/484/484
f  498/498/498 497/497/497 486/486/486
f  499/499/499 500/500/500 501/501/501
f  502/502/502 500/500/500 499/499/499
f  503/503/503 501/501/501 500/500/500
f  504/504/504 501/501/501 503/503/503
f  498/498/498 505/505/505 497/497/497
f  506/506/506 505/505/505 498/498/498
f  507/507/507 497/497/497 505/505/505
f  496/496/496 497/497/497 507/507/507
f  508/508/508 509/509/509 510/510/510
f  511/511/511 509/509/509 508/508/508
f  512/512/512 510/510/510 509/509/509
f  513/513/513 510/510/510 512/512/512
f  513/513/513 514/514/514 510/510/510
f  515/515/515 514/514/514 513/513/513
f  516/516/516 510/510/510 514/514/514
f  508/508/508 510/510/510 516/516/516
f  517/517/517 45/45/45 44/44/44
f  518/518/518 45/45/45 517/517/517
f  519/519/519 48/48/48 47/47/47
f  515/515/515 48/48/48 519/519/519
f  520/520/520 521/521/521 522/522/522
f  523/523/523 521/521/521 520/520/520
f  524/524/524 523/523/523 520/520/520
f  525/525/525 523/523/523 524/524/524
f  515/515/515 526/526/526 514/514/514
f  519/519/519 526/526/526 515/515/515
f  527/527/527 514/514/514 526/526/526
f  516/516/516 514/514/514 527/527/527
f  522/522/522 526/526/526 520/520/520
f  527/527/527 526/526/526 522/522/522
f  519/519/519 520/520/520 526/526/526
f  524/524/524 520/520/520 519/519/519
f  528/528/528 51/51/51 50/50/50
f  529/529/529 51/51/51 528/528/528
f  530/530/530 531/531/531 532/532/532
f  533/533/533 531/531/531 530/530/530
f  534/534/534 532/532/532 535/535/535
f  530/530/530 532/532/532 534/534/534
f  536/536/536 535/535/535 537/537/537
f  534/534/534 535/535/535 536/536/536
f  538/538/538 539/539/539 540/540/540
f  541/541/541 539/539/539 538/538/538
f  533/533/533 542/542/542 531/531/531
f  538/538/538 542/542/542 533/533/533
f  543/543/543 54/54/54 53/53/53
f  544/544/544 54/54/54 543/543/543
f  545/545/545 546/546/546 547/547/547
f  548/548/548 546/546/546 545/545/545
f  549/549/549 57/57/57 56/56/56
f  550/550/550 57/57/57 549/549/549
f  548/548/548 551/551/551 546/546/546
f  552/552/552 551/551/551 548/548/548
f  552/552/552 553/553/553 551/551/551
f  554/554/554 553/553/553 552/552/552
f  555/555/555 556/556/556 557/557/557
f  558/558/558 556/556/556 555/555/555
f  559/559/559 60/60/60 59/59/59
f  560/560/560 60/60/60 559/559/559
f  554/554/554 557/557/557 553/553/553
f  555/555/555 557/557/557 554/554/554
f  561/561/561 562/562/562 563/563/563
f  564/564/564 562/562/562 561/561/561
f  565/565/565 63/63/63 62/62/62
f  566/566/566 63/63/63 565/565/565
f  564/564/564 567/567/567 562/562/562
f  568/568/568 567/567/567 564/564/564
f  568/568/568 569/569/569 567/567/567
f  570/570/570 569/569/569 568/568/568
f  571/571/571 572/572/572 573/573/573
f  574/574/574 572/572/572 571/571/571
f  570/570/570 573/573/573 569/569/569
f  571/571/571 573/573/573 570/570/570
f  575/575/575 64/64/64 66/66/66
f  576/576/576 64/64/64 575/575/575
f  577/577/577 578/578/578 579/579/579
f  580/580/580 578/578/578 577/577/577
f  581/581/581 579/579/579 582/582/582
f  577/577/577 579/579/579 581/581/581
f  583/583/583 582/582/582 584/584/584
f  581/581/581 582/582/582 583/583/583
f  585/585/585 586/586/586 587/587/587
f  588/588/588 586/586/586 585/585/585
f  580/580/580 587/587/587 578/578/578
f  585/585/585 587/587/587 580/580/580
f  457/457/457 443/443/443 455/455/455
f  417/417/417 589/589/589 418/418/418
f  446/446/446 445/445/445 447/447/447
f  443/443/443 445/445/445 446/446/446
f  480/480/480 481/481/481 590/590/590
f  419/419/419 420/420/420 591/591/591
f  459/459/459 481/481/481 480/480/480
f  592/592/592 482/482/482 593/593/593
f  481/481/481 482/482/482 592/592/592
f  475/475/475 594/594/594 476/476/476
f  595/595/595 594/594/594 475/475/475
f  596/596/596 474/474/474 597/597/597
f  473/473/473 474/474/474 596/596/596
f  472/472/472 598/598/598 470/470/470
f  599/599/599 598/598/598 472/472/472
f  480/480/480 600/600/600 479/479/479
f  590/590/590 600/600/600 480/480/480
f  599/599/599 601/601/601 598/598/598
f  602/602/602 601/601/601 599/599/599
f  590/590/590 603/603/603 600/600/600
f  604/604/604 603/603/603 590/590/590
f  592/592/592 590/590/590 481/481/481
f  604/604/604 590/590/590 592/592/592
f  604/604/604 593/593/593 603/603/603
f  592/592/592 593/593/593 604/604/604
f  605/605/605 606/606/606 607/607/607
f  608/608/608 606/606/606 605/605/605
f  608/608/608 609/609/609 606/606/606
f  610/610/610 609/609/609 608/608/608
f  611/611/611 605/605/605 612/612/612
f  608/608/608 605/605/605 611/611/611
f  613/613/613 607/607/607 614/614/614
f  605/605/605 607/607/607 613/613/613
f  615/615/615 614/614/614 616/616/616
f  617/617/617 618/618/618 619/619/619
f  619/619/619 618/618/618 620/620/620
f  621/621/621 126/126/126 139/139/139
f  127/127/127 126/126/126 621/621/621
f  127/127/127 622/622/622 623/623/623
f  624/624/624 622/622/622 127/127/127
f  625/625/625 286/286/286 626/626/626
f  626/626/626 286/286/286 285/285/285
f  123/123/123 627/627/627 628/628/628
f  122/122/122 627/627/627 123/123/123
f  123/123/123 629/629/629 124/124/124
f  630/630/630 629/629/629 123/123/123
f  619/619/619 620/620/620 631/631/631
f  631/631/631 620/620/620 632/632/632
f  633/633/633 634/634/634 617/617/617
f  617/617/617 634/634/634 618/618/618
f  635/635/635 636/636/636 633/633/633
f  633/633/633 636/636/636 634/634/634
f  206/206/206 637/637/637 215/215/215
f  638/638/638 639/639/639 635/635/635
f  635/635/635 639/639/639 636/636/636
f  640/640/640 641/641/641 642/642/642
f  643/643/643 644/644/644 645/645/645
f  646/646/646 644/644/644 643/643/643
f  647/647/647 644/644/644 648/648/648
f  645/645/645 644/644/644 647/647/647
f  642/642/642 641/641/641 649/649/649
f  650/650/650 283/283/283 651/651/651
f  651/651/651 283/283/283 282/282/282
f  642/642/642 649/649/649 652/652/652
f  652/652/652 649/649/649 653/653/653
f  654/654/654 655/655/655 640/640/640
f  640/640/640 655/655/655 641/641/641
f  656/656/656 280/280/280 657/657/657
f  657/657/657 280/280/280 279/279/279
f  658/658/658 659/659/659 654/654/654
f  654/654/654 659/659/659 655/655/655
f  660/660/660 661/661/661 658/658/658
f  658/658/658 661/661/661 659/659/659
f  662/662/662 663/663/663 664/664/664
f  664/664/664 663/663/663 665/665/665
f  666/666/666 665/665/665 667/667/667
f  667/667/667 665/665/665 663/663/663
f  668/668/668 669/669/669 670/670/670
f  670/670/670 669/669/669 671/671/671
f  672/672/672 671/671/671 673/673/673
f  673/673/673 671/671/671 669/669/669
f  674/674/674 675/675/675 662/662/662
f  125/125/125 629/629/629 676/676/676
f  124/124/124 629/629/629 125/125/125
f  122/122/122 677/677/677 627/627/627
f  125/125/125 677/677/677 122/122/122
f  662/662/662 675/675/675 663/663/663
f  678/678/678 679/679/679 680/680/680
f  129/129/129 622/622/622 681/681/681
f  623/623/623 622/622/622 129/129/129
f  680/680/680 679/679/679 682/682/682
f  683/683/683 682/682/682 684/684/684
f  129/129/129 147/147/147 126/126/126
f  685/685/685 147/147/147 129/129/129
f  135/135/135 132/132/132 686/686/686
f  130/130/130 132/132/132 135/135/135
f  686/686/686 133/133/133 151/151/151
f  132/132/132 133/133/133 686/686/686
f  687/687/687 686/686/686 688/688/688
f  135/135/135 686/686/686 687/687/687
f  167/167/167 688/688/688 689/689/689
f  687/687/687 688/688/688 167/167/167
f  171/171/171 687/687/687 167/167/167
f  690/690/690 687/687/687 171/171/171
f  667/667/667 663/663/663 691/691/691
f  691/691/691 663/663/663 675/675/675
f  692/692/692 277/277/277 693/693/693
f  693/693/693 277/277/277 276/276/276
f  694/694/694 274/274/274 691/691/691
f  691/691/691 274/274/274 273/273/273
f  694/694/694 695/695/695 668/668/668
f  668/668/668 695/695/695 669/669/669
f  646/646/646 696/696/696 644/644/644
f  697/697/697 696/696/696 646/646/646
f  648/648/648 696/696/696 698/698/698
f  644/644/644 696/696/696 648/648/648
f  673/673/673 669/669/669 699/699/699
f  699/699/699 669/669/669 695/695/695
f  699/699/699 695/695/695 674/674/674
f  674/674/674 695/695/695 675/675/675
f  691/691/691 675/675/675 694/694/694
f  694/694/694 675/675/675 695/695/695
f  700/700/700 701/701/701 702/702/702
f  702/702/702 701/701/701 703/703/703
f  704/704/704 270/270/270 705/705/705
f  705/705/705 270/270/270 269/269/269
f  702/702/702 703/703/703 706/706/706
f  706/706/706 703/703/703 707/707/707
f  708/708/708 686/686/686 151/151/151
f  688/688/688 686/686/686 708/708/708
f  193/193/193 688/688/688 708/708/708
f  689/689/689 688/688/688 193/193/193
f  709/709/709 193/193/193 708/708/708
f  191/191/191 193/193/193 709/709/709
f  165/165/165 689/689/689 710/710/710
f  167/167/167 689/689/689 165/165/165
f  196/196/196 689/689/689 193/193/193
f  710/710/710 689/689/689 196/196/196
f  166/166/166 169/169/169 167/167/167
f  170/170/170 169/169/169 166/166/166
f  684/684/684 682/682/682 679/679/679
f  711/711/711 610/610/610 679/679/679
f  679/679/679 610/610/610 684/684/684
f  678/678/678 712/712/712 679/679/679
f  697/697/697 713/713/713 696/696/696
f  714/714/714 713/713/713 697/697/697
f  715/715/715 716/716/716 717/717/717
f  718/718/718 716/716/716 715/715/715
f  719/719/719 717/717/717 716/716/716
f  720/720/720 717/717/717 719/719/719
f  698/698/698 713/713/713 721/721/721
f  696/696/696 713/713/713 698/698/698
f  679/679/679 712/712/712 711/711/711
f  683/683/683 613/613/613 682/682/682
f  682/682/682 613/613/613 615/615/615
f  615/615/615 722/722/722 682/682/682
f  166/166/166 710/710/710 723/723/723
f  165/165/165 710/710/710 166/166/166
f  192/192/192 197/197/197 193/193/193
f  195/195/195 197/197/197 192/192/192
f  197/197/197 710/710/710 196/196/196
f  723/723/723 710/710/710 197/197/197
f  682/682/682 722/722/722 680/680/680
f  724/724/724 711/711/711 725/725/725
f  718/718/718 726/726/726 716/716/716
f  727/727/727 726/726/726 718/718/718
f  723/723/723 202/202/202 166/166/166
f  728/728/728 202/202/202 723/723/723
f  727/727/727 729/729/729 726/726/726
f  730/730/730 729/729/729 727/727/727
f  731/731/731 716/716/716 726/726/726
f  719/719/719 716/716/716 731/731/731
f  725/725/725 711/711/711 712/712/712
f  732/732/732 722/722/722 616/616/616
f  728/728/728 197/197/197 229/229/229
f  723/723/723 197/197/197 728/728/728
f  729/729/729 731/731/731 726/726/726
f  733/733/733 731/731/731 729/729/729
f  616/616/616 722/722/722 615/615/615
f  722/722/722 712/712/712 680/680/680
f  680/680/680 712/712/712 678/678/678
f  711/711/711 724/724/724 610/610/610
f  610/610/610 724/724/724 609/609/609
f  612/612/612 683/683/683 611/611/611
f  611/611/611 683/683/683 684/684/684
f  610/610/610 608/608/608 684/684/684
f  684/684/684 608/608/608 611/611/611
f  612/612/612 605/605/605 683/683/683
f  683/683/683 605/605/605 613/613/613
f  613/613/613 614/614/614 615/615/615
f  734/734/734 735/735/735 700/700/700
f  700/700/700 735/735/735 701/701/701
f  736/736/736 737/737/737 738/738/738
f  738/738/738 737/737/737 739/739/739
f  738/738/738 739/739/739 734/734/734
f  734/734/734 739/739/739 735/735/735
f  740/740/740 741/741/741 742/742/742
f  742/742/742 741/741/741 743/743/743
f  744/744/744 267/267/267 745/745/745
f  745/745/745 267/267/267 266/266/266
f  742/742/742 746/746/746 747/747/747
f  747/747/747 746/746/746 748/748/748
f  749/749/749 750/750/750 740/740/740
f  740/740/740 750/750/750 741/741/741
f  751/751/751 265/265/265 752/752/752
f  752/752/752 265/265/265 264/264/264
f  753/753/753 754/754/754 755/755/755
f  755/755/755 754/754/754 756/756/756
f  755/755/755 756/756/756 749/749/749
f  749/749/749 756/756/756 750/750/750
f  757/757/757 758/758/758 759/759/759
f  759/759/759 758/758/758 760/760/760
f  761/761/761 762/762/762 763/763/763
f  763/763/763 762/762/762 764/764/764
f  765/765/765 766/766/766 767/767/767
f  768/768/768 766/766/766 765/765/765
f  769/769/769 767/767/767 766/766/766
f  770/770/770 767/767/767 769/769/769
f  771/771/771 259/259/259 258/258/258
f  772/772/772 259/259/259 771/771/771
f  768/768/768 773/773/773 766/766/766
f  774/774/774 773/773/773 768/768/768
f  775/775/775 766/766/766 773/773/773
f  769/769/769 766/766/766 775/775/775
f  776/776/776 262/262/262 261/261/261
f  777/777/777 262/262/262 776/776/776
f  757/757/757 767/767/767 758/758/758
f  765/765/765 767/767/767 757/757/757
f  770/770/770 758/758/758 767/767/767
f  778/778/778 758/758/758 770/770/770
f  778/778/778 760/760/760 758/758/758
f  779/779/779 760/760/760 778/778/778
f  780/780/780 764/764/764 762/762/762
f  781/781/781 764/764/764 780/780/780

g
v  0.000007 -5012.136230 249.801041
v  1058.000000 -5008.873047 248.267914
v  -0.000018 -4696.478516 660.130554
v  976.000000 -4696.478516 660.130554
v  1056.000000 -4213.399902 479.752716
v  -0.000038 -4210.285156 479.208496
v  1062.000000 -4943.293457 -668.136108
v  0.000025 -4943.293457 -668.136108
v  1056.000000 -4115.110352 -688.585876
v  1062.000000 -4943.293457 -668.136108
v  1058.000000 -5008.873047 248.267914
v  -975.000000 -4696.478516 660.130554
v  -1057.000000 -5008.873047 248.267868
v  -1061.000000 -4943.293457 -668.136169
v  -1055.000000 -4213.400391 479.752655
v  -0.000017 -4111.847168 -690.119080
v  -1055.000000 -4115.110840 -688.585938
v  -0.000163 -4528.152344 -1049.539551
v  1055.999878 -4528.152344 -1049.539551
v  -1061.000000 -4943.293457 -668.136169
v  -1057.000000 -5008.873047 248.267868
v  -1057.000122 -4528.152344 -1049.539429
v  244.999969 -2347.090820 -3855.474365
v  286.000031 -3933.705322 -2957.766846
v  245.000000 -2940.590576 -4274.084961
v  246.000031 -3606.074951 -4057.346436
v  -0.000055 -2365.438721 -2835.928711
v  0.000026 -3933.705322 -2957.766846
v  244.999939 -2365.438721 -2835.928711
v  -284.999969 -3933.705322 -2957.766846
v  -244.000061 -2365.438721 -2835.928711
v  -244.000031 -2347.090820 -3855.474365
v  -244.000000 -2940.590820 -4274.084961
v  -244.999969 -3606.075195 -4057.346436
v  2191.000000 -3929.647217 2108.576416
v  1607.000122 -3929.647217 2108.576416
v  2191.000000 -2979.337891 1559.813232
v  1775.000000 -2979.337891 1559.813232
v  2191.000244 -3928.450684 3205.789063
v  1422.000244 -3928.450684 3205.789063
v  -2192.000000 -3929.647217 2108.576904
v  -1607.999878 -3929.647217 2108.576660
v  -2191.999756 -3928.450684 3205.789551
v  -1422.999756 -3928.450684 3205.789307
v  -2192.000000 -2979.337891 1559.813599
v  -1776.000000 -2979.337891 1559.813477
v  -2192.000000 -2028.634277 2108.859863
v  0.000114 -2028.634277 2108.859619
v  0.000061 -2979.337891 1559.813354
v  2191.000000 -2028.634277 2108.859619
v  -2665.197754 -4014.846680 -2234.629150
v  -1881.152832 -3653.463135 -1683.360229
v  -1882.332642 -4140.177734 -2074.344482
v  245.000061 -3788.286377 -4582.157715
v  248.000061 -4009.266357 -4079.361816
v  -0.000033 -2347.090820 -3855.474365
v  0.000007 -2940.590576 -4274.084961
v  0.000065 -3942.219238 -4634.557129
v  -243.999939 -3788.286377 -4582.157715
v  -246.999939 -4009.266602 -4079.361816
v  2191.000000 -3929.647217 2108.576416
v  2191.000000 -2979.337891 1559.813232
v  2191.000244 -3928.450684 3205.789063
v  2191.000244 -2978.549561 3755.432373
v  2191.000244 -2028.240234 3206.669189
v  2191.000000 -2028.634277 2108.859619
v  2191.000244 -2978.549561 3755.432373
v  1715.000244 -2978.549561 3755.432373
v  -2191.999756 -2978.549561 3755.432617
v  -1715.999756 -2978.549561 3755.432617
v  -2191.999756 -3928.450684 3205.789551
v  -2191.999756 -2978.549561 3755.432617
v  -2192.000000 -3929.647217 2108.576904
v  -2192.000000 -2979.337891 1559.813599
v  -2192.000000 -2028.634277 2108.859863
v  -2191.999756 -2028.240112 3206.669434
v  -2191.999756 -2028.240112 3206.669434
v  0.000202 -2028.240234 3206.669189
v  2191.000244 -2028.240234 3206.669189
v  -2666.968018 -3528.131104 -1844.189697
v  -2822.349609 -4392.522461 -1764.383179
v  -2666.968018 -3528.131104 -1844.189697
v  -2665.197754 -4014.846680 -2234.629150
v  -2823.962402 -3906.921875 -1374.799316
v  -2039.507080 -4518.846191 -1603.978027
v  0.000220 -2548.339844 3492.678711
v  1754.000244 -2548.339844 3492.678711
v  2191.000244 -2028.240234 3206.669189
v  0.000369 -4124.744629 5526.854492
v  1011.000366 -4059.704590 5307.701660
v  0.000386 -3688.794434 5697.325684
v  1086.000366 -3520.307617 5518.369629
v  -1011.999634 -4059.704346 5307.702148
v  -1086.999634 -3520.307617 5518.370117
v  1657.000244 -2602.586670 4548.878418
v  0.000305 -2602.586670 4548.878906
v  1754.000244 -2548.339844 3492.678711
v  0.000220 -2548.339844 3492.678711
v  -1657.999756 -2602.586670 4548.878906
v  -1754.999756 -2548.339844 3492.678955
v  -503.999969 -3218.570068 -4160.034180
v  -244.000000 -2894.106201 -4226.669922
v  -243.999985 -3218.570068 -4160.034180
v  -504.000000 -2894.106201 -4226.669922
v  -243.999985 -3364.296143 -3700.560791
v  -504.000000 -3364.296143 -3700.560791
v  -504.000000 -3364.296143 -3700.560791
v  -504.000031 -2350.947021 -3849.985352
v  -504.000000 -2894.106201 -4226.669922
v  -504.000061 -2415.381592 -2853.527100
v  -504.000061 -2415.381592 -2853.527100
v  -244.000046 -2415.381592 -2853.527100
v  -244.000031 -2350.947021 -3849.985352
v  -244.000000 -2894.106201 -4226.669922
v  -504.000031 -2350.947021 -3849.985352
v  -1754.999756 -2548.339844 3492.678955
v  -2191.999756 -2028.240112 3206.669434
v  -2041.097168 -4032.252930 -1214.514648
v  -3611.847900 -3848.863770 -2289.885498
v  -2690.668457 -3662.106934 -1831.749512
v  -2689.886475 -3998.063721 -2100.921143
v  504.999969 -2350.947021 -3849.985352
v  244.999969 -2350.947021 -3849.985352
v  504.999939 -2415.381592 -2853.527100
v  244.999954 -2415.381592 -2853.527100
v  245.000015 -3364.296143 -3700.560791
v  505.000000 -3364.296143 -3700.560791
v  505.000000 -2894.106201 -4226.669922
v  245.000000 -2894.106201 -4226.669922
v  505.000000 -3364.296143 -3700.560791
v  505.000000 -2894.106201 -4226.669922
v  504.999939 -2415.381592 -2853.527100
v  504.999969 -2350.947021 -3849.985352
v  245.000015 -3218.570068 -4160.034180
v  505.000031 -3218.570068 -4160.034180
v  245.000000 -2894.106201 -4226.669922
v  -3613.635986 -3513.898926 -2020.775024
v  -3720.633057 -4110.338867 -1965.667358
v  -2797.665771 -4258.546875 -1776.641724
v  -3613.635986 -3513.898926 -2020.775024
v  -2799.453857 -3923.582275 -1507.531372
v  -3721.415283 -3774.382324 -1696.495605
v  -3625.039307 -3654.739990 -2295.170410
v  -2131.469238 -2294.674072 -1900.133667
v  -1933.424438 -2565.604004 -2119.526611
v  -3823.106689 -3384.802490 -2075.657227
v  -3529.976563 -3856.333008 -1962.345703
v  -1838.361572 -2767.197266 -1786.701904
v  -2035.422974 -2496.267578 -1567.127441
v  -3727.037842 -3585.403564 -1742.771240
v  -1961.577148 -3208.637695 -448.676361
v  -1465.940552 -4517.780762 -2143.716309
v  -1504.025391 -3519.671387 -2926.664551
v  -1694.626343 -4362.325195 -905.210144
v  -1771.937012 -2364.990967 -2470.432861
v  -2000.622803 -2209.535400 -1231.926636
v  -2788.375977 -3363.307373 -4467.124023
v  -2659.052246 -2734.828857 -4861.488770
v  -3187.746826 -3331.209229 -3829.389404
v  587.000000 -4499.150391 724.984558
v  -0.000021 -4499.150391 724.984619
v  586.999878 -4915.102539 -175.815613
v  -0.000097 -4915.102539 -175.815567
v  -588.000122 -4915.102539 -175.815521
v  -588.000000 -4499.150391 724.984680
v  -563.000122 -4209.851074 -501.115997
v  -0.000132 -3630.220215 -769.097351
v  -2354.605469 -3468.204102 -1789.936523
v  -2973.929199 -2371.954590 -1391.257690
v  -2745.243408 -2527.410156 -2629.763672
v  -2935.844482 -3370.063965 -608.309387
v  -2667.932861 -4524.744629 -1064.541138
v  -2439.247070 -4680.200195 -2303.047363
v  -2478.292725 -3681.097900 -3086.297607
v  2353.985840 -3468.075439 -1793.042236
v  2351.960205 -3680.816650 -3095.313721
v  2661.605469 -2527.143066 -2666.550781
v  2388.834717 -4680.006836 -2312.069824
v  2736.008301 -4524.652344 -1101.410278
v  3046.580811 -3369.985352 -673.040649
v  3008.779053 -2371.788574 -1455.891235
v  -0.000097 -4915.102539 -175.815567
v  561.999878 -4209.851074 -501.116089
v  561.999939 -3795.876221 393.676483
v  -2568.283936 -2673.713867 3167.974854
v  -2575.948730 -2791.534424 2956.450439
v  -1538.063477 -2366.860352 2700.945068
v  -1569.895264 -2492.090332 2503.670654
v  -2837.686523 -2538.325195 3138.887695
v  -1650.764893 -2183.719971 2604.966309
v  -2720.031494 -2615.416748 2869.354492
v  -1687.133057 -2309.592041 2407.594482
v  -1785.362305 -3006.325195 2715.438232
v  -3092.046143 -3019.189209 3371.240723
v  -1877.827148 -3152.154053 2531.291016
v  -2667.265625 -3158.021973 2931.307861
v  -2575.948730 -2791.534424 2956.450439
v  -1850.816772 -2798.470703 2586.612061
v  -3246.471436 -2959.863281 3067.350586
v  -1945.143433 -2944.941650 2401.008545
v  -3092.046143 -3019.189209 3371.240723
v  -3134.629395 -3141.097412 3406.653564
v  -3319.404297 -3070.111816 3043.039307
v  -2084.637451 -3685.967529 2766.717285
v  -3134.629395 -3141.097412 3406.653564
v  -2267.044922 -3836.843262 2595.410400
v  -3115.774170 -3396.414551 3112.683350
v  -2667.265625 -3158.021973 2931.307861
v  -563.000061 -3795.876221 393.676575
v  -0.000057 -3218.427490 121.086823
v  -0.000132 -3630.220215 -769.097351
v  -1892.000244 -4528.681641 -2477.552002
v  -0.000278 -4528.681641 -2477.552002
v  -1892.000122 -4528.152344 -1049.539429
v  -0.000163 -4528.152344 -1049.539551
v  1890.999756 -4528.681641 -2477.552246
v  1890.999878 -4528.152344 -1049.539673
v  -0.000111 -3474.966064 -521.900757
v  1890.999878 -3474.966064 -521.900879
v  -1892.000122 -3474.966064 -521.900574
v  1890.999634 -3278.048584 -3110.165527
v  -0.000317 -3278.048584 -3110.165283
v  -1892.000366 -3278.048584 -3110.165283
v  6263.157715 -6737.786621 -2753.025879
v  6170.731934 -6818.062012 -1686.236938
v  5835.721191 -7016.252930 -3035.201904
v  6401.075684 -6656.208984 -2195.599854
v  -1892.000366 -3278.048584 -3110.165283
v  -1892.000244 -4528.681641 -2477.552002
v  -1892.000122 -3474.966064 -521.900574
v  -2085.220947 -3464.449463 2575.713623
v  -3319.404297 -3070.111816 3043.039307
v  -2269.412354 -3614.982178 2403.103027
v  -1892.000122 -4528.152344 -1049.539429
v  1890.999878 -4528.152344 -1049.539673
v  1890.999756 -4528.681641 -2477.552246
v  1890.999878 -3474.966064 -521.900879
v  1890.999634 -3278.048584 -3110.165527
v  1890.999634 -3278.048584 -3110.165527
v  1417.999878 -2417.989990 -1140.055908
v  1417.999756 -2418.053223 -2376.465332
v  1417.999878 -2417.989990 -1140.055908
v  -0.000150 -2408.792480 -1139.420654
v  -1419.000122 -2417.989990 -1140.055786
v  -1419.000122 -2417.989990 -1140.055786
v  -1419.000244 -2418.053223 -2376.465088
v  -1892.000366 -3278.048584 -3110.165283
v  1417.999756 -2418.053223 -2376.465332
v  -0.000250 -2408.855469 -2375.829834
v  -1419.000244 -2418.053223 -2376.465088
v  -503.999969 -3218.570068 -4160.034180
v  -3457.077881 -2672.385010 -3586.664551
v  -2928.383301 -2076.004639 -4618.763672
v  -3327.754150 -2043.906494 -3981.029053
v  -3597.165039 -3147.958984 -4040.619385
v  -4568.747559 -3627.279541 -3817.688965
v  -4575.762695 -3549.704834 -4036.032715
v  -3355.287842 -3127.480225 -3827.813965
v  5706.888672 -7129.569336 -1524.844727
v  5371.877441 -7327.760254 -2873.809570
v  -4796.947754 -3792.314941 -3774.760010
v  -5658.478027 -3559.071777 -4217.496094
v  -5525.961426 -3883.227539 -4336.921875
v  -4929.464355 -3468.159424 -3655.334229
v  -3355.287842 -3127.480225 -3827.813965
v  -4653.271484 -3420.520752 -3741.514648
v  -4568.747559 -3627.279541 -3817.688965
v  -3439.812012 -2920.721680 -3751.639893
v  -4660.286621 -3342.946045 -3959.858398
v  -3681.688965 -2941.200195 -3964.445068
v  -4575.762695 -3549.704834 -4036.032715
v  -3597.165039 -3147.958984 -4040.619385
v  -4548.511719 -3692.505859 -3770.001953
v  -4929.464355 -3468.159424 -3655.334229
v  -4796.947754 -3792.314941 -3774.760010
v  -4681.028320 -3368.350342 -3650.576416
v  -4694.228516 -3242.437744 -4006.985840
v  -4561.711914 -3566.593262 -4126.411621
v  5280.639160 -7408.137695 -1806.259155
v  5141.534180 -7489.613281 -2364.446777
v  -6011.847168 -3371.474365 -5118.791992
v  -5879.330566 -3695.630127 -5238.217773
v  -4118.833984 -3220.889160 -4585.719238
v  -4998.702148 -3112.007568 -4698.858887
v  -4866.185547 -3436.163086 -4818.284668
v  -4254.215820 -2889.724854 -4463.711426
v  -4118.181641 -1344.335449 -8519.786133
v  -3985.665039 -1668.490967 -8639.211914
v  -3438.457031 -1936.920044 -7241.465820
v  -4365.169434 -2548.801025 -5515.290527
v  -4230.503906 -2878.213135 -5636.652832
v  -3556.647461 -1647.808350 -7134.951172
v  -4254.215820 -2889.724854 -4463.711426
v  -3904.534180 -2963.890381 -5045.498047
v  -4039.916016 -2632.725830 -4923.489746
v  -4118.833984 -3220.889160 -4585.719238
v  -4958.242188 -3567.446533 -4564.090820
v  -5090.758789 -3243.291016 -4444.665527
v  976.000000 -4696.478516 660.130554
v  1657.000000 -4515.965332 -577.787415
v  1062.000000 -4943.293457 -668.136108
v  1408.000000 -5376.703125 -758.385315
v  1062.000000 -4943.293457 -668.136108
v  1657.000000 -4515.965332 -577.787415
v  1057.000000 -4850.108887 -912.016541
v  1057.000000 -4850.108887 -912.016541
v  3038.211670 -3387.907471 3271.333496
v  3234.725342 -3050.224121 3259.444092
v  2993.683838 -3153.681641 3579.743164
v  3153.430908 -2944.737549 3277.577393
v  3234.725342 -3050.224121 3259.444092
v  2616.666260 -3153.792480 3029.718994
v  2993.683838 -3153.681641 3579.743164
v  2951.980713 -3031.202148 3545.266846
v  -4105.033203 -7171.488281 3270.602539
v  -4292.926270 -7033.993652 3803.776611
v  -4306.182129 -7093.324219 2731.166260
v  -4780.025879 -6846.499023 2500.397461
v  1055.999878 -4528.152344 -1049.539551
v  -975.000000 -4696.478516 660.130554
v  -1056.000000 -4850.109375 -912.016602
v  -1656.000000 -4515.965820 -577.787476
v  -1061.000000 -4943.293457 -668.136169
v  -1056.000000 -4850.109375 -912.016602
v  -1061.000000 -4943.293457 -668.136169
v  -1656.000000 -4515.965820 -577.787476
v  -1407.000000 -5376.703125 -758.385376
v  -1057.000122 -4528.152344 -1049.539429
v  2718.469971 -2544.643799 3303.088135
v  2951.980713 -3031.202148 3545.266846
v  2504.709473 -2793.625244 3061.800781
v  2652.934814 -2606.582031 3012.738770
v  1541.000000 -4850.108887 -912.016541
v  1057.000000 -4850.108887 -912.016541
v  2454.978027 -2691.547119 3275.786377
v  -1540.000000 -4850.109375 -912.016602
v  -5248.600098 -6574.871582 2714.141846
v  -4761.500000 -6762.366211 4017.520996
v  -1056.000000 -4850.109375 -912.016602
v  5464.599609 -6198.291504 3918.027344
v  4582.165527 -6592.001465 4387.870117
v  5458.428223 -6266.517090 3340.281494
v  5101.604004 -6333.197754 4351.150879
v  4209.312500 -6822.843750 4004.826660
v  5085.574707 -6497.359375 2957.238037
v  4203.141113 -6891.068848 3427.080811
v  -5436.492676 -6437.376953 3247.315918
v  -5234.442871 -6515.221680 3786.460693
v  4565.372070 -6755.785645 2993.434814
v  1211.000000 -3816.013184 -3392.118652
v  -1210.000000 -3816.013428 -3392.118652
v  1299.000122 -4380.587891 2405.451172
v  1607.000122 -3929.647217 2108.576416
v  1422.000244 -3928.450684 3205.789063
v  1162.000244 -3779.027100 4296.169434
v  -1422.999756 -3928.450684 3205.789307
v  -1299.999878 -4380.587891 2405.451416
v  -1162.999756 -3779.027100 4296.169922
v  -1607.999878 -3929.647217 2108.576660
v  1715.000244 -2978.549561 3755.432373
v  -1715.999756 -2978.549561 3755.432617
v  0.000067 -4079.215820 -4415.445313
v  2616.666260 -3153.792480 3029.718994
v  2338.499756 -3586.205078 2411.865479
v  2120.219971 -3455.217041 2558.756836
v  2313.774902 -3821.150635 2586.219238
v  2993.683838 -3153.681641 3579.743164
v  2097.458496 -3689.662598 2732.164551
v  2504.709473 -2793.625244 3061.800781
v  1987.327271 -2930.060059 2395.718018
v  1855.415405 -2800.752686 2570.871582
v  2951.980713 -3031.202148 3545.266846
v  2993.683838 -3153.681641 3579.743164
v  1908.688477 -3148.362793 2498.683350
v  1778.890503 -3019.523438 2672.691650
v  1578.474365 -2499.743408 2459.686035
v  1701.527954 -2306.684082 2397.501953
v  1625.607300 -2196.623779 2593.064697
v  1507.064575 -2390.149902 2655.907471
v  -3092.046143 -3019.189209 3371.240723
v  -3134.629395 -3141.097412 3406.653564
v  -3134.629395 -3141.097412 3406.653564
v  505.000031 -3218.570068 -4160.034180
v  4867.083984 -3436.393799 -4818.658691
v  4959.140137 -3567.677246 -4564.465332
v  4999.600586 -3112.238281 -4699.232910
v  5091.656738 -3243.521729 -4445.039551
v  4695.126953 -3242.668213 -4007.360352
v  4562.610352 -3566.823975 -4126.786133
v  4040.814209 -2632.956543 -4923.864258
v  4366.067871 -2549.031494 -5515.664551
v  3905.432373 -2964.120850 -5045.872070
v  4231.402344 -2878.443604 -5637.027344
v  4255.113770 -2889.955566 -4464.085938
v  4119.731934 -3221.119873 -4586.093750
v  3439.355225 -1937.150757 -7241.839844
v  3557.545654 -1648.038940 -7135.325195
v  5880.229004 -3695.860840 -5238.592285
v  3986.563232 -1668.721802 -8639.585938
v  6012.745605 -3371.705322 -5119.166504
v  4119.079590 -1344.566284 -8520.160156
v  4119.731934 -3221.119873 -4586.093750
v  4255.113770 -2889.955566 -4464.085938
v  5526.859863 -3883.458252 -4337.296387
v  5659.376465 -3559.302734 -4217.870605
v  4681.926758 -3368.580811 -3650.950684
v  4549.410156 -3692.736328 -3770.376465
v  4797.846191 -3792.545410 -3775.134521
v  4930.362793 -3468.389893 -3655.708740
v  3188.151611 -3331.666992 -3828.598389
v  3457.482910 -2672.842529 -3585.873779
v  2659.457275 -2735.286377 -4860.697754
v  2928.788330 -2076.462158 -4617.972656
v  3682.093994 -2941.657959 -3963.654053
v  4661.185059 -3343.176758 -3960.232910
v  3597.569824 -3148.416748 -4039.828369
v  4576.660645 -3549.935303 -4036.406982
v  3440.217041 -2921.179199 -3750.848877
v  4654.169922 -3420.751465 -3741.889160
v  3355.692871 -3127.937988 -3827.023193
v  4569.645996 -3627.510010 -3818.063477
v  4797.846191 -3792.545410 -3775.134521
v  4930.362793 -3468.389893 -3655.708740
v  3597.569824 -3148.416748 -4039.828369
v  4576.660645 -3549.935303 -4036.406982
v  3355.692871 -3127.937988 -3827.023193
v  4569.645996 -3627.510010 -3818.063477
v  3328.159424 -2044.364258 -3980.238037
v  2788.780762 -3363.764893 -4466.333008
v  1708.209717 -2364.865234 -2413.975098
v  1397.637329 -3519.531982 -2842.344971
v  2055.383301 -2209.510742 -1203.315552
v  2092.258057 -3208.700684 -420.071655
v  1782.612549 -4362.374512 -848.834595
v  1435.439087 -4517.729004 -2059.494141
v  1840.383545 -2767.135010 -1739.898682
v  3507.265869 -3856.035645 -2078.170166
v  2057.691895 -2496.203369 -1540.343872
v  3724.574219 -3585.104004 -1878.615479
v  3788.031494 -3384.455566 -2219.197998
v  2121.114990 -2294.562500 -1881.043823
v  3569.727783 -3654.395264 -2418.594482
v  1902.845337 -2565.494629 -2080.322754
v  2796.352539 -4258.362793 -1822.678467
v  3696.740967 -4110.017090 -2099.913574
v  2824.074951 -3923.426514 -1554.958496
v  2659.658203 -3527.956787 -1877.206787
v  1856.539185 -4140.079590 -2030.603638
v  1893.056152 -3653.406494 -1641.274902
v  2620.257568 -4014.631348 -2265.708252
v  2861.281738 -3906.776855 -1425.210938
v  2620.257568 -4014.631348 -2265.708252
v  2659.658203 -3527.956787 -1877.206787
v  2822.120361 -4392.336426 -1812.875977
v  2058.436523 -4518.777344 -1577.653809
v  2097.563477 -4032.225098 -1190.106323
v  3584.853027 -3513.584717 -2144.363525
v  2657.738037 -3997.859375 -2135.006592
v  2684.464844 -3661.930908 -1867.128540
v  3557.130859 -3848.521240 -2412.083496
v  3723.467773 -3774.088379 -1832.035400
v  3584.853027 -3513.584717 -2144.363525

vt  0.109375 -1.882813 0.000000
vt  0.109375 -1.765625 0.000000
vt  0.171875 -1.882813 0.000000
vt  0.171875 -1.773438 0.000000
vt  0.234375 -1.765625 0.000000
vt  0.234375 -1.890625 0.000000
vt  0.007813 -1.765625 0.000000
vt  0.007813 -1.882813 0.000000
vt  0.375000 -1.765625 0.000000
vt  0.359375 -1.671875 0.000000
vt  0.257813 -1.671875 0.000000
vt  0.171875 -1.773438 0.000000
vt  0.109375 -1.765625 0.000000
vt  0.007813 -1.765625 0.000000
vt  0.234375 -1.765625 0.000000
vt  0.375000 -1.882813 0.000000
vt  0.375000 -1.765625 0.000000
vt  0.429688 -1.882813 0.000000
vt  0.421875 -1.765625 0.000000
vt  0.359375 -1.671875 0.000000
vt  0.257813 -1.671875 0.000000
vt  0.421875 -1.765625 0.000000
vt  0.195313 -1.421875 0.000000
vt  0.046875 -1.265625 0.000000
vt  0.226563 -1.351563 0.000000
vt  0.195313 -1.281250 0.000000
vt  0.078125 -1.468750 0.000000
vt  0.031250 -1.296875 0.000000
vt  0.085938 -1.437500 0.000000
vt  0.046875 -1.265625 0.000000
vt  0.085938 -1.437500 0.000000
vt  0.195313 -1.421875 0.000000
vt  0.226563 -1.351563 0.000000
vt  0.195313 -1.281250 0.000000
vt  0.500000 -1.554688 0.000000
vt  0.562500 -1.554688 0.000000
vt  0.500000 -1.695313 0.000000
vt  0.546875 -1.695313 0.000000
vt  0.500000 -1.695313 0.000000
vt  0.585938 -1.695313 0.000000
vt  0.500000 -1.554688 0.000000
vt  0.562500 -1.554688 0.000000
vt  0.500000 -1.695313 0.000000
vt  0.585938 -1.695313 0.000000
vt  0.500000 -1.695313 0.000000
vt  0.546875 -1.695313 0.000000
vt  0.500000 -1.835938 0.000000
vt  0.750000 -1.835938 0.000000
vt  0.750000 -1.695313 0.000000
vt  0.500000 -1.835938 0.000000
vt  0.132813 -1.945313 0.000000
vt  0.218750 -1.984375 0.000000
vt  0.218750 -1.945313 0.000000
vt  0.250000 -1.250000 0.000000
vt  0.187500 -1.234375 0.000000
vt  0.210938 -1.453125 0.000000
vt  0.250000 -1.367188 0.000000
vt  0.281250 -1.242188 0.000000
vt  0.250000 -1.250000 0.000000
vt  0.187500 -1.234375 0.000000
vt  0.429688 -1.398438 0.000000
vt  0.484375 -1.507813 0.000000
vt  0.273438 -1.398438 0.000000
vt  0.218750 -1.507813 0.000000
vt  0.281250 -1.625000 0.000000
vt  0.414063 -1.625000 0.000000
vt  0.500000 -1.843750 0.000000
vt  0.546875 -1.843750 0.000000
vt  0.500000 -1.843750 0.000000
vt  0.546875 -1.843750 0.000000
vt  0.273438 -1.398438 0.000000
vt  0.218750 -1.507813 0.000000
vt  0.429688 -1.398438 0.000000
vt  0.484375 -1.507813 0.000000
vt  0.414063 -1.625000 0.000000
vt  0.281250 -1.625000 0.000000
vt  0.500000 -1.992188 0.000000
vt  0.750000 -1.984375 0.000000
vt  0.500000 -1.992188 0.000000
vt  0.132813 -1.984375 0.000000
vt  0.132813 -1.906250 0.000000
vt  0.179688 -1.945313 0.000000
vt  0.179688 -1.906250 0.000000
vt  0.132813 -1.945313 0.000000
vt  0.218750 -1.906250 0.000000
vt  0.750000 -1.906250 0.000000
vt  0.546875 -1.906250 0.000000
vt  0.500000 -1.984375 0.000000
vt  0.250000 -1.000000 0.000000
vt  0.421875 -1.007813 0.000000
vt  0.218750 -1.062500 0.000000
vt  0.382813 -1.062500 0.000000
vt  0.421875 -1.007813 0.000000
vt  0.382813 -1.062500 0.000000
vt  0.445313 -1.195313 0.000000
vt  0.328125 -1.281250 0.000000
vt  0.554688 -1.234375 0.000000
vt  0.414063 -1.359375 0.000000
vt  0.445313 -1.195313 0.000000
vt  0.554688 -1.234375 0.000000
vt  0.007813 -1.039063 0.000000
vt  0.039063 -1.007813 0.000000
vt  0.046875 -1.039063 0.000000
vt  0.007813 -1.007813 0.000000
vt  0.039063 -1.085938 0.000000
vt  0.007813 -1.085938 0.000000
vt  0.062500 -1.023438 0.000000
vt  0.148438 -1.101563 0.000000
vt  0.140625 -1.023438 0.000000
vt  0.062500 -1.171875 0.000000
vt  0.007813 -1.218750 0.000000
vt  0.039063 -1.218750 0.000000
vt  0.039063 -1.085938 0.000000
vt  0.039063 -1.000000 0.000000
vt  0.007813 -1.085938 0.000000
vt  0.546875 -1.906250 0.000000
vt  0.500000 -1.984375 0.000000
vt  0.218750 -1.945313 0.000000
vt  0.031250 -1.945313 0.000000
vt  0.132813 -1.984375 0.000000
vt  0.132813 -1.945313 0.000000
vt  0.007813 -1.085938 0.000000
vt  0.039063 -1.085938 0.000000
vt  0.007813 -1.218750 0.000000
vt  0.039063 -1.218750 0.000000
vt  0.039063 -1.085938 0.000000
vt  0.007813 -1.085938 0.000000
vt  0.007813 -1.007813 0.000000
vt  0.039063 -1.000000 0.000000
vt  0.062500 -1.023438 0.000000
vt  0.140625 -1.023438 0.000000
vt  0.062500 -1.171875 0.000000
vt  0.148438 -1.101563 0.000000
vt  0.046875 -1.039063 0.000000
vt  0.007813 -1.039063 0.000000
vt  0.039063 -1.007813 0.000000
vt  0.031250 -1.992188 0.000000
vt  0.031250 -1.906250 0.000000
vt  0.132813 -1.906250 0.000000
vt  0.031250 -1.984375 0.000000
vt  0.132813 -1.945313 0.000000
vt  0.031250 -1.945313 0.000000
vt  0.007813 -1.945313 0.000000
vt  0.218750 -1.984375 0.000000
vt  0.218750 -1.945313 0.000000
vt  0.007813 -1.984375 0.000000
vt  0.007813 -1.906250 0.000000
vt  0.218750 -1.906250 0.000000
vt  0.218750 -1.945313 0.000000
vt  0.007813 -1.945313 0.000000
vt  0.492188 -1.515625 0.000000
vt  0.281250 -1.398438 0.000000
vt  0.218750 -1.515625 0.000000
vt  0.421875 -1.398438 0.000000
vt  0.281250 -1.625000 0.000000
vt  0.421875 -1.625000 0.000000
vt  0.906250 -1.000000 0.000000
vt  0.992188 -1.054688 0.000000
vt  0.812500 -1.054688 0.000000
vt  0.007813 -1.554688 0.000000
vt  0.007813 -1.492188 0.000000
vt  0.117188 -1.554688 0.000000
vt  0.117188 -1.492188 0.000000
vt  0.117188 -1.554688 0.000000
vt  0.007813 -1.554688 0.000000
vt  0.117188 -1.648438 0.000000
vt  0.179688 -1.726563 0.000000
vt  0.351563 -1.507813 0.000000
vt  0.281250 -1.625000 0.000000
vt  0.421875 -1.625000 0.000000
vt  0.218750 -1.515625 0.000000
vt  0.281250 -1.398438 0.000000
vt  0.421875 -1.398438 0.000000
vt  0.492188 -1.515625 0.000000
vt  0.351563 -1.507813 0.000000
vt  0.492188 -1.515625 0.000000
vt  0.421875 -1.625000 0.000000
vt  0.421875 -1.398438 0.000000
vt  0.281250 -1.398438 0.000000
vt  0.218750 -1.515625 0.000000
vt  0.281250 -1.625000 0.000000
vt  0.187500 -1.562500 0.000000
vt  0.117188 -1.648438 0.000000
vt  0.007813 -1.648438 0.000000
vt  0.320313 -1.945313 0.000000
vt  0.328125 -1.906250 0.000000
vt  0.460938 -1.945313 0.000000
vt  0.460938 -1.906250 0.000000
vt  0.312500 -1.984375 0.000000
vt  0.460938 -1.992188 0.000000
vt  0.320313 -1.945313 0.000000
vt  0.460938 -1.945313 0.000000
vt  0.460938 -1.945313 0.000000
vt  0.250000 -1.945313 0.000000
vt  0.460938 -1.906250 0.000000
vt  0.335938 -1.906250 0.000000
vt  0.343750 -1.984375 0.000000
vt  0.460938 -1.984375 0.000000
vt  0.250000 -1.945313 0.000000
vt  0.460938 -1.945313 0.000000
vt  0.289063 -1.960938 0.000000
vt  0.296875 -1.937500 0.000000
vt  0.250000 -1.914063 0.000000
vt  0.460938 -1.945313 0.000000
vt  0.250000 -1.945313 0.000000
vt  0.468750 -1.906250 0.000000
vt  0.289063 -1.906250 0.000000
vt  0.343750 -1.984375 0.000000
vt  0.007813 -1.648438 0.000000
vt  0.007813 -1.742188 0.000000
vt  0.117188 -1.750000 0.000000
vt  0.531250 -1.554688 0.000000
vt  0.750000 -1.554688 0.000000
vt  0.531250 -1.710938 0.000000
vt  0.750000 -1.710938 0.000000
vt  0.531250 -1.554688 0.000000
vt  0.531250 -1.710938 0.000000
vt  0.750000 -1.843750 0.000000
vt  0.554688 -1.843750 0.000000
vt  0.554688 -1.843750 0.000000
vt  0.531250 -1.710938 0.000000
vt  0.750000 -1.710938 0.000000
vt  0.531250 -1.710938 0.000000
vt  0.695313 -1.523438 0.000000
vt  0.507813 -1.453125 0.000000
vt  0.765625 -1.453125 0.000000
vt  0.578125 -1.523438 0.000000
vt  0.484375 -1.507813 0.000000
vt  0.429688 -1.398438 0.000000
vt  0.218750 -1.507813 0.000000
vt  0.460938 -1.984375 0.000000
vt  0.250000 -1.945313 0.000000
vt  0.460938 -1.945313 0.000000
vt  0.273438 -1.398438 0.000000
vt  0.273438 -1.398438 0.000000
vt  0.429688 -1.398438 0.000000
vt  0.218750 -1.507813 0.000000
vt  0.484375 -1.507813 0.000000
vt  0.492188 -1.507813 0.000000
vt  0.281250 -1.625000 0.000000
vt  0.414063 -1.625000 0.000000
vt  0.585938 -1.984375 0.000000
vt  0.750000 -1.984375 0.000000
vt  0.585938 -1.984375 0.000000
vt  0.281250 -1.625000 0.000000
vt  0.414063 -1.625000 0.000000
vt  0.492188 -1.507813 0.000000
vt  0.554688 -1.843750 0.000000
vt  0.750000 -1.843750 0.000000
vt  0.554688 -1.843750 0.000000
vt  0.109375 -1.000000 0.000000
vt  0.812500 -1.148438 0.000000
vt  0.992188 -1.148438 0.000000
vt  0.906250 -1.203125 0.000000
vt  0.882813 -1.875000 0.000000
vt  0.898438 -1.984375 0.000000
vt  0.882813 -1.984375 0.000000
vt  0.898438 -1.843750 0.000000
vt  0.500000 -1.335938 0.000000
vt  0.765625 -1.335938 0.000000
vt  0.796875 -1.992188 0.000000
vt  0.843750 -1.875000 0.000000
vt  0.796875 -1.875000 0.000000
vt  0.843750 -1.992188 0.000000
vt  0.929688 -1.851563 0.000000
vt  0.898438 -1.984375 0.000000
vt  0.921875 -1.992188 0.000000
vt  0.898438 -1.843750 0.000000
vt  0.882813 -1.984375 0.000000
vt  0.882813 -1.875000 0.000000
vt  0.859375 -1.984375 0.000000
vt  0.859375 -1.875000 0.000000
vt  0.984375 -1.953125 0.000000
vt  0.945313 -1.992188 0.000000
vt  0.984375 -1.984375 0.000000
vt  0.945313 -1.953125 0.000000
vt  0.945313 -1.906250 0.000000
vt  0.984375 -1.906250 0.000000
vt  0.578125 -1.265625 0.000000
vt  0.695313 -1.265625 0.000000
vt  0.843750 -1.750000 0.000000
vt  0.796875 -1.750000 0.000000
vt  0.992188 -1.687500 0.000000
vt  0.945313 -1.796875 0.000000
vt  0.984375 -1.796875 0.000000
vt  0.937500 -1.687500 0.000000
vt  0.843750 -1.187500 0.000000
vt  0.796875 -1.187500 0.000000
vt  0.906250 -1.398438 0.000000
vt  0.867188 -1.656250 0.000000
vt  0.906250 -1.656250 0.000000
vt  0.867188 -1.398438 0.000000
vt  0.867188 -1.812500 0.000000
vt  0.906250 -1.742188 0.000000
vt  0.867188 -1.742188 0.000000
vt  0.906250 -1.812500 0.000000
vt  0.984375 -1.828125 0.000000
vt  0.945313 -1.828125 0.000000
vt  0.210938 -1.710938 0.000000
vt  0.679688 -1.242188 0.000000
vt  0.617188 -1.179688 0.000000
vt  0.664063 -1.125000 0.000000
vt  0.664063 -1.148438 0.000000
vt  0.679688 -1.250000 0.000000
vt  0.726563 -1.148438 0.000000
vt  0.390625 -1.679688 0.000000
vt  0.289063 -1.906250 0.000000
vt  0.250000 -1.945313 0.000000
vt  0.250000 -1.906250 0.000000
vt  0.250000 -1.945313 0.000000
vt  0.250000 -1.914063 0.000000
vt  0.335938 -1.906250 0.000000
vt  0.250000 -1.914063 0.000000
vt  0.250000 -1.945313 0.000000
vt  0.578125 -1.265625 0.000000
vt  0.507813 -1.335938 0.000000
vt  0.695313 -1.265625 0.000000
vt  0.765625 -1.335938 0.000000
vt  0.406250 -1.718750 0.000000
vt  0.210938 -1.710938 0.000000
vt  0.390625 -1.679688 0.000000
vt  0.679688 -1.250000 0.000000
vt  0.664063 -1.148438 0.000000
vt  0.726563 -1.148438 0.000000
vt  0.617188 -1.179688 0.000000
vt  0.679688 -1.242188 0.000000
vt  0.664063 -1.125000 0.000000
vt  0.406250 -1.718750 0.000000
vt  0.312500 -1.984375 0.000000
vt  0.250000 -1.984375 0.000000
vt  0.328125 -1.906250 0.000000
vt  0.320313 -1.945313 0.000000
vt  0.710938 -1.187500 0.000000
vt  0.773438 -1.195313 0.000000
vt  0.320313 -1.945313 0.000000
vt  0.710938 -1.187500 0.000000
vt  0.773438 -1.453125 0.000000
vt  0.507813 -1.453125 0.000000
vt  0.773438 -1.195313 0.000000
vt  0.695313 -1.523438 0.000000
vt  0.507813 -1.453125 0.000000
vt  0.773438 -1.453125 0.000000
vt  0.578125 -1.531250 0.000000
vt  0.507813 -1.335938 0.000000
vt  0.765625 -1.335938 0.000000
vt  0.578125 -1.265625 0.000000
vt  0.695313 -1.523438 0.000000
vt  0.578125 -1.531250 0.000000
vt  0.695313 -1.265625 0.000000
vt  0.109375 -1.156250 0.000000
vt  0.109375 -1.156250 0.000000
vt  0.742188 -1.046875 0.000000
vt  0.773438 -1.117188 0.000000
vt  0.648438 -1.085938 0.000000
vt  0.523438 -1.062500 0.000000
vt  0.648438 -1.085938 0.000000
vt  0.742188 -1.046875 0.000000
vt  0.523438 -1.062500 0.000000
vt  0.773438 -1.117188 0.000000
vt  0.570313 -1.187500 0.000000
vt  0.570313 -1.187500 0.000000
vt  0.257813 -1.218750 0.000000
vt  0.343750 -1.984375 0.000000
vt  0.460938 -1.945313 0.000000
vt  0.460938 -1.984375 0.000000
vt  0.468750 -1.906250 0.000000
vt  0.250000 -1.945313 0.000000
vt  0.460938 -1.945313 0.000000
vt  0.343750 -1.984375 0.000000
vt  0.460938 -1.945313 0.000000
vt  0.460938 -1.984375 0.000000
vt  0.289063 -1.960938 0.000000
vt  0.296875 -1.937500 0.000000
vt  0.460938 -1.906250 0.000000
vt  0.460938 -1.945313 0.000000
vt  0.460938 -1.906250 0.000000
vt  0.460938 -1.945313 0.000000
vt  0.460938 -1.992188 0.000000
vt  0.460938 -1.945313 0.000000
vt  0.250000 -1.984375 0.000000
vt  0.250000 -1.914063 0.000000
vt  0.250000 -1.906250 0.000000
vt  0.109375 -1.000000 0.000000
vt  0.984375 -1.796875 0.000000
vt  0.984375 -1.828125 0.000000
vt  0.945313 -1.796875 0.000000
vt  0.945313 -1.828125 0.000000
vt  0.945313 -1.906250 0.000000
vt  0.984375 -1.906250 0.000000
vt  0.867188 -1.742188 0.000000
vt  0.867188 -1.656250 0.000000
vt  0.906250 -1.742188 0.000000
vt  0.906250 -1.656250 0.000000
vt  0.867188 -1.812500 0.000000
vt  0.906250 -1.812500 0.000000
vt  0.906250 -1.398438 0.000000
vt  0.867188 -1.398438 0.000000
vt  0.796875 -1.750000 0.000000
vt  0.796875 -1.187500 0.000000
vt  0.843750 -1.750000 0.000000
vt  0.843750 -1.187500 0.000000
vt  0.992188 -1.687500 0.000000
vt  0.937500 -1.687500 0.000000
vt  0.796875 -1.875000 0.000000
vt  0.843750 -1.875000 0.000000
vt  0.945313 -1.953125 0.000000
vt  0.984375 -1.953125 0.000000
vt  0.984375 -1.984375 0.000000
vt  0.945313 -1.992188 0.000000
vt  0.812500 -1.054688 0.000000
vt  0.812500 -1.148438 0.000000
vt  0.992188 -1.054688 0.000000
vt  0.992188 -1.148438 0.000000
vt  0.882813 -1.875000 0.000000
vt  0.882813 -1.984375 0.000000
vt  0.859375 -1.875000 0.000000
vt  0.859375 -1.984375 0.000000
vt  0.898438 -1.843750 0.000000
vt  0.898438 -1.984375 0.000000
vt  0.929688 -1.851563 0.000000
vt  0.921875 -1.992188 0.000000
vt  0.796875 -1.992188 0.000000
vt  0.843750 -1.992188 0.000000
vt  0.882813 -1.875000 0.000000
vt  0.882813 -1.984375 0.000000
vt  0.898438 -1.843750 0.000000
vt  0.898438 -1.984375 0.000000
vt  0.906250 -1.203125 0.000000
vt  0.906250 -1.000000 0.000000
vt  0.281250 -1.625000 0.000000
vt  0.218750 -1.515625 0.000000
vt  0.421875 -1.625000 0.000000
vt  0.492188 -1.515625 0.000000
vt  0.421875 -1.398438 0.000000
vt  0.281250 -1.398438 0.000000
vt  0.218750 -1.906250 0.000000
vt  0.007813 -1.906250 0.000000
vt  0.218750 -1.945313 0.000000
vt  0.007813 -1.945313 0.000000
vt  0.007813 -1.984375 0.000000
vt  0.218750 -1.984375 0.000000
vt  0.007813 -1.945313 0.000000
vt  0.218750 -1.945313 0.000000
vt  0.132813 -1.906250 0.000000
vt  0.031250 -1.906250 0.000000
vt  0.132813 -1.945313 0.000000
vt  0.132813 -1.984375 0.000000
vt  0.218750 -1.945313 0.000000
vt  0.218750 -1.984375 0.000000
vt  0.132813 -1.945313 0.000000
vt  0.132813 -1.945313 0.000000
vt  0.179688 -1.906250 0.000000
vt  0.179688 -1.945313 0.000000
vt  0.132813 -1.906250 0.000000
vt  0.218750 -1.906250 0.000000
vt  0.218750 -1.945313 0.000000
vt  0.031250 -1.992188 0.000000
vt  0.132813 -1.945313 0.000000
vt  0.132813 -1.984375 0.000000
vt  0.031250 -1.945313 0.000000
vt  0.031250 -1.945313 0.000000
vt  0.031250 -1.984375 0.000000

vn  -0.000002 -0.977020 0.213146
vn  0.453179 -0.838542 0.302451
vn  -0.000001 -0.277157 0.960825
vn  0.461559 -0.246122 0.852284
vn  0.734191 0.404033 0.545637
vn  0.000694 0.866291 0.499538
vn  0.884744 -0.159310 0.438004
vn  0.000989 -0.997284 -0.073651
vn  0.642436 0.709026 -0.290790
vn  0.884744 -0.159310 0.438004
vn  0.453179 -0.838542 0.302451
vn  -0.461559 -0.246122 0.852284
vn  -0.705157 -0.627451 0.330240
vn  -0.614255 -0.621839 0.485805
vn  -0.493151 0.655978 0.571397
vn  -0.000545 0.926305 -0.376775
vn  -0.911961 0.380333 -0.153860
vn  0.002165 -0.957346 0.288935
vn  0.705985 0.466036 -0.533288
vn  -0.614255 -0.621839 0.485805
vn  -0.705157 -0.627451 0.330240
vn  -0.449214 0.587110 -0.673431
vn  0.589986 0.647139 -0.482832
vn  0.892191 0.269676 0.362313
vn  0.826899 0.254129 -0.501654
vn  0.950666 0.300860 0.075615
vn  0.000000 0.811554 0.584278
vn  0.000000 -0.077456 0.996996
vn  0.340443 0.637138 0.691487
vn  -0.892191 0.269676 0.362312
vn  -0.414801 0.361425 0.835052
vn  -0.589959 0.772061 -0.236370
vn  -0.797055 0.299695 -0.524296
vn  -0.898085 0.424887 0.113640
vn  0.353631 -0.884101 -0.305468
vn  0.279310 -0.810047 -0.515568
vn  0.750017 -0.125011 -0.649498
vn  -0.000000 0.189047 -0.981968
vn  0.602828 -0.603329 0.522103
vn  0.489372 -0.815725 0.308396
vn  -0.603119 -0.603161 -0.521963
vn  -0.268945 -0.936518 -0.224949
vn  -0.353396 -0.883785 0.306651
vn  -0.493409 -0.721463 0.485838
vn  -0.755948 0.000014 -0.654631
vn  -0.000000 0.114756 -0.993394
vn  -0.499948 0.749975 -0.433116
vn  -0.000000 0.802923 -0.596083
vn  -0.000000 0.500108 -0.865963
vn  0.416983 0.729788 -0.541788
vn  -0.188506 0.239766 -0.952354
vn  0.223145 0.891238 -0.394843
vn  0.115032 -0.426389 -0.897196
vn  0.754516 -0.175886 -0.632274
vn  0.903097 -0.391131 -0.177291
vn  -0.000000 0.891905 -0.452222
vn  0.000007 0.445251 -0.895406
vn  -0.000529 -0.259994 -0.965610
vn  -0.618585 -0.211257 -0.756784
vn  -0.959816 -0.256563 -0.113708
vn  0.353631 -0.884101 -0.305468
vn  0.750017 -0.125011 -0.649498
vn  0.602828 -0.603329 0.522103
vn  0.748034 0.130965 0.650610
vn  0.345596 0.704880 0.619442
vn  0.416983 0.729788 -0.541788
vn  0.748034 0.130965 0.650610
vn  0.617544 -0.307175 0.724074
vn  -0.754924 0.003694 0.655802
vn  -0.739107 -0.232089 0.632342
vn  -0.353396 -0.883785 0.306651
vn  -0.754924 0.003694 0.655802
vn  -0.603119 -0.603161 -0.521963
vn  -0.755948 0.000014 -0.654631
vn  -0.499948 0.749975 -0.433116
vn  -0.260928 0.661594 0.703000
vn  -0.260928 0.661594 0.703000
vn  0.000000 0.900655 0.434535
vn  0.345596 0.704880 0.619442
vn  -0.564106 0.824977 0.034588
vn  -0.727372 -0.618124 -0.298081
vn  -0.564106 0.824977 0.034588
vn  -0.188506 0.239766 -0.952354
vn  -0.601710 -0.112901 0.790695
vn  -0.224312 -0.890814 0.395138
vn  0.000000 0.847432 0.530905
vn  0.203065 0.619083 0.758617
vn  0.345596 0.704880 0.619442
vn  -0.069636 -0.372149 0.925557
vn  0.664407 -0.403684 0.628970
vn  0.045193 0.221304 0.974157
vn  0.383895 0.280786 0.879650
vn  -0.789084 -0.391894 0.473039
vn  -0.430705 -0.083084 0.898660
vn  0.859887 0.377760 0.343355
vn  0.000092 0.919298 0.393563
vn  0.203065 0.619083 0.758617
vn  0.000000 0.847432 0.530905
vn  -0.827661 0.302642 0.472636
vn  -0.212482 0.761360 0.612521
vn  -0.278389 -0.642733 -0.713718
vn  0.000000 0.060135 -0.998190
vn  0.000000 -0.669187 -0.743094
vn  -0.583183 0.273682 -0.764850
vn  0.000000 -0.964442 0.264293
vn  -0.872652 -0.470979 0.129066
vn  -0.872652 -0.470979 0.129066
vn  -0.601313 0.771396 -0.208257
vn  -0.583183 0.273682 -0.764850
vn  -0.531914 -0.177622 0.827960
vn  -0.531914 -0.177622 0.827960
vn  0.000000 0.835377 0.549677
vn  0.000000 0.804371 -0.594128
vn  0.000000 0.060135 -0.998190
vn  -0.601313 0.771396 -0.208257
vn  -0.212482 0.761360 0.612521
vn  -0.260928 0.661594 0.703000
vn  -0.115904 0.425190 0.897652
vn  0.226597 0.193721 -0.954529
vn  0.224277 0.891110 -0.394491
vn  0.115331 -0.426156 -0.897268
vn  0.352177 0.752837 -0.556064
vn  0.000000 0.965436 -0.260642
vn  0.782396 0.520257 0.342329
vn  0.000000 -0.209757 0.977753
vn  0.000000 -0.964442 0.264293
vn  0.511748 -0.828587 0.227064
vn  0.732773 0.040920 -0.679242
vn  0.000000 0.336905 -0.941539
vn  0.511748 -0.828587 0.227064
vn  0.732773 0.040920 -0.679242
vn  0.782396 0.520257 0.342329
vn  0.352177 0.752837 -0.556064
vn  0.000000 -0.669187 -0.743094
vn  0.501520 -0.578944 -0.642885
vn  0.000000 0.336905 -0.941539
vn  0.110204 0.968523 0.223198
vn  -0.110289 -0.968596 -0.222840
vn  -0.224321 -0.890950 0.394828
vn  0.110204 0.968523 0.223198
vn  -0.115415 0.425821 0.897416
vn  -0.226555 -0.193357 0.954613
vn  0.008152 0.146617 -0.989160
vn  -0.432286 0.751338 -0.498618
vn  0.333898 -0.379448 -0.862862
vn  -0.546430 0.828886 0.119840
vn  0.546208 -0.829069 -0.119587
vn  0.432060 -0.751474 0.498609
vn  -0.333849 0.379102 0.863033
vn  -0.008223 -0.146746 0.989140
vn  0.973734 0.162595 0.159388
vn  0.973786 0.162229 0.159443
vn  0.973734 0.162595 0.159388
vn  0.973786 0.162229 0.159443
vn  0.973682 0.162961 0.159332
vn  0.973682 0.162961 0.159332
vn  0.841038 0.152609 0.519005
vn  0.841038 0.152608 0.519005
vn  0.841038 0.152608 0.519005
vn  0.718381 -0.631569 0.291632
vn  0.000000 -0.907883 0.419223
vn  0.676115 -0.736072 -0.032672
vn  0.000130 -0.938380 -0.345605
vn  -0.410630 -0.704557 -0.578776
vn  -0.718386 -0.631568 0.291622
vn  -0.898423 0.215610 -0.382554
vn  0.000028 -0.017506 -0.999847
vn  -0.973758 -0.162508 -0.159334
vn  -0.878972 -0.405036 -0.251701
vn  -0.928285 -0.371542 0.015574
vn  -0.887141 -0.189921 -0.420608
vn  -0.944813 0.058934 -0.322265
vn  -0.994202 0.092583 -0.054684
vn  -0.985839 -0.122781 0.114224
vn  0.953844 -0.162366 -0.252622
vn  0.992276 -0.122667 0.018496
vn  0.925496 -0.371425 -0.074166
vn  0.984267 0.092716 -0.150405
vn  0.909279 0.059089 -0.411972
vn  0.842410 -0.189763 -0.504317
vn  0.850613 -0.404897 -0.335435
vn  0.000130 -0.938380 -0.345605
vn  0.719277 0.112254 -0.685594
vn  0.966952 0.231398 -0.107047
vn  0.459566 -0.187947 0.868029
vn  0.596569 -0.789855 -0.142247
vn  0.446781 -0.168638 0.878605
vn  0.163487 -0.950239 -0.265176
vn  -0.281176 0.823624 0.492528
vn  -0.291025 0.956599 -0.014920
vn  -0.461203 0.339395 -0.819818
vn  -0.369227 -0.142049 -0.918419
vn  0.449973 0.126287 0.884068
vn  0.180981 -0.097478 0.978644
vn  0.074690 -0.988250 0.133353
vn  0.895710 0.026031 -0.443876
vn  0.596569 -0.789855 -0.142247
vn  -0.082048 0.983211 -0.162987
vn  -0.703287 0.520165 -0.484579
vn  -0.448765 -0.149129 -0.881119
vn  0.180981 -0.097478 0.978644
vn  -0.252944 -0.165683 0.953189
vn  -0.704627 0.368538 -0.606366
vn  0.561271 0.114949 0.819610
vn  -0.252944 -0.165683 0.953189
vn  -0.272267 -0.905839 0.324542
vn  -0.679110 -0.731588 -0.059904
vn  0.895710 0.026031 -0.443876
vn  -0.929633 0.334430 -0.154724
vn  0.000441 0.907585 -0.419868
vn  0.000028 -0.017506 -0.999847
vn  -0.608463 -0.578876 -0.542840
vn  -0.000000 -0.939771 -0.341806
vn  -0.358218 -0.876890 0.320538
vn  0.002165 -0.957346 0.288935
vn  0.608463 -0.578876 -0.542840
vn  0.281874 -0.816265 0.504241
vn  0.000000 0.108215 0.994128
vn  0.843097 0.139540 0.519342
vn  -0.812389 0.101755 0.574169
vn  0.685626 0.430816 -0.586783
vn  -0.000000 -0.100483 -0.994939
vn  -0.571820 0.393800 -0.719683
vn  0.552687 -0.833257 -0.014818
vn  0.553058 -0.833008 -0.014952
vn  0.553417 -0.832767 -0.015088
vn  0.552723 -0.833234 -0.014813
vn  -0.571820 0.393800 -0.719683
vn  -0.608463 -0.578876 -0.542840
vn  -0.812389 0.101755 0.574169
vn  0.273470 0.904203 -0.328073
vn  -0.704627 0.368538 -0.606366
vn  -0.562088 -0.122504 -0.817955
vn  -0.358218 -0.876890 0.320538
vn  0.281874 -0.816265 0.504241
vn  0.608463 -0.578876 -0.542840
vn  0.843097 0.139540 0.519342
vn  0.685626 0.430816 -0.586783
vn  0.685626 0.430816 -0.586783
vn  0.386543 0.841011 0.378529
vn  0.364703 0.877102 -0.312544
vn  0.386543 0.841011 0.378529
vn  -0.001485 0.917875 0.396866
vn  -0.296798 0.776480 0.555868
vn  -0.296798 0.776480 0.555868
vn  -0.451573 0.873867 -0.180108
vn  -0.571820 0.393800 -0.719683
vn  0.364703 0.877102 -0.312544
vn  0.001020 0.878056 -0.478558
vn  -0.451573 0.873867 -0.180108
vn  -0.278389 -0.642733 -0.713718
vn  0.841038 0.152608 0.519005
vn  0.841038 0.152608 0.519005
vn  0.841038 0.152608 0.519005
vn  0.263824 -0.650766 -0.711969
vn  0.378336 -0.915835 0.134567
vn  0.047135 -0.126127 -0.990894
vn  0.276160 -0.656263 0.702178
vn  0.553889 -0.832451 -0.015252
vn  0.553096 -0.832975 -0.015403
vn  -0.314763 -0.438766 0.841670
vn  -0.647751 -0.482131 0.589888
vn  -0.773399 -0.472052 0.423110
vn  -0.102227 -0.380423 0.919145
vn  0.276160 -0.656263 0.702178
vn  -0.044181 0.127341 0.990874
vn  0.378336 -0.915835 0.134567
vn  -0.262347 0.651374 0.711960
vn  -0.376860 0.916442 -0.134576
vn  -0.273207 0.657478 -0.702197
vn  0.047135 -0.126127 -0.990894
vn  0.263824 -0.650766 -0.711969
vn  0.707753 0.029283 0.705853
vn  -0.102227 -0.380423 0.919145
vn  -0.314763 -0.438766 0.841670
vn  0.707753 0.029283 0.705852
vn  0.852534 0.447819 -0.269526
vn  0.852533 0.447820 -0.269526
vn  0.552744 -0.833207 -0.015493
vn  0.551419 -0.834081 -0.015672
vn  -0.927887 -0.372386 -0.018835
vn  -0.915464 -0.261596 -0.305767
vn  0.214753 -0.259136 0.941663
vn  0.232460 -0.251145 0.939621
vn  0.674192 0.003517 0.738548
vn  0.633089 -0.026213 0.773635
vn  -0.827985 -0.138272 -0.543436
vn  -0.827985 -0.138272 -0.543436
vn  0.845618 0.157827 0.509923
vn  0.926385 0.290371 0.239781
vn  0.910075 0.404796 -0.088900
vn  0.845618 0.157827 0.509923
vn  0.633089 -0.026213 0.773635
vn  0.928102 0.296392 0.225342
vn  0.908689 0.406503 -0.095071
vn  0.214753 -0.259136 0.941663
vn  0.843174 0.451969 -0.291173
vn  0.933386 0.344393 0.100917
vn  0.461559 -0.246122 0.852284
vn  0.319471 0.845766 0.427339
vn  0.884744 -0.159310 0.438004
vn  0.684885 -0.334004 0.647591
vn  0.884744 -0.159310 0.438004
vn  0.319471 0.845766 0.427339
vn  0.678672 0.705161 -0.205310
vn  0.678672 0.705161 -0.205310
vn  0.443462 -0.815237 0.372466
vn  0.969109 0.154484 -0.192257
vn  -0.279615 -0.024240 0.959806
vn  0.772755 0.306530 -0.555778
vn  0.969109 0.154484 -0.192257
vn  -0.808505 0.029415 -0.587753
vn  -0.279615 -0.024240 0.959806
vn  -0.216046 0.161497 0.962934
vn  -0.484779 -0.872951 0.054278
vn  -0.482952 -0.873960 0.054328
vn  -0.483382 -0.873724 0.054303
vn  -0.482056 -0.874452 0.054362
vn  0.705985 0.466036 -0.533288
vn  -0.461559 -0.246122 0.852284
vn  -0.679827 0.705126 -0.201575
vn  -0.319471 0.845766 0.427338
vn  -0.614255 -0.621839 0.485805
vn  -0.679827 0.705126 -0.201575
vn  -0.614255 -0.621839 0.485805
vn  -0.319471 0.845766 0.427338
vn  -0.684885 -0.334004 0.647591
vn  -0.449214 0.587110 -0.673431
vn  0.342385 0.878697 0.332661
vn  -0.216046 0.161497 0.962934
vn  -0.301827 -0.248044 -0.920529
vn  0.548643 0.049898 -0.834566
vn  0.732118 0.337616 -0.591624
vn  0.678672 0.705161 -0.205310
vn  -0.589184 -0.261134 0.764638
vn  -0.732118 0.337616 -0.591624
vn  -0.482946 -0.873935 0.054781
vn  -0.482532 -0.874176 0.054580
vn  -0.679827 0.705126 -0.201575
vn  0.449356 -0.887730 0.100073
vn  0.449011 -0.887945 0.099711
vn  0.448662 -0.888164 0.099335
vn  0.449371 -0.887718 0.100113
vn  0.448662 -0.888164 0.099335
vn  0.448626 -0.888249 0.098732
vn  0.448778 -0.888187 0.098605
vn  -0.483333 -0.873708 0.054983
vn  -0.483372 -0.873687 0.054982
vn  0.448215 -0.888628 0.097178
vn  0.011947 0.958413 0.285134
vn  -0.011947 0.958413 0.285134
vn  0.791523 -0.576143 0.203837
vn  0.279310 -0.810047 -0.515568
vn  0.489372 -0.815725 0.308396
vn  0.853414 -0.478520 0.206647
vn  -0.493409 -0.721463 0.485838
vn  -0.791523 -0.576143 0.203837
vn  -0.853414 -0.478520 0.206647
vn  -0.268945 -0.936518 -0.224949
vn  0.617544 -0.307175 0.724074
vn  -0.739107 -0.232089 0.632342
vn  -0.000965 -0.881695 -0.471819
vn  -0.808505 0.029415 -0.587753
vn  0.406085 0.512881 -0.756339
vn  -0.632218 0.751640 0.187984
vn  0.625174 -0.759220 -0.180951
vn  -0.279615 -0.024240 0.959806
vn  -0.406042 -0.514927 0.754970
vn  -0.301827 -0.248044 -0.920529
vn  0.511571 0.525713 -0.679648
vn  -0.346554 0.818638 0.457966
vn  -0.216046 0.161497 0.962934
vn  -0.279615 -0.024240 0.959806
vn  0.322630 -0.839258 -0.437671
vn  -0.505267 -0.541789 0.671692
vn  -0.069788 -0.934008 -0.350370
vn  0.571405 0.540219 -0.617786
vn  -0.118443 0.808678 0.576204
vn  -0.584280 -0.248994 0.772411
vn  0.180981 -0.097478 0.978644
vn  -0.252944 -0.165683 0.953189
vn  -0.252944 -0.165683 0.953189
vn  0.501520 -0.578944 -0.642885
vn  -0.232461 -0.251145 0.939621
vn  -0.933386 0.344394 0.100916
vn  -0.674192 0.003517 0.738548
vn  -0.843174 0.451969 -0.291173
vn  -0.852534 0.447819 -0.269526
vn  -0.852534 0.447820 -0.269526
vn  -0.928102 0.296393 0.225341
vn  -0.910075 0.404796 -0.088900
vn  -0.908689 0.406504 -0.095071
vn  -0.926385 0.290371 0.239781
vn  -0.214754 -0.259136 0.941663
vn  -0.633090 -0.026212 0.773635
vn  -0.845618 0.157827 0.509923
vn  -0.845618 0.157827 0.509923
vn  0.927887 -0.372386 -0.018835
vn  0.827985 -0.138271 -0.543436
vn  0.915464 -0.261596 -0.305767
vn  0.827985 -0.138271 -0.543436
vn  -0.633090 -0.026212 0.773635
vn  -0.214754 -0.259136 0.941663
vn  0.647751 -0.482132 0.589888
vn  0.773398 -0.472052 0.423110
vn  -0.707753 0.029282 0.705853
vn  -0.707753 0.029282 0.705852
vn  0.102227 -0.380424 0.919145
vn  0.314763 -0.438766 0.841670
vn  -0.841038 0.152609 0.519005
vn  -0.841038 0.152609 0.519005
vn  -0.841038 0.152609 0.519005
vn  -0.841038 0.152608 0.519005
vn  0.376378 0.916640 -0.134578
vn  0.272243 0.657873 -0.702201
vn  -0.048099 -0.125731 -0.990898
vn  -0.264306 -0.650569 -0.711971
vn  0.044959 0.127021 0.990881
vn  0.262736 0.651213 0.711963
vn  -0.377948 -0.915995 0.134570
vn  -0.275383 -0.656583 0.702184
vn  0.102227 -0.380424 0.919145
vn  0.314763 -0.438766 0.841670
vn  -0.048099 -0.125731 -0.990898
vn  -0.264306 -0.650569 -0.711971
vn  -0.377948 -0.915995 0.134570
vn  -0.275383 -0.656583 0.702184
vn  -0.841038 0.152609 0.519005
vn  -0.841038 0.152609 0.519005
vn  -0.953770 0.162820 0.252613
vn  -0.953816 0.162454 0.252674
vn  -0.953770 0.162820 0.252613
vn  -0.953816 0.162454 0.252674
vn  -0.953862 0.162088 0.252734
vn  -0.953862 0.162087 0.252734
vn  -0.555105 -0.829126 -0.066391
vn  -0.381814 -0.751582 0.537906
vn  0.103536 -0.147095 0.983689
vn  0.415569 0.379053 0.826814
vn  0.381915 0.751334 -0.538180
vn  0.555320 0.828987 0.066331
vn  -0.415487 -0.379177 -0.826798
vn  -0.103631 0.146720 -0.983735
vn  0.088254 -0.968486 -0.232909
vn  0.261421 -0.891123 0.370890
vn  0.317718 -0.193793 0.928170
vn  0.148044 0.876724 -0.457644
vn  -0.317367 0.193397 -0.928373
vn  -0.086852 0.968497 0.233390
vn  0.479370 -0.213831 -0.851164
vn  0.779523 0.420568 0.464183
vn  0.479370 -0.213831 -0.851164
vn  0.148044 0.876724 -0.457644
vn  0.624230 -0.749438 0.220634
vn  0.088462 -0.968648 -0.232152
vn  0.317910 -0.193390 0.928188
vn  -0.261497 0.890963 -0.371221
vn  -0.317685 0.193428 -0.928257
vn  -0.088373 0.968558 0.232561
vn  -0.201469 -0.425741 -0.882131
vn  0.201371 0.426076 0.881991
vn  -0.261497 0.890963 -0.371221

g rdmobj01
usemtl ffdtex3
f  782/782/782 783/783/783 784/784/784
f  784/784/784 783/783/783 785/785/785
f  785/785/785 786/786/786 784/784/784
f  784/784/784 786/786/786 787/787/787
f  788/788/788 783/783/783 789/789/789
f  789/789/789 783/783/783 782/782/782
f  790/790/790 786/786/786 791/791/791
f  791/791/791 786/786/786 792/792/792
f  793/793/793 794/794/794 784/784/784
f  784/784/784 794/794/794 782/782/782
f  789/789/789 782/782/782 795/795/795
f  795/795/795 782/782/782 794/794/794
f  787/787/787 796/796/796 784/784/784
f  784/784/784 796/796/796 793/793/793
f  797/797/797 787/787/787 790/790/790
f  790/790/790 787/787/787 786/786/786
f  798/798/798 796/796/796 797/797/797
f  797/797/797 796/796/796 787/787/787
f  797/797/797 790/790/790 799/799/799
f  799/799/799 790/790/790 800/800/800
f  801/801/801 802/802/802 798/798/798
f  798/798/798 802/802/802 796/796/796
f  799/799/799 803/803/803 797/797/797
f  797/797/797 803/803/803 798/798/798
f  804/804/804 805/805/805 806/806/806
f  806/806/806 805/805/805 807/807/807
f  808/808/808 809/809/809 810/810/810
f  810/810/810 809/809/809 805/805/805
f  811/811/811 809/809/809 812/812/812
f  812/812/812 809/809/809 808/808/808
f  813/813/813 814/814/814 811/811/811
f  811/811/811 814/814/814 815/815/815
f  816/816/816 817/817/817 818/818/818
f  818/818/818 817/817/817 819/819/819
f  820/820/820 821/821/821 816/816/816
f  816/816/816 821/821/821 817/817/817
f  822/822/822 823/823/823 824/824/824
f  824/824/824 823/823/823 825/825/825
f  826/826/826 827/827/827 822/822/822
f  822/822/822 827/827/827 823/823/823
f  828/828/828 829/829/829 827/827/827
f  827/827/827 829/829/829 830/830/830
f  829/829/829 831/831/831 830/830/830
f  830/830/830 831/831/831 819/819/819
f  832/832/832 833/833/833 834/834/834
f  806/806/806 807/807/807 835/835/835
f  835/835/835 807/807/807 836/836/836
f  804/804/804 837/837/837 810/810/810
f  810/810/810 837/837/837 808/808/808
f  837/837/837 804/804/804 838/838/838
f  838/838/838 804/804/804 806/806/806
f  839/839/839 838/838/838 835/835/835
f  835/835/835 838/838/838 806/806/806
f  812/812/812 808/808/808 813/813/813
f  813/813/813 808/808/808 837/837/837
f  813/813/813 837/837/837 814/814/814
f  814/814/814 837/837/837 838/838/838
f  840/840/840 841/841/841 814/814/814
f  814/814/814 841/841/841 815/815/815
f  814/814/814 838/838/838 840/840/840
f  840/840/840 838/838/838 839/839/839
f  842/842/842 843/843/843 844/844/844
f  844/844/844 843/843/843 845/845/845
f  846/846/846 845/845/845 847/847/847
f  847/847/847 845/845/845 843/843/843
f  848/848/848 849/849/849 820/820/820
f  820/820/820 849/849/849 821/821/821
f  824/824/824 825/825/825 850/850/850
f  850/850/850 825/825/825 851/851/851
f  852/852/852 853/853/853 854/854/854
f  855/855/855 853/853/853 856/856/856
f  856/856/856 853/853/853 857/857/857
f  858/858/858 859/859/859 828/828/828
f  828/828/828 859/859/859 829/829/829
f  860/860/860 831/831/831 859/859/859
f  859/859/859 831/831/831 829/829/829
f  861/861/861 833/833/833 832/832/832
f  862/862/862 863/863/863 864/864/864
f  865/865/865 863/863/863 862/862/862
f  862/862/862 834/834/834 866/866/866
f  867/867/867 868/868/868 859/859/859
f  859/859/859 868/868/868 869/869/869
f  870/870/870 871/871/871 872/872/872
f  872/872/872 871/871/871 873/873/873
f  874/874/874 870/870/870 875/875/875
f  875/875/875 870/870/870 872/872/872
f  876/876/876 877/877/877 873/873/873
f  873/873/873 877/877/877 872/872/872
f  878/878/878 879/879/879 876/876/876
f  876/876/876 879/879/879 877/877/877
f  880/880/880 877/877/877 881/881/881
f  881/881/881 877/877/877 879/879/879
f  875/875/875 872/872/872 880/880/880
f  880/880/880 872/872/872 877/877/877
f  882/882/882 883/883/883 884/884/884
f  885/885/885 883/883/883 882/882/882
f  886/886/886 882/882/882 884/884/884
f  887/887/887 882/882/882 886/886/886
f  888/888/888 889/889/889 890/890/890
f  891/891/891 889/889/889 888/888/888
f  886/886/886 892/892/892 887/887/887
f  893/893/893 892/892/892 886/886/886
f  885/885/885 894/894/894 895/895/895
f  896/896/896 894/894/894 885/885/885
f  896/896/896 893/893/893 894/894/894
f  892/892/892 893/893/893 896/896/896
f  897/897/897 867/867/867 898/898/898
f  898/898/898 867/867/867 859/859/859
f  832/832/832 834/834/834 862/862/862
f  861/861/861 899/899/899 833/833/833
f  865/865/865 899/899/899 861/861/861
f  866/866/866 865/865/865 862/862/862
f  899/899/899 865/865/865 866/866/866
f  900/900/900 901/901/901 902/902/902
f  903/903/903 904/904/904 905/905/905
f  905/905/905 904/904/904 906/906/906
f  907/907/907 908/908/908 906/906/906
f  906/906/906 908/908/908 905/905/905
f  909/909/909 910/910/910 903/903/903
f  903/903/903 910/910/910 904/904/904
f  911/911/911 912/912/912 913/913/913
f  913/913/913 912/912/912 914/914/914
f  907/907/907 915/915/915 908/908/908
f  908/908/908 915/915/915 916/916/916
f  916/916/916 915/915/915 909/909/909
f  909/909/909 915/915/915 917/917/917
f  918/918/918 901/901/901 900/900/900
f  919/919/919 902/902/902 920/920/920
f  900/900/900 902/902/902 919/919/919
f  921/921/921 922/922/922 901/901/901
f  923/923/923 922/922/922 921/921/921
f  920/920/920 923/923/923 919/919/919
f  922/922/922 923/923/923 920/920/920
f  924/924/924 925/925/925 926/926/926
f  927/927/927 925/925/925 924/924/924
f  928/928/928 926/926/926 929/929/929
f  924/924/924 926/926/926 928/928/928
f  927/927/927 930/930/930 925/925/925
f  931/931/931 930/930/930 927/927/927
f  929/929/929 931/931/931 928/928/928
f  930/930/930 931/931/931 929/929/929
f  932/932/932 933/933/933 934/934/934
f  935/935/935 933/933/933 932/932/932
f  936/936/936 932/932/932 934/934/934
f  937/937/937 932/932/932 936/936/936
f  938/938/938 939/939/939 940/940/940
f  941/941/941 942/942/942 943/943/943
f  943/943/943 942/942/942 944/944/944
f  945/945/945 944/944/944 946/946/946
f  946/946/946 944/944/944 942/942/942
f  947/947/947 948/948/948 945/945/945
f  949/949/949 950/950/950 951/951/951
f  949/949/949 952/952/952 950/950/950
f  949/949/949 953/953/953 952/952/952
f  949/949/949 954/954/954 953/953/953
f  949/949/949 955/955/955 954/954/954
f  956/956/956 957/957/957 958/958/958
f  956/956/956 959/959/959 957/957/957
f  956/956/956 960/960/960 959/959/959
f  956/956/956 961/961/961 960/960/960
f  956/956/956 962/962/962 961/961/961
f  956/956/956 958/958/958 962/962/962
f  945/945/945 948/948/948 963/963/963
f  943/943/943 963/963/963 964/964/964
f  949/949/949 951/951/951 955/955/955
f  964/964/964 963/963/963 948/948/948
f  964/964/964 965/965/965 943/943/943
f  966/966/966 967/967/967 968/968/968
f  968/968/968 967/967/967 969/969/969
f  966/966/966 968/968/968 970/970/970
f  970/970/970 968/968/968 971/971/971
f  970/970/970 971/971/971 972/972/972
f  972/972/972 971/971/971 973/973/973
f  972/972/972 973/973/973 967/967/967
f  967/967/967 973/973/973 969/969/969
f  974/974/974 975/975/975 976/976/976
f  976/976/976 975/975/975 977/977/977
f  975/975/975 974/974/974 978/978/978
f  978/978/978 974/974/974 979/979/979
f  980/980/980 981/981/981 977/977/977
f  977/977/977 981/981/981 976/976/976
f  982/982/982 980/980/980 983/983/983
f  983/983/983 980/980/980 984/984/984
f  978/978/978 979/979/979 980/980/980
f  943/943/943 965/965/965 941/941/941
f  945/945/945 946/946/946 947/947/947
f  980/980/980 979/979/979 981/981/981
f  985/985/985 986/986/986 987/987/987
f  987/987/987 986/986/986 988/988/988
f  986/986/986 985/985/985 989/989/989
f  947/947/947 946/946/946 990/990/990
f  990/990/990 991/991/991 947/947/947
f  947/947/947 991/991/991 992/992/992
f  992/992/992 991/991/991 964/964/964
f  964/964/964 991/991/991 965/965/965
f  993/993/993 994/994/994 995/995/995
f  995/995/995 994/994/994 996/996/996
f  997/997/997 998/998/998 994/994/994
f  994/994/994 998/998/998 996/996/996
f  996/996/996 998/998/998 999/999/999
f  999/999/999 998/998/998 1000/1000/1000
f  995/995/995 996/996/996 1001/1001/1001
f  1001/1001/1001 996/996/996 999/999/999
f  1002/1002/1002 997/997/997 1003/1003/1003
f  1003/1003/1003 997/997/997 994/994/994
f  1004/1004/1004 1003/1003/1003 993/993/993
f  1005/1005/1005 1006/1006/1006 1007/1007/1007
f  1008/1008/1008 1006/1006/1006 1005/1005/1005
f  993/993/993 1003/1003/1003 994/994/994
f  1009/1009/1009 1010/1010/1010 1011/1011/1011
f  989/989/989 985/985/985 1012/1012/1012
f  1013/1013/1013 1014/1014/1014 988/988/988
f  988/988/988 1014/1014/1014 987/987/987
f  989/989/989 1012/1012/1012 1013/1013/1013
f  1013/1013/1013 1012/1012/1012 1014/1014/1014
f  1011/1011/1011 1010/1010/1010 1015/1015/1015
f  1016/1016/1016 1017/1017/1017 1018/1018/1018
f  1018/1018/1018 1017/1017/1017 1019/1019/1019
f  1018/1018/1018 1020/1020/1020 1021/1021/1021
f  1021/1021/1021 1020/1020/1020 1022/1022/1022
f  1000/1000/1000 1023/1023/1023 999/999/999
f  999/999/999 1023/1023/1023 1024/1024/1024
f  1001/1001/1001 999/999/999 1025/1025/1025
f  1025/1025/1025 999/999/999 1024/1024/1024
f  1026/1026/1026 1027/1027/1027 1011/1011/1011
f  1011/1011/1011 1027/1027/1027 1028/1028/1028
f  1029/1029/1029 1002/1002/1002 1030/1030/1030
f  1030/1030/1030 1002/1002/1002 1003/1003/1003
f  1031/1031/1031 1030/1030/1030 1004/1004/1004
f  1004/1004/1004 1030/1030/1030 1003/1003/1003
f  1029/1029/1029 1030/1030/1030 1023/1023/1023
f  1023/1023/1023 1030/1030/1030 1024/1024/1024
f  1025/1025/1025 1024/1024/1024 1031/1031/1031
f  1031/1031/1031 1024/1024/1024 1030/1030/1030
f  1032/1032/1032 888/888/888 890/890/890
f  1033/1033/1033 1034/1034/1034 1035/1035/1035
f  1036/1036/1036 1037/1037/1037 1038/1038/1038
f  1039/1039/1039 1037/1037/1037 1036/1036/1036
f  1007/1007/1007 1040/1040/1040 1041/1041/1041
f  1006/1006/1006 1040/1040/1040 1007/1007/1007
f  1042/1042/1042 1043/1043/1043 1044/1044/1044
f  1045/1045/1045 1043/1043/1043 1042/1042/1042
f  1046/1046/1046 1047/1047/1047 1048/1048/1048
f  1049/1049/1049 1047/1047/1047 1046/1046/1046
f  1049/1049/1049 1050/1050/1050 1047/1047/1047
f  1051/1051/1051 1050/1050/1050 1049/1049/1049
f  1051/1051/1051 1052/1052/1052 1050/1050/1050
f  1053/1053/1053 1052/1052/1052 1051/1051/1051
f  940/940/940 1034/1034/1034 1033/1033/1033
f  939/939/939 1034/1034/1034 940/940/940
f  1054/1054/1054 1055/1055/1055 1056/1056/1056
f  1057/1057/1057 1055/1055/1055 1054/1054/1054
f  1058/1058/1058 1054/1054/1054 1059/1059/1059
f  1057/1057/1057 1054/1054/1054 1058/1058/1058
f  1060/1060/1060 1041/1041/1041 1040/1040/1040
f  1061/1061/1061 1041/1041/1041 1060/1060/1060
f  1044/1044/1044 1062/1062/1062 1063/1063/1063
f  1043/1043/1043 1062/1062/1062 1044/1044/1044
f  1064/1064/1064 1065/1065/1065 1066/1066/1066
f  1067/1067/1067 1065/1065/1065 1064/1064/1064
f  1063/1063/1063 1068/1068/1068 1069/1069/1069
f  1062/1062/1062 1068/1068/1068 1063/1063/1063
f  1070/1070/1070 1071/1071/1071 1072/1072/1072
f  1073/1073/1073 1071/1071/1071 1070/1070/1070
f  1074/1074/1074 1075/1075/1075 1076/1076/1076
f  1077/1077/1077 1075/1075/1075 1074/1074/1074
f  1076/1076/1076 1072/1072/1072 1071/1071/1071
f  1075/1075/1075 1072/1072/1072 1076/1076/1076
f  1058/1058/1058 1078/1078/1078 1079/1079/1079
f  1059/1059/1059 1078/1078/1078 1058/1058/1058
f  1066/1066/1066 1079/1079/1079 1078/1078/1078
f  786/786/786 1080/1080/1080 792/792/792
f  1081/1081/1081 1082/1082/1082 1083/1083/1083
f  1084/1084/1084 1085/1085/1085 1086/1086/1086
f  1087/1087/1087 790/790/790 791/791/791
f  1065/1065/1065 1079/1079/1079 1066/1066/1066
f  1088/1088/1088 1089/1089/1089 1090/1090/1090
f  1091/1091/1091 1092/1092/1092 1093/1093/1093
f  1093/1093/1093 1094/1094/1094 1095/1095/1095
f  1096/1096/1096 1097/1097/1097 1098/1098/1098
f  1098/1098/1098 1097/1097/1097 1099/1099/1099
f  1087/1087/1087 1100/1100/1100 790/790/790
f  802/802/802 1101/1101/1101 796/796/796
f  1102/1102/1102 801/801/801 798/798/798
f  1103/1103/1103 1104/1104/1104 1105/1105/1105
f  1106/1106/1106 1107/1107/1107 1108/1108/1108
f  1102/1102/1102 798/798/798 1109/1109/1109
f  1110/1110/1110 1111/1111/1111 1091/1091/1091
f  1091/1091/1091 1112/1112/1112 1113/1113/1113
f  1091/1091/1091 1113/1113/1113 1110/1110/1110
f  1083/1083/1083 1114/1114/1114 1085/1085/1085
f  1114/1114/1114 1115/1115/1115 1085/1085/1085
f  1095/1095/1095 1110/1110/1110 1116/1116/1116
f  1095/1095/1095 1116/1116/1116 1112/1112/1112
f  1108/1108/1108 1103/1103/1103 1117/1117/1117
f  1118/1118/1118 1099/1099/1099 1119/1119/1119
f  1119/1119/1119 1099/1099/1099 1097/1097/1097
f  1103/1103/1103 1120/1120/1120 1117/1117/1117
f  1121/1121/1121 1122/1122/1122 1123/1123/1123
f  1124/1124/1124 1122/1122/1122 1121/1121/1121
f  1123/1123/1123 1125/1125/1125 1126/1126/1126
f  1122/1122/1122 1125/1125/1125 1123/1123/1123
f  1127/1127/1127 1126/1126/1126 1125/1125/1125
f  1128/1128/1128 1118/1118/1118 1129/1129/1129
f  1129/1129/1129 1118/1118/1118 1119/1119/1119
f  1130/1130/1130 1126/1126/1126 1127/1127/1127
f  1131/1131/1131 807/807/807 805/805/805
f  810/810/810 805/805/805 804/804/804
f  812/812/812 813/813/813 811/811/811
f  815/815/815 1132/1132/1132 811/811/811
f  1133/1133/1133 1134/1134/1134 1135/1135/1135
f  1135/1135/1135 1136/1136/1136 1133/1133/1133
f  1137/1137/1137 1138/1138/1138 1139/1139/1139
f  1138/1138/1138 1137/1137/1137 1140/1140/1140
f  818/818/818 819/819/819 831/831/831
f  827/827/827 826/826/826 828/828/828
f  1141/1141/1141 1136/1136/1136 1135/1135/1135
f  1141/1141/1141 876/876/876 1136/1136/1136
f  1136/1136/1136 876/876/876 871/871/871
f  1139/1139/1139 874/874/874 880/880/880
f  1142/1142/1142 1139/1139/1139 880/880/880
f  1142/1142/1142 1137/1137/1137 1139/1139/1139
f  835/835/835 836/836/836 1143/1143/1143
f  839/839/839 835/835/835 1143/1143/1143
f  839/839/839 1143/1143/1143 840/840/840
f  840/840/840 1143/1143/1143 841/841/841
f  868/868/868 848/848/848 869/869/869
f  849/849/849 848/848/848 868/868/868
f  1141/1141/1141 878/878/878 876/876/876
f  873/873/873 871/871/871 876/876/876
f  875/875/875 880/880/880 874/874/874
f  1142/1142/1142 880/880/880 881/881/881
f  851/851/851 897/897/897 850/850/850
f  850/850/850 897/897/897 898/898/898
f  1144/1144/1144 1145/1145/1145 1146/1146/1146
f  1089/1089/1089 1145/1145/1145 1144/1144/1144
f  1089/1089/1089 1147/1147/1147 1145/1145/1145
f  1088/1088/1088 1147/1147/1147 1089/1089/1089
f  1148/1148/1148 1146/1146/1146 1149/1149/1149
f  1144/1144/1144 1146/1146/1146 1148/1148/1148
f  1149/1149/1149 1088/1088/1088 1148/1148/1148
f  1147/1147/1147 1088/1088/1088 1149/1149/1149
f  1150/1150/1150 1151/1151/1151 1152/1152/1152
f  1091/1091/1091 1151/1151/1151 1150/1150/1150
f  1153/1153/1153 1092/1092/1092 1091/1091/1091
f  1154/1154/1154 1092/1092/1092 1153/1153/1153
f  1091/1091/1091 1155/1155/1155 1151/1151/1151
f  1093/1093/1093 1155/1155/1155 1091/1091/1091
f  1095/1095/1095 1152/1152/1152 1156/1156/1156
f  1150/1150/1150 1152/1152/1152 1095/1095/1095
f  1156/1156/1156 1093/1093/1093 1095/1095/1095
f  1155/1155/1155 1093/1093/1093 1156/1156/1156
f  1113/1113/1113 1157/1157/1157 1158/1158/1158
f  1112/1112/1112 1157/1157/1157 1113/1113/1113
f  1110/1110/1110 1158/1158/1158 1159/1159/1159
f  1113/1113/1113 1158/1158/1158 1110/1110/1110
f  1116/1116/1116 1159/1159/1159 1160/1160/1160
f  1110/1110/1110 1159/1159/1159 1116/1116/1116
f  1116/1116/1116 1157/1157/1157 1112/1112/1112
f  975/975/975 967/967/967 966/966/966
f  975/975/975 966/966/966 970/970/970
f  980/980/980 970/970/970 972/972/972
f  980/980/980 972/972/972 967/967/967
f  970/970/970 980/980/980 1161/1161/1161
f  977/977/977 975/975/975 1162/1162/1162
f  980/980/980 977/977/977 984/984/984
f  988/988/988 1163/1163/1163 1013/1013/1013
f  1164/1164/1164 912/912/912 911/911/911
f  854/854/854 853/853/853 855/855/855
f  1165/1165/1165 1166/1166/1166 1167/1167/1167
f  1167/1167/1167 1166/1166/1166 1168/1168/1168
f  1169/1169/1169 1168/1168/1168 1170/1170/1170
f  1170/1170/1170 1168/1168/1168 1166/1166/1166
f  1171/1171/1171 1172/1172/1172 1173/1173/1173
f  1173/1173/1173 1172/1172/1172 1174/1174/1174
f  1175/1175/1175 1171/1171/1171 1176/1176/1176
f  1176/1176/1176 1171/1171/1171 1173/1173/1173
f  1177/1177/1177 1174/1174/1174 1178/1178/1178
f  1178/1178/1178 1174/1174/1174 1172/1172/1172
f  1179/1179/1179 1180/1180/1180 1181/1181/1181
f  1181/1181/1181 1180/1180/1180 1182/1182/1182
f  1183/1183/1183 1165/1165/1165 1184/1184/1184
f  1184/1184/1184 1165/1165/1165 1167/1167/1167
f  1185/1185/1185 1179/1179/1179 1186/1186/1186
f  1186/1186/1186 1179/1179/1179 1181/1181/1181
f  1169/1169/1169 1170/1170/1170 1187/1187/1187
f  1187/1187/1187 1170/1170/1170 1188/1188/1188
f  1188/1188/1188 1189/1189/1189 1187/1187/1187
f  1187/1187/1187 1189/1189/1189 1190/1190/1190
f  1191/1191/1191 1192/1192/1192 1193/1193/1193
f  1193/1193/1193 1192/1192/1192 1194/1194/1194
f  1195/1195/1195 1196/1196/1196 1197/1197/1197
f  1197/1197/1197 1196/1196/1196 1198/1198/1198
f  1199/1199/1199 1200/1200/1200 1195/1195/1195
f  1195/1195/1195 1200/1200/1200 1196/1196/1196
f  1201/1201/1201 1202/1202/1202 1199/1199/1199
f  1199/1199/1199 1202/1202/1202 1200/1200/1200
f  1203/1203/1203 1185/1185/1185 1204/1204/1204
f  1204/1204/1204 1185/1185/1185 1186/1186/1186
f  1205/1205/1205 1206/1206/1206 1207/1207/1207
f  1207/1207/1207 1206/1206/1206 1208/1208/1208
f  1192/1192/1192 1209/1209/1209 1194/1194/1194
f  1210/1210/1210 1191/1191/1191 1193/1193/1193
f  1211/1211/1211 1212/1212/1212 1213/1213/1213
f  1213/1213/1213 1212/1212/1212 1214/1214/1214
f  1214/1214/1214 1212/1212/1212 1215/1215/1215
f  1215/1215/1215 1212/1212/1212 1216/1216/1216
f  1217/1217/1217 1218/1218/1218 1219/1219/1219
f  1219/1219/1219 1218/1218/1218 1220/1220/1220
f  1221/1221/1221 1222/1222/1222 1220/1220/1220
f  1220/1220/1220 1222/1222/1222 1219/1219/1219
f  1218/1218/1218 1217/1217/1217 1223/1223/1223
f  1223/1223/1223 1217/1217/1217 1224/1224/1224
f  1223/1223/1223 1224/1224/1224 1221/1221/1221
f  1221/1221/1221 1224/1224/1224 1222/1222/1222
f  1225/1225/1225 1226/1226/1226 1227/1227/1227
f  1228/1228/1228 1229/1229/1229 1230/1230/1230
f  1231/1231/1231 1229/1229/1229 1228/1228/1228
f  1232/1232/1232 1233/1233/1233 1234/1234/1234
f  1235/1235/1235 1233/1233/1233 1232/1232/1232
f  1231/1231/1231 1236/1236/1236 1229/1229/1229
f  1235/1235/1235 1236/1236/1236 1231/1231/1231
f  1232/1232/1232 1230/1230/1230 1237/1237/1237
f  1228/1228/1228 1230/1230/1230 1232/1232/1232
f  1237/1237/1237 1235/1235/1235 1232/1232/1232
f  1236/1236/1236 1235/1235/1235 1237/1237/1237
f  1238/1238/1238 1239/1239/1239 1240/1240/1240
f  1241/1241/1241 1239/1239/1239 1238/1238/1238
f  1241/1241/1241 1225/1225/1225 1239/1239/1239
f  1226/1226/1226 1225/1225/1225 1241/1241/1241
f  1242/1242/1242 1240/1240/1240 1227/1227/1227
f  1243/1243/1243 1240/1240/1240 1242/1242/1242
f  1227/1227/1227 1226/1226/1226 1242/1242/1242
f  1160/1160/1160 1157/1157/1157 1116/1116/1116

g
v  5071.571777 -4193.870117 -2806.340820
v  4943.545410 -5465.173340 -1992.942993
v  4779.939453 -5538.629883 -2537.154785
v  3561.593262 -4161.123047 -1753.505859
v  3369.234131 -5033.250977 -1577.959229
v  5235.177734 -4120.413574 -2262.129150
v  4943.545410 -5465.173340 -1992.942993
v  4943.545410 -5465.173340 -1992.942993
v  3205.628418 -5106.707520 -2122.170898
v  3369.234131 -5033.250977 -1577.959229
v  3561.593262 -4161.123047 -1753.505859
v  5235.177734 -4120.413574 -2262.129150
v  3397.987305 -4234.579590 -2297.717529
v  1782.612549 -4362.374512 -848.834595
v  2388.834717 -4680.006836 -2312.069824
v  2736.008301 -4524.652344 -1101.410278
v  1435.439087 -4517.729004 -2059.494141
v  2351.960205 -3680.816650 -3095.313721
v  1397.637329 -3519.531982 -2842.344971
v  2661.605469 -2527.143066 -2666.550781
v  1708.209717 -2364.865234 -2413.975098
v  3008.779053 -2371.788574 -1455.891235
v  2661.605469 -2527.143066 -2666.550781
v  2055.383301 -2209.510742 -1203.315552
v  2092.258057 -3208.700684 -420.071655
v  3046.580811 -3369.985352 -673.040649
v  1782.612549 -4362.374512 -848.834595
v  5106.009766 -5691.282715 -1580.629028
v  4708.844238 -5869.604004 -2901.743164
v  5336.098633 -4988.169922 -1441.470093
v  4774.470703 -5240.332031 -3309.645020
v  4774.470703 -5240.332031 -3309.645020
v  3600.701660 -4917.958008 -3000.289307
v  5336.098633 -4988.169922 -1441.470093
v  2055.383301 -2209.510742 -1203.315552
v  741.000000 -3918.345947 -3154.665527
v  786.000000 -3528.212158 -3699.853271
v  1066.000000 -3531.186035 -3248.304688
v  461.000031 -4004.762207 -3502.317871
v  461.000031 -3891.238770 -3045.439941
v  786.000000 -3155.289307 -3226.336182
v  1021.000000 -2746.975586 -3946.765137
v  673.000000 -3320.016357 -3436.073975
v  4162.329590 -4665.795898 -1132.114258
v  349.000031 -3949.855469 -3281.740967
v  4162.329590 -4665.795898 -1132.114258
v  5106.009766 -5691.282715 -1580.629028
v  786.000000 -3135.239014 -4021.145996
v  503.000000 -2800.157227 -3699.921631
v  503.000000 -2778.336914 -4074.829346
v  503.000000 -3154.233643 -4096.797852
v  503.000000 -3175.213379 -3720.752930
v  1066.000000 -3092.998291 -2825.674316
v  786.000000 -3071.177979 -3200.582275
v  1020.999939 -2418.178467 -3678.052490
v  785.999939 -2718.090332 -2803.854004
v  461.000031 -4225.296875 -2469.600586
v  688.000061 -4200.094727 -2637.721924
v  502.999969 -2439.998779 -3303.144531
v  502.999969 -2418.178467 -3678.052490
v  2083.096924 -824.514404 -8242.632813
v  4119.079590 -1344.566284 -8520.160156
v  3986.563232 -1668.721802 -8639.585938
v  503.000000 -2794.075439 -3700.020996
v  461.000031 -4150.876465 -2966.053467
v  502.999969 -2903.557373 -3246.237305
v  4061.677734 -3736.935059 4311.798828
v  3968.189453 -5044.748047 3815.034180
v  4397.059570 -3593.105713 3870.028564
v  3611.079834 -1782.806763 -7882.303711
v  4303.571289 -4900.918945 3373.263672
v  3736.433594 -1476.173096 -7769.333496
v  3736.433594 -1476.173096 -7769.333496
v  4119.079590 -1344.566284 -8520.160156
v  3439.355225 -1937.150757 -7241.839844
v  2081.528320 -824.440491 -8241.092773
v  3611.079834 -1782.806763 -7882.303711
v  3557.545654 -1648.038940 -7135.325195
v  3439.355225 -1937.150757 -7241.839844
v  2670.887451 -3754.081055 3250.361328
v  2607.568848 -4602.203613 2926.164063
v  4061.677734 -3736.935059 4311.798828
v  3968.189453 -5044.748047 3815.034180
v  3968.189453 -5044.748047 3815.034180
v  2942.950684 -4458.374512 2484.393555
v  2607.568848 -4602.203613 2926.164063
v  2670.887451 -3754.081055 3250.361328
v  4061.677734 -3736.935059 4311.798828
v  3006.269287 -3610.251709 2808.590820
v  3797.885498 -5419.730957 4094.153320
v  4612.049805 -5070.574707 3021.722656
v  3678.451172 -4844.178711 4564.417969
v  4829.752930 -4350.439941 3047.904053
v  4829.752930 -4350.439941 3047.904053
v  3815.268311 -4020.155029 2385.263428
v  3678.451172 -4844.178711 4564.417969
v  2663.966309 -4513.893555 3901.777588
v  3797.885498 -5419.730957 4094.153320
v  2784.098389 -5090.086426 3431.833740
v  4184.841309 -5513.312988 3456.000977
v  3170.641113 -5184.394531 2793.131348
v  4612.049805 -5070.574707 3021.722656
v  3598.262451 -4740.930176 2359.403076
v  3598.262451 -4740.930176 2359.403076
v  2784.098389 -5090.086426 3431.833740
v  3815.268311 -4020.155029 2385.263428
v  2663.966309 -4513.893555 3901.777588
v  2292.942139 -2883.125488 3532.346924
v  2645.459961 -2790.151855 3830.239746
v  2885.274414 -2629.102295 2752.116943
v  3237.791992 -2536.128906 3050.010010
v  3560.159424 -2848.708496 3192.975586
v  2967.827148 -3102.731689 3973.205566
v  2645.459961 -2790.151855 3830.239746
v  2292.942139 -2883.125488 3532.346924
v  2967.827148 -3102.731689 3973.205566
v  3178.791504 -4200.494141 3775.961182
v  3107.476563 -5148.478516 3413.180664
v  2353.433594 -4903.711914 2920.418701
v  2158.358154 -4660.489746 2851.509033
v  2750.690430 -4406.466797 2071.279053
v  2945.765869 -4649.688965 2140.188721
v  2158.358154 -4660.489746 2851.509033
v  2353.433594 -4903.711914 2920.418701
v  3107.476563 -5148.478516 3413.180664
v  3699.808838 -4894.455566 2632.950928
v  2945.765869 -4649.688965 2140.188721
v  2750.690430 -4406.466797 2071.279053
v  3699.808838 -4894.455566 2632.950928
v  3771.123779 -3946.470703 2995.731201
v  3771.123779 -3946.470703 2995.731201
v  3107.476563 -5148.478516 3413.180664
v  3178.791504 -4200.494141 3775.961182
v  3932.991211 -5369.555176 -1271.411499
v  4846.991211 -6055.997559 -2185.297119
v  3673.376465 -5735.022461 -1875.798828
v  4708.844238 -5869.604004 -2901.743164
v  3535.825684 -5547.876465 -2592.525635
v  3600.701660 -4917.958008 -3000.289307
v  3600.701660 -4917.958008 -3000.289307
v  3535.825684 -5547.876465 -2592.525635
v  4162.329590 -4665.795898 -1132.114258
v  3932.991211 -5369.555176 -1271.411499
v  3451.959717 -3185.814941 -1620.553955
v  3888.306396 -3084.470215 -1765.411743
v  3163.008301 -3315.549561 -2581.709473
v  3599.354980 -3214.204834 -2726.567383
v  3943.872803 -3529.889893 -2787.529053
v  4232.824219 -3400.155273 -1826.373413
v  3560.159424 -2848.708496 3192.975586
v  2885.274414 -2629.102295 2752.116943
v  4120.173340 -5498.947754 -1509.216797
v  4335.831543 -4524.123047 -1705.629639
v  3247.638428 -5260.081055 -1279.149048
v  3046.571533 -5013.516113 -1251.983276
v  2757.620117 -5143.250977 -2213.138916
v  2958.687012 -5389.815918 -2240.304688
v  3046.571533 -5013.516113 -1251.983276
v  3247.638428 -5260.081055 -1279.149048
v  4120.173340 -5498.947754 -1509.216797
v  3831.221924 -5628.682617 -2470.372314
v  349.000031 -4182.008789 -2758.374023
v  5117.204102 -2055.651611 3943.326660
v  4438.471680 -1946.421387 3971.907227
v  5193.575684 -1632.959839 4138.989746
v  4514.843262 -1523.729614 4167.570313
v  2958.687012 -5389.815918 -2240.304688
v  2757.620117 -5143.250977 -2213.138916
v  3831.221924 -5628.682617 -2470.372314
v  3767.749268 -1802.046021 5060.431152
v  3691.377686 -2224.737793 4864.768555
v  3923.058350 -2106.466309 5657.830078
v  3846.686768 -2529.158203 5462.166992
v  4046.880127 -4653.857910 -2666.785400
v  4232.824219 -3400.155273 -1826.373413
v  3846.686768 -2529.158203 5462.166992
v  3691.377686 -2224.737793 4864.768555
v  4013.848145 -2465.709961 5259.842285
v  3955.173828 -2232.750488 4777.513184
v  4490.443359 -2848.757080 5900.804688
v  4566.814941 -2426.065186 6096.467285
v  3451.959717 -3185.814941 -1620.553955
v  4046.880127 -4653.857910 -2666.785400
v  4490.443359 -2848.757080 5900.804688
v  4648.512207 -2790.011475 5712.198242
v  4335.831543 -4524.123047 -1705.629639
v  3943.872803 -3529.889893 -2787.529053
v  3163.008301 -3315.549561 -2581.709473
v  3451.959717 -3185.814941 -1620.553955
v  5837.332520 -1952.558716 4577.626953
v  5761.864258 -2376.238037 4383.754883
v  4648.512207 -2790.011475 5712.198242
v  4013.848145 -2465.709961 5259.842285
v  4539.799316 -3423.044678 5411.842773
v  4133.041016 -3562.564209 5018.096680
v  4539.799316 -3423.044678 5411.842773
v  4376.268066 -3482.983643 5607.571289
v  3964.351074 -3625.257080 5219.375977
v  4133.041016 -3562.564209 5018.096680
v  4418.133301 -2060.693359 4225.113281
v  3955.173828 -2232.750488 4777.513184
v  4648.420898 -1539.793579 4723.892090
v  4319.788086 -1661.928711 5116.014160
v  3618.243164 -4109.258789 3906.630859
v  3674.882813 -4343.811035 4390.783203
v  3966.041260 -4487.721680 4589.975098
v  4947.889648 -2118.576660 4145.351563
v  4418.133301 -2060.693359 4225.113281
v  5117.204102 -2055.651611 3943.326660
v  4438.471680 -1946.421387 3971.907227
v  5761.864258 -2376.238037 4383.754883
v  5603.795898 -2434.983643 4572.361328
v  5483.212402 -3072.428711 4286.169434
v  5647.688965 -3010.464844 4090.521973
v  5603.795898 -2434.983643 4572.361328
v  5483.212402 -3072.428711 4286.169434
v  4947.889648 -2118.576660 4145.351563
v  5067.082520 -3215.430908 3903.605713
v  5647.688965 -3010.464844 4090.521973
v  5689.031738 -3601.551025 4739.208496
v  5921.029785 -2317.341309 5333.639160
v  3412.339600 -4101.081055 3968.678467
v  3297.560303 -4734.033203 3675.336182
v  3506.193115 -4406.503906 4592.062500
v  3392.942139 -5040.211914 4299.765625
v  3412.339600 -4101.081055 3968.678467
v  3506.193115 -4406.503906 4592.062500
v  3618.243164 -4109.258789 3906.630859
v  3674.882813 -4343.811035 4390.783203
v  3618.243164 -4109.258789 3906.630859
v  3504.713135 -4741.747070 3611.797607
v  4077.454102 -3938.594727 3358.704102
v  4418.133301 -2060.693359 4225.113281
v  4077.454102 -3938.594727 3358.704102
v  4608.924316 -3996.677979 3276.291992
v  3966.041260 -4487.721680 4589.975098
v  3797.351563 -4550.414551 4791.254395
v  3332.184082 -4138.627930 -2846.411133
v  1948.085693 -3459.557129 -3698.711182
v  2121.826660 -4920.966797 -2395.973633
v  3282.818604 -3773.012939 -3173.375488
v  5163.108887 -3797.669922 5368.169922
v  5395.106934 -2513.460449 5962.600586
v  4376.268066 -3482.983643 5607.571289
v  5395.106934 -2513.460449 5962.600586
v  5163.108887 -3797.669922 5368.169922
v  5921.029785 -2317.341309 5333.639160
v  5689.031738 -3601.551025 4739.208496
v  3964.351074 -3625.257080 5219.375977
v  3797.351563 -4550.414551 4791.254395
v  4291.086426 -3954.973877 5389.169922
v  1715.946289 -3628.914795 -3595.642090
v  1814.078857 -4843.861816 -2521.161621
v  2327.328613 -3789.395264 -2643.869141
v  2140.764404 -4342.769043 -2893.440918
v  2529.457764 -4103.410156 -3028.754395
v  2122.385986 -3916.258789 -2573.320557
v  2100.867188 -3741.781494 -2728.267822
v  2100.889893 -4013.725098 -3186.916748
v  2122.385986 -3916.258789 -2573.320557
v  2140.764404 -4342.769043 -2893.440918
v  4202.860840 -4443.994629 5162.912598
v  3618.243164 -4109.258789 3906.630859
v  4077.454102 -3938.594727 3358.704102
v  3504.713135 -4741.747070 3611.797607
v  3962.050049 -4571.779297 3066.107178
v  5236.396973 -3152.505859 3701.581055
v  5067.082520 -3215.430908 3903.605713
v  -5552.389160 -4786.558594 3387.933350
v  -5734.159180 -4488.183594 3156.447510
v  -5292.871094 -4259.230469 2724.545654
v  -5693.851074 -4274.702148 3514.852295
v  -5734.159180 -4488.183594 3156.447510
v  -5552.389160 -4786.558594 3387.933350
v  -5693.851074 -4274.702148 3514.852295
v  -4795.173340 -4406.283691 2517.873535
v  -4451.684082 -4284.537598 2406.725586
v  -4267.873047 -4947.100586 2242.176270
v  -5434.333008 -3747.374023 2851.464600
v  -5220.719727 -4686.665039 4529.191895
v  -5401.588379 -4387.970215 4297.414063
v  -5260.126465 -4899.826660 4170.495117
v  -5260.126465 -4899.826660 4170.495117
v  -4586.629395 -4532.660645 4614.455078
v  -5220.719727 -4686.665039 4529.191895
v  -5401.588379 -4387.970215 4297.414063
v  -5572.358887 -3254.113525 2975.488525
v  -5062.908691 -3437.915527 2758.028320
v  -5835.312988 -3762.845703 3641.771240
v  -5875.621094 -3976.326904 3283.366455
v  -5875.621094 -3976.326904 3283.366455
v  -5835.312988 -3762.845703 3641.771240
v  4900.082520 -4140.588379 3475.484375
v  -4087.128418 -4679.074707 4407.199707
v  -3561.631348 -5220.531250 4132.085449
v  -3743.638916 -4557.328613 4296.051758
v  -4728.091309 -4020.804199 4741.374023
v  -5362.181641 -4174.808594 4656.110840
v  -5543.050293 -3876.113770 4424.333008
v  -5362.181641 -4174.808594 4656.110840
v  -5543.050293 -3876.113770 4424.333008
v  -4864.661621 -3526.770752 4863.886719
v  -4354.863281 -3710.706787 4647.354492
v  -5876.481934 -2147.078857 3248.223877
v  -5755.525391 -2590.292725 3139.978271
v  -6207.181641 -2418.638672 3975.216797
v  -5170.239746 -2420.509033 5138.133301
v  -5914.918945 -2531.906494 4757.778809
v  -5047.828125 -2862.949707 5028.376465
v  -3942.617920 -2360.604248 4236.268066
v  -4164.996582 -2381.801270 4070.845703
v  -4065.029541 -1918.163452 4346.024902
v  -4065.029541 -1918.163452 4346.024902
v  -4601.706055 -1778.005005 4205.302246
v  -4480.399902 -1757.465210 3234.965332
v  -4784.629395 -1707.529419 3717.195557
v  -4422.688477 -2282.519287 3383.227539
v  -4357.988281 -2199.906006 3125.208252
v  3972.944092 -4483.029297 2869.473389
v  3962.050049 -4571.779297 3066.107178
v  4086.959229 -3849.699219 3162.293213
v  4077.454102 -3938.594727 3358.704102
v  4077.454102 -3938.594727 3358.704102
v  4608.924316 -3996.677979 3276.291992
v  4086.959229 -3849.699219 3162.293213
v  -6835.536133 420.510345 5076.469238
v  -6517.616211 -1152.274414 4291.642090
v  -6869.171875 -1536.815063 4371.102051
v  -6588.527832 -1644.940063 5119.965332
v  -6835.536133 420.510345 5076.469238
v  -6234.885254 -1261.203247 5046.073242
v  -6517.616211 -1152.274414 4291.642090
v  -6119.854980 -1150.723633 4142.800781
v  4778.238770 -3933.752686 3074.267334
v  4778.238770 -3933.752686 3074.267334
v  4663.459473 -4566.705566 2780.924805
v  -5837.124023 -1259.652588 4897.231934
v  5069.397461 -4077.663330 3273.459717
v  4900.082520 -4140.588379 3475.484375
v  -1904.590210 -4519.190918 3057.374512
v  -2513.632324 -2775.809814 3537.338379
v  -3219.422363 -4217.413574 3593.694092
v  -3303.056396 -2601.398682 2767.801514
v  -2865.568115 -2640.218018 2598.243164
v  -3602.231445 -2960.463135 2828.076660
v  -2756.182617 -5205.906250 2732.083984
v  -3090.198242 -4849.015625 2158.757324
v  -2606.460449 -5035.387207 3449.549316
v  -3863.500977 -5686.070313 3077.734375
v  -3713.109375 -5516.208984 3794.853760
v  -4196.847168 -5329.837402 2504.061768
v  4037.463135 -5360.188477 4738.925781
v  5600.806152 -4090.571533 4512.951172
v  5074.883789 -4286.690430 5141.913086
v  5512.581055 -4579.591797 4286.694336
v  4986.658203 -4775.710938 4915.655762
v  5117.453125 -2878.430908 -3790.801270
v  4700.096680 -2686.194336 -3278.663818
v  5215.203613 -2425.608887 -3881.255859
v  -5027.710449 -5218.217773 2486.710205
v  -5358.410156 -5489.777832 3213.703125
v  4864.990723 -5447.206055 4604.535645
v  4986.658203 -4775.710938 4915.655762
v  5069.397461 -4077.663330 3273.459717
v  5236.396973 -3152.505859 3701.581055
v  5473.378418 -3970.487793 3644.072266
v  5561.603516 -3481.467285 3870.329102
v  4900.696289 -5250.676758 4694.332031
v  4853.013672 -5509.571777 4575.072754
v  5071.929199 -5409.450195 4788.386719
v  5016.563965 -5832.335449 4611.610352
v  5071.929199 -5409.450195 4788.386719
v  5016.563965 -5832.335449 4611.610352
v  5597.066895 -5214.459961 4159.757324
v  5543.090332 -5637.490234 3982.758057
v  5426.598145 -5056.063965 4066.225586
v  4900.696289 -5250.676758 4694.332031
v  5379.540527 -5314.726563 3946.220703
v  4853.013672 -5509.571777 4575.072754
v  5426.598145 -5056.063965 4066.225586
v  5379.540527 -5314.726563 3946.220703
v  5307.980469 -4886.682129 3220.084961
v  -5358.410156 -5489.777832 3213.703125
v  -5065.246094 -5602.726074 3995.973389
v  4797.847168 -2233.372314 -3369.118164
v  5083.430664 -2065.255859 -2218.905518
v  4985.680176 -2518.077881 -2128.451172
v  5701.242188 -2139.729248 -1924.896729
v  -5610.436035 -5432.945313 3316.358398
v  -5339.230469 -5556.060059 3196.945313
v  -5515.197754 -5873.695313 3217.029053
v  -5414.531250 -5285.282715 3264.261230
v  5603.491211 -2592.551270 -1834.442383
v  5603.491211 -2592.551270 -1834.442383
v  4985.680176 -2518.077881 -2128.451172
v  5537.389160 -2630.041748 -2093.534912
v  5082.421387 -2588.715820 -2379.282471
v  6402.253418 -2798.859863 -2002.919434
v  6500.004395 -2346.037842 -2093.373779
v  6402.253418 -2798.859863 -2002.919434
v  6342.092773 -2834.444580 -2246.072510
v  6014.203613 -2631.776855 -4048.771729
v  5918.352051 -3085.083984 -3958.716064
v  6342.092773 -2834.444580 -2246.072510
v  5537.389160 -2630.041748 -2093.534912
v  6193.596191 -3516.024658 -2118.949219
v  5679.210449 -3742.333008 -1965.844360
v  6193.596191 -3516.024658 -2118.949219
v  6256.102051 -3478.214111 -1867.337524
v  5743.413574 -3704.357422 -1706.352905
v  5679.210449 -3742.333008 -1965.844360
v  4906.219727 -2692.937988 -3091.442383
v  5082.421387 -2588.715820 -2379.282471
v  5305.135742 -2054.589600 -3172.228760
v  5430.212891 -1980.607422 -2666.701172
v  4646.892578 -4600.798828 -1980.184326
v  5103.728027 -4640.985352 -1691.944092
v  5465.250977 -4734.366699 -1767.725952
v  -5414.531250 -5285.282715 3264.261230
v  -5046.323730 -5668.070313 3979.447266
v  -5339.230469 -5556.060059 3196.945313
v  -5121.972168 -5397.159180 4045.835449
v  -5318.778320 -5545.141113 4098.224121
v  -5222.291016 -5985.705566 3999.531006
v  -5121.972168 -5397.159180 4045.835449
v  -5222.291016 -5985.705566 3999.531006
v  -5046.323730 -5668.070313 3979.447266
v  -5318.778320 -5545.141113 4098.224121
v  5181.894043 -2840.314453 -3530.348877
v  4906.219727 -2692.937988 -3091.442383
v  5117.453125 -2878.430908 -3790.801270
v  -5065.246094 -5602.726074 3995.973389
v  -4321.468262 -5491.648438 4376.619629
v  4700.096680 -2686.194336 -3278.663818
v  5918.352051 -3085.083984 -3958.716064
v  5978.750488 -3049.358887 -3714.602051
v  -4968.664551 -3474.225098 3009.505371
v  -4795.173340 -4406.283691 2517.873535
v  -5062.908691 -3437.915527 2758.028320
v  -4700.929688 -4442.593262 2769.350586
v  -4357.439941 -4320.847168 2658.202637
v  -4451.684082 -4284.537598 2406.725586
v  -3639.406250 -4846.281250 2536.316895
v  -3822.315430 -4183.398438 2700.574707
v  5834.534180 -3728.407227 -3570.179199
v  5772.200684 -3764.438477 -3823.134277
v  5978.750488 -3049.358887 -3714.602051
v  5834.534180 -3728.407227 -3570.179199
v  5181.894043 -2840.314453 -3530.348877
v  5323.715332 -3952.605713 -3402.658203
v  5772.200684 -3764.438477 -3823.134277
v  6425.342285 -4069.610840 -3320.977539
v  6722.286133 -2693.866943 -3595.782471
v  4567.659180 -4544.699219 -1788.784424
v  4420.558105 -5223.811035 -1653.003174
v  5167.931152 -4603.009766 -1432.452637
v  5022.729004 -5282.606934 -1297.070190
v  4567.659180 -4544.699219 -1788.784424
v  5167.931152 -4603.009766 -1432.452637
v  4646.892578 -4600.798828 -1980.184326
v  5103.728027 -4640.985352 -1691.944092
v  4646.892578 -4600.798828 -1980.184326
v  4500.470703 -5279.474609 -1846.715820
v  4472.354980 -4704.036621 -2685.616699
v  4906.219727 -2692.937988 -3091.442383
v  4472.354980 -4704.036621 -2685.616699
v  4748.232422 -4851.258301 -3128.758057
v  5465.250977 -4734.366699 -1767.725952
v  5529.454590 -4696.390625 -1508.234497
v  5529.454590 -4696.390625 -1508.234497
v  5465.250977 -4734.366699 -1767.725952
v  -3878.452148 -4247.798828 2898.744385
v  -3822.315430 -4183.398438 2700.574707
v  -3878.452148 -4247.798828 2898.744385
v  -3694.293457 -4910.496094 2735.123047
v  -4700.929688 -4442.593262 2769.350586
v  -4900.890625 -2355.031494 3145.701660
v  -4357.439941 -4320.847168 2658.202637
v  -4968.664551 -3474.225098 3009.505371
v  -5480.639648 -3290.289307 3219.310059
v  -5572.358887 -3254.113525 2975.488525
v  -3622.846436 -4346.276855 3580.794922
v  -3694.293457 -4910.496094 2735.123047
v  -3878.452148 -4247.798828 2898.744385
v  -3439.731201 -5008.572266 3414.389404
v  -5914.918945 -2531.906494 4757.778809
v  -6207.181641 -2418.638672 3975.216797
v  6626.748535 -3951.284912 -2510.986816
v  6923.692383 -2575.541016 -2785.791992
v  6256.102051 -3478.214111 -1867.337524
v  -4087.128418 -4679.074707 4407.199707
v  -4448.759277 -3674.531006 4396.805176
v  -4354.863281 -3710.706787 4647.354492
v  -4181.024414 -4642.898926 4156.650391
v  -3837.534912 -4521.152832 4045.502441
v  -3743.638916 -4557.328613 4296.051758
v  -4422.688477 -2282.519287 3383.227539
v  -3878.452148 -4247.798828 2898.744385
v  -3622.846436 -4346.276855 3580.794922
v  -4422.688477 -2282.519287 3383.227539
v  -4164.996582 -2381.801270 4070.845703
v  -3878.452148 -4247.798828 2898.744385
v  -3447.285400 -4328.554688 3703.990967
v  -3439.731201 -5008.572266 3414.389404
v  -3622.846436 -4346.276855 3580.794922
v  -3263.474609 -4991.117676 3539.441406
v  -3447.285400 -4328.554688 3703.990967
v  -3622.846436 -4346.276855 3580.794922
v  -5667.541504 -2624.190430 3374.751953
v  -5480.639648 -3290.289307 3219.310059
v  -5667.541504 -2624.190430 3374.751953
v  -5755.525391 -2590.292725 3139.978271
v  -4900.890625 -2355.031494 3145.701660
v  -4995.134766 -2318.721924 2894.224609
v  -4357.988281 -2199.906006 3125.208252
v  -4448.759277 -3674.531006 4396.805176
v  -3837.534912 -4521.152832 4045.502441
v  -4380.985352 -2555.337402 4533.001465
v  -4181.024414 -4642.898926 4156.650391
v  -4601.706055 -1778.005005 4205.302246
v  -4784.629395 -1707.529419 3717.195557
v  -4864.661621 -3526.770752 4863.886719
v  -4955.518066 -3492.604980 4620.529297
v  -5047.828125 -2862.949707 5028.376465
v  -5135.812500 -2829.052002 4793.602539
v  -5135.812500 -2829.052002 4793.602539
v  -4955.518066 -3492.604980 4620.529297
v  6923.692383 -2575.541016 -2785.791992
v  6626.748535 -3951.284912 -2510.986816
v  6722.286133 -2693.866943 -3595.782471
v  6425.342285 -4069.610840 -3320.977539
v  5743.413574 -3704.357422 -1706.352905
v  5529.454590 -4696.390625 -1508.234497
v  6147.071289 -3983.829834 -1766.366089
v  6034.144043 -4507.683105 -1661.761597
v  4646.892578 -4600.798828 -1980.184326
v  4472.354980 -4704.036621 -2685.616699
v  4500.470703 -5279.474609 -1846.715820
v  4326.408691 -5382.431152 -2550.226074
v  5259.274414 -3990.722168 -3663.110596
v  5323.715332 -3952.605713 -3402.658203
v  5109.755859 -4944.639160 -3204.539795
v  4162.558105 -5375.611816 -2691.730713
v  4326.408691 -5382.431152 -2550.226074
v  4309.659180 -4696.500000 -2827.511963
v  4472.354980 -4704.036621 -2685.616699
v  4472.354980 -4704.036621 -2685.616699
v  4748.232422 -4851.258301 -3128.758057
v  4309.659180 -4696.500000 -2827.511963
v  -5117.546387 -1876.281250 3003.981445
v  -4995.134766 -2318.721924 2894.224609
v  4683.791504 -4889.374512 -3389.210449
v  4683.791504 -4889.374512 -3389.210449
v  4536.690918 -5568.486328 -3253.429199
v  -4288.892578 -2592.152100 4784.133789
v  -4380.985352 -2555.337402 4533.001465
v  -4288.892578 -2592.152100 4784.133789
v  -4411.304199 -2149.711426 4893.891113
v  5045.314941 -4982.755859 -3464.992188
v  5109.755859 -4944.639160 -3204.539795
v  5109.755859 -4944.639160 -3204.539795
v  -4065.029541 -1918.163452 4346.024902
v  -3942.617920 -2360.604248 4236.268066
v  5045.314941 -4982.755859 -3464.992188
v  5821.491211 -5488.915527 -1465.547241
v  -4480.399902 -1757.465210 3234.965332
v  -4357.988281 -2199.906006 3125.208252
v  6312.415039 -4593.464355 -3216.372803
v  6513.821289 -4475.138184 -2406.382324
v  6199.487793 -5117.317871 -3111.768311
v  6400.894043 -4998.991699 -2301.777832
v  6245.179199 -5718.418457 -2157.965332
v  6400.894043 -4998.991699 -2301.777832
v  5045.314941 -4982.755859 -3464.992188
v  5259.274414 -3990.722168 -3663.110596
v  5548.343750 -4793.422363 -3617.159424
v  5661.270996 -4269.568848 -3721.764160
v  6289.855469 -5508.344727 -2200.803223
v  6229.873535 -5785.367676 -2144.380615
v  6502.129395 -5639.514160 -2234.127686
v  6431.557129 -6087.943848 -2150.000000
v  6502.129395 -5639.514160 -2234.127686
v  6431.557129 -6087.943848 -2150.000000
v  6300.756348 -5758.659180 -3042.966064
v  5391.677734 -5251.464844 3976.097168
v  4864.990723 -5447.206055 4604.535645
v  5391.677734 -5251.464844 3976.097168
v  5512.581055 -4579.591797 4286.694336
v  3170.641113 -5184.394531 2793.131348
v  3237.791992 -2536.128906 3050.010010
v  5594.148926 -1296.724487 6489.614258
v  6135.305664 352.889221 6912.344238
v  5264.848145 -1266.106445 6223.167969
v  5772.791504 -1077.331055 5617.093750
v  6102.092285 -1107.949097 5883.540039
v  6135.305664 352.889221 6912.344238
v  5908.479980 -1695.259521 6624.895020
v  -2256.526123 -4383.599121 2118.279297
v  -2513.632324 -2775.809814 3537.338379
v  -1904.590210 -4519.190918 3057.374512
v  -2865.568115 -2640.218018 2598.243164
v  -2256.526123 -4383.599121 2118.279297
v  -3571.358154 -4081.821777 2654.598633
v  -3250.295654 -3096.054688 3767.171875
v  -3571.358154 -4081.821777 2654.598633
v  -3219.422363 -4217.413574 3593.694092
v  -3602.231445 -2960.463135 2828.076660
v  -3247.065186 -5011.751953 2398.798096
v  -2895.129150 -5147.343750 3337.893311
v  -2423.846191 -4654.538086 2141.864746
v  -3247.065186 -5011.751953 2398.798096
v  -2895.129150 -5147.343750 3337.893311
v  -2423.846191 -4654.538086 2141.864746
v  -2071.910400 -4790.129883 3080.959961
v  -2895.129150 -5147.343750 3337.893311
v  -2071.910400 -4790.129883 3080.959961
v  -2951.120605 -2736.990234 3706.896729
v  -3250.295654 -3096.054688 3767.171875
v  -2951.120605 -2736.990234 3706.896729
v  -3303.056396 -2601.398682 2767.801514
v  -2727.734863 -4437.788086 3891.640869
v  -3411.783936 -4174.241699 2066.343994
v  -4196.847168 -5329.837402 2504.061768
v  -3411.783936 -4174.241699 2066.343994
v  -3090.198242 -4849.015625 2158.757324
v  -4519.089355 -4655.805176 2411.787598
v  -2756.182617 -5205.906250 2732.083984
v  -3713.109375 -5516.208984 3794.853760
v  -2606.460449 -5035.387207 3449.549316
v  -3835.040283 -4919.351563 4237.084473
v  -2727.734863 -4437.788086 3891.640869
v  -4519.089355 -4655.805176 2411.787598
v  -3835.040283 -4919.351563 4237.084473
v  -4484.237305 -3820.276123 3270.474609
v  -2557.379395 -4458.482910 2456.216797
v  -4042.600098 -5103.924316 2919.626465
v  -2846.942871 -3626.439209 2684.868652
v  -2647.674805 -3703.212158 3216.589600
v  -4284.969238 -3897.049072 3802.195557
v  -2358.111328 -4535.255371 2987.937744
v  -3843.332031 -5180.696777 3451.347412
v  -2647.674805 -3703.212158 3216.589600
v  -3843.332031 -5180.696777 3451.347412
v  -2358.111328 -4535.255371 2987.937744
v  -4284.969238 -3897.049072 3802.195557
v  -4284.969238 -3897.049072 3802.195557
v  -3843.332031 -5180.696777 3451.347412
v  6230.895508 -6207.472168 -2959.998779
v  6089.636719 -5626.772949 -3010.032227
v  6289.855469 -5508.344727 -2200.803223
v  6029.211914 -5904.895996 -2954.379395
v  6229.873535 -5785.367676 -2144.380615
v  6089.636719 -5626.772949 -3010.032227
v  6029.211914 -5904.895996 -2954.379395
v  5335.690918 -5774.654297 -3420.945068
v  6043.773438 -5836.744629 -2967.956055
v  6245.179199 -5718.418457 -2157.965332
v  6412.675293 -1507.877319 6023.293457
v  6102.092285 -1107.949097 5883.540039
v  4438.471680 -1946.421387 3971.907227
v  4514.843262 -1523.729614 4167.570313
v  4648.420898 -1539.793579 4723.892090
v  3767.749268 -1802.046021 5060.431152
v  4319.788086 -1661.928711 5116.014160
v  3767.749268 -1802.046021 5060.431152
v  4920.699219 -4116.207520 5492.365234
v  5074.883789 -4286.690430 5141.913086
v  4920.699219 -4116.207520 5492.365234
v  5843.979980 -3772.411621 4389.278809
v  5843.979980 -3772.411621 4389.278809
v  5600.806152 -4090.571533 4512.951172
v  -6350.061523 -5076.245605 -2768.480469
v  -6367.710449 -4856.801758 -3125.113281
v  -5753.581543 -4713.648438 -3313.505127
v  -6499.027344 -4559.151367 -2860.891602
v  -6367.710449 -4856.801758 -3125.113281
v  -6350.061523 -5076.245605 -2768.480469
v  -6499.027344 -4559.151367 -2860.891602
v  -5231.620605 -4874.886230 -3196.888672
v  -4871.644531 -4761.528809 -3144.648682
v  -4677.814941 -5431.838867 -3024.722412
v  -5902.546875 -4196.554199 -3405.916016
v  -6634.240234 -4675.620605 -1681.653442
v  -6651.889160 -4456.176758 -2038.286255
v  -6502.923340 -4973.270996 -1945.875244
v  -6502.923340 -4973.270996 -1945.875244
v  -6122.198242 -4464.945801 -1327.681030
v  -6634.240234 -4675.620605 -1681.653442
v  -6651.889160 -4456.176758 -2038.286255
v  -6048.252930 -3698.054443 -3495.391113
v  -5513.828125 -3895.658691 -3371.908691
v  -6647.992676 -4042.056885 -2953.302490
v  -6516.676270 -4339.707520 -3217.524414
v  -6516.676270 -4339.707520 -3217.524414
v  -6647.992676 -4042.056885 -2953.302490
v  6043.773438 -5836.744629 -2967.956055
v  -5598.526855 -4625.471191 -1209.813354
v  -5046.612305 -5183.013672 -1037.922241
v  -5238.550781 -4512.113281 -1157.573486
v  -6271.164063 -3947.851807 -1420.091919
v  -6784.151367 -4158.821289 -1774.202026
v  -6800.854980 -3939.082520 -2130.697266
v  -6784.151367 -4158.821289 -1774.202026
v  -6800.854980 -3939.082520 -2130.697266
v  -6414.979004 -3448.761963 -1509.291992
v  -5880.734375 -3646.243408 -1384.833374
v  -6368.149902 -2579.887207 -3694.810059
v  -6241.136230 -3027.449219 -3615.179932
v  -7039.585449 -2684.084473 -3196.059570
v  -6736.766602 -2331.184570 -1708.985840
v  -7192.447266 -2581.109863 -2373.454346
v  -6607.862305 -2778.156494 -1629.080811
v  -5220.950684 -2417.004639 -1846.615601
v  -5330.202148 -2491.846436 -2091.008301
v  -5349.854980 -1970.032715 -1926.520630
v  -5730.147461 -1903.090698 -2349.415771
v  -5133.198730 -2116.373291 -3094.619385
v  -5635.357422 -1967.527100 -2862.775879
v  -5196.666992 -2582.620850 -2814.202148
v  -5004.294434 -2563.344971 -3014.714355
v  4832.474121 -4605.228027 5266.107910
v  4832.474121 -4605.228027 5266.107910
v  -7933.768066 291.606384 -3301.257568
v  -7376.382324 -1402.657593 -3401.672607
v  -7745.206543 -1778.923096 -3420.497314
v  -7890.635742 -1680.063599 -2632.889404
v  -7933.768066 291.606384 -3301.257568
v  -7933.768066 291.606384 -3301.257568
v  -7522.711914 -1303.185547 -2609.184814
v  -7376.382324 -1402.657593 -3401.672607
v  -6958.927734 -1411.280762 -3323.508789
v  5755.754883 -4261.432129 4163.021973
v  -7105.257813 -1311.808716 -2531.020996
v  5755.754883 -4261.432129 4163.021973
v  -3857.702881 -3083.929199 -1607.499512
v  -4221.459961 -3382.025879 -1637.249390
v  -3414.203125 -3208.250244 -1510.004272
v  -3675.330811 -3207.901855 -2595.181396
v  -3231.831299 -3332.222900 -2497.686035
v  -4039.088135 -3505.998535 -2624.931152
v  -3783.159668 -5738.897461 -1778.945801
v  -3710.906738 -5544.201172 -2503.179199
v  -3961.578125 -5373.800293 -1145.604736
v  -4996.400879 -5998.903809 -1970.330933
v  -5174.234375 -5634.590820 -1336.783325
v  -4923.563477 -5804.992188 -2694.357910
v  6199.487793 -5117.317871 -3111.768311
v  3673.376465 -5735.022461 -1875.798828
v  3599.354980 -3214.204834 -2726.567383
v  3888.306396 -3084.470215 -1765.411743
v  -2121.437988 -3915.981201 -2573.166504
v  -2139.816650 -4342.491699 -2893.286865
v  -2099.919434 -3741.504150 -2728.113770
v  -2099.942139 -4013.447754 -3186.762695
v  7165.796387 -1284.297852 -3049.229248
v  7437.443359 326.388580 -3774.599854
v  6755.658203 -1315.713013 -2943.155518
v  -5473.410645 -5682.157715 -3140.206543
v  -6144.846191 -5786.354980 -2641.456299
v  -2326.380859 -3789.117676 -2643.715088
v  -2528.509766 -4103.132324 -3028.600342
v  -2121.437988 -3915.981201 -2573.166504
v  -2139.816650 -4342.491699 -2893.286865
v  -1714.998535 -3628.637451 -3595.488037
v  -1947.137939 -3459.279541 -3698.557129
v  -1813.130981 -4843.584473 -2521.007568
v  -2120.878906 -4920.689453 -2395.819580
v  -3331.236084 -4138.350586 -2846.256836
v  -3281.870605 -3772.735352 -3173.221191
v  -740.000000 -3918.345947 -3154.665527
v  -1065.000000 -3531.186279 -3248.304688
v  -785.000000 -3528.212158 -3699.853271
v  -459.999969 -4004.762207 -3502.317871
v  -785.000000 -3155.289307 -3226.336182
v  -459.999969 -3891.238770 -3045.439941
v  -347.999969 -3949.855469 -3281.740967
v  -672.000000 -3320.016357 -3436.073975
v  -6144.846191 -5786.354980 -2641.456299
v  -6297.708008 -5683.380371 -1818.850952
v  6562.573242 -1429.921387 -3723.552246
v  -1020.000000 -2746.975830 -3946.765137
v  -6410.270020 -5722.605469 -2698.467529
v  -6125.598145 -5853.634277 -2629.457275
v  -6309.876953 -6167.119629 -2624.135498
v  -6205.162598 -5579.125488 -2678.604492
v  -785.000000 -3135.239014 -4021.146240
v  6972.711426 -1398.506226 -3829.625732
v  7437.443359 326.388580 -3774.599854
v  7550.821777 -1638.891724 -3095.719482
v  7358.925293 -1752.396851 -3871.310791
v  7437.443359 326.388580 -3774.599854
v  6972.711426 -1398.506226 -3829.625732
v  -502.000000 -2800.157227 -3699.921631
v  -502.000000 -2778.336914 -4074.829346
v  -502.000000 -3175.213379 -3720.752930
v  4797.847168 -2233.372314 -3369.118164
v  5305.135742 -2054.589600 -3172.228760
v  5083.430664 -2065.255859 -2218.905518
v  5430.212891 -1980.607422 -2666.701172
v  6646.376465 -4168.605957 -2153.161133
v  6513.821289 -4475.138184 -2406.382324
v  6646.376465 -4168.605957 -2153.161133
v  -6205.162598 -5579.125488 -2678.604492
v  -6277.785645 -5749.417480 -1806.883423
v  -6125.598145 -5853.634277 -2629.457275
v  -6356.898926 -5475.978516 -1856.837646
v  -6563.222656 -5618.805664 -1877.007202
v  -6462.064453 -6062.902344 -1801.561646
v  -6356.898926 -5475.978516 -1856.837646
v  -6462.064453 -6062.902344 -1801.561646
v  -6277.785645 -5749.417480 -1806.883423
v  -6563.222656 -5618.805664 -1877.007202
v  -6297.708008 -5683.380371 -1818.850952
v  -5842.027344 -5433.455078 -1154.382324
v  6293.736328 -4376.385742 -3574.398193
v  6293.736328 -4376.385742 -3574.398193
v  -5562.665039 -3862.460449 -3107.420654
v  -5231.620605 -4874.886230 -3196.888672
v  -5513.828125 -3895.658691 -3371.908691
v  -5280.457520 -4841.687988 -2932.400635
v  -5231.620605 -4874.886230 -3196.888672
v  -4920.480957 -4728.330566 -2880.160889
v  -4871.644531 -4761.528809 -3144.648682
v  -5280.457520 -4841.687988 -2932.400635
v  -4278.223145 -5220.684570 -2487.673828
v  -4472.052246 -4550.374512 -2607.600342
v  6312.415039 -4593.464355 -3216.372803
v  6532.500000 -4692.216797 -2048.357178
v  6532.500000 -4692.216797 -2048.357178
v  6180.809082 -4900.239258 -3469.793701
v  6180.809082 -4900.239258 -3469.793701
v  -502.000000 -3154.233887 -4096.797852
v  -459.999969 -4225.296875 -2469.600586
v  -785.000061 -2718.090332 -2803.854004
v  -1065.000000 -3092.998291 -2825.674316
v  -686.999939 -4200.094727 -2637.722168
v  -459.999969 -4150.876465 -2966.053467
v  -785.000000 -3071.177979 -3200.582275
v  -4624.165527 -4567.771484 -2455.219482
v  -4472.052246 -4550.374512 -2607.600342
v  -4624.165527 -4567.771484 -2455.219482
v  -4431.553223 -5237.429199 -2335.599854
v  -5280.457520 -4841.687988 -2932.400635
v  -5492.486816 -2743.342285 -3234.932861
v  -4920.480957 -4728.330566 -2880.160889
v  -5562.665039 -3862.460449 -3107.420654
v  -6095.376953 -3666.783936 -3238.541992
v  -6048.252930 -3698.054443 -3495.391113
v  -4756.439453 -4477.854980 -1738.857544
v  -4431.553223 -5237.429199 -2335.599854
v  -4624.165527 -4567.771484 -2455.219482
v  -4563.466309 -5147.757324 -1621.189575
v  -7192.447266 -2581.109863 -2373.454346
v  -7039.585449 -2684.084473 -3196.059570
v  -347.999969 -4182.008789 -2758.374023
v  -502.000031 -2903.557617 -3246.237305
v  -5598.526855 -4625.471191 -1209.813354
v  -5832.078125 -3679.319092 -1648.345337
v  -5880.734375 -3646.243408 -1384.833374
v  -5549.870605 -4658.546875 -1473.325317
v  -5189.894043 -4545.188965 -1421.085449
v  -5598.526855 -4625.471191 -1209.813354
v  -5238.550781 -4512.113281 -1157.573486
v  -5549.870605 -4658.546875 -1473.325317
v  -5196.666992 -2582.620850 -2814.202148
v  -4624.165527 -4567.771484 -2455.219482
v  -4756.439453 -4477.854980 -1738.857544
v  -5196.666992 -2582.620850 -2814.202148
v  -5330.202148 -2491.846436 -2091.008301
v  -4624.165527 -4567.771484 -2455.219482
v  -4667.804199 -4418.244141 -1552.714111
v  -4563.466309 -5147.757324 -1621.189575
v  -4756.439453 -4477.854980 -1738.857544
v  -4473.975098 -5088.554688 -1432.787720
v  -4667.804199 -4418.244141 -1552.714111
v  -4756.439453 -4477.854980 -1738.857544
v  -6286.909668 -2996.333496 -3367.283691
v  -6095.376953 -3666.783936 -3238.541992
v  -6286.909668 -2996.333496 -3367.283691
v  -6241.136230 -3027.449219 -3615.179932
v  -5492.486816 -2743.342285 -3234.932861
v  -5443.649902 -2776.540527 -3499.420898
v  -5832.078125 -3679.319092 -1648.345337
v  -5189.894043 -4545.188965 -1421.085449
v  -5761.899902 -2560.200928 -1775.857544
v  -5549.870605 -4658.546875 -1473.325317
v  -5730.147461 -1903.090698 -2349.415771
v  -5635.357422 -1967.527100 -2862.775879
v  -6414.979004 -3448.761963 -1509.291992
v  -6367.492676 -3481.805176 -1764.827148
v  -6607.862305 -2778.156494 -1629.080811
v  -6562.269531 -2809.149658 -1876.001221
v  -6562.269531 -2809.149658 -1876.001221
v  -6367.492676 -3481.805176 -1764.827148
v  -502.000031 -2439.999023 -3303.144775
v  -1020.000061 -2418.178711 -3678.052490
v  -502.000031 -2418.178711 -3678.052490
v  -502.000000 -2794.075439 -3700.020996
v  -3438.457031 -1936.920044 -7241.465820
v  -2082.382324 -824.607178 -8241.585938
v  -3556.647461 -1647.808350 -7134.951172
v  -3735.535400 -1475.942383 -7768.958984
v  -3610.181885 -1782.576050 -7881.929199
v  -3438.457031 -1936.920044 -7241.465820
v  -3610.181885 -1782.576050 -7881.929199
v  -5572.554199 -2329.568604 -3579.325928
v  -5443.649902 -2776.540527 -3499.420898
v  -2082.198975 -824.283997 -8242.258789
v  -4118.181641 -1344.335449 -8519.786133
v  -3735.535400 -1475.942383 -7768.958984
v  -5812.447266 -2527.715332 -1512.620728
v  -5761.899902 -2560.200928 -1775.857544
v  -5812.447266 -2527.715332 -1512.620728
v  -5941.351563 -2080.743408 -1592.525757
v  -3985.665039 -1668.490967 -8639.211914
v  -4118.181641 -1344.335449 -8519.786133
v  -2000.622803 -2209.535400 -1231.926636
v  -2973.929199 -2371.954590 -1391.257690
v  -1961.577148 -3208.637695 -448.676361
v  -5349.854980 -1970.032715 -1926.520630
v  -5220.950684 -2417.004639 -1846.615601
v  -2935.844482 -3370.063965 -608.309387
v  -1694.626343 -4362.325195 -905.210144
v  -5133.198730 -2116.373291 -3094.619385
v  -5004.294434 -2563.344971 -3014.714355
v  -2667.932861 -4524.744629 -1064.541138
v  -1771.937012 -2364.990967 -2470.432861
v  -2745.243408 -2527.410156 -2629.763672
v  -2000.622803 -2209.535400 -1231.926636
v  -1504.025391 -3519.671387 -2926.664551
v  -2478.292725 -3681.097900 -3086.297607
v  -2745.243408 -2527.410156 -2629.763672
v  -1465.940552 -4517.780762 -2143.716309
v  -2439.247070 -4680.200195 -2303.047363
v  -1694.626343 -4362.325195 -905.210144
v  -5193.452637 -4116.449707 -2537.065430
v  -4940.903320 -5478.348633 -2319.489258
v  -5296.712891 -4046.255615 -1977.834473
v  -5044.163086 -5408.154785 -1760.258301
v  -5296.712891 -4046.255615 -1977.834473
v  -5044.163086 -5408.154785 -1760.258301
v  -3583.740234 -4174.604004 -1645.430054
v  -3416.649658 -5058.015625 -1503.692627
v  -3313.389648 -5128.209473 -2062.923584
v  -3416.649658 -5058.015625 -1503.692627
v  -5044.163086 -5408.154785 -1760.258301
v  -3480.480225 -4244.797852 -2204.660889
v  -3583.740234 -4174.604004 -1645.430054
v  -5296.712891 -4046.255615 -1977.834473
v  -2879.342285 -5183.690918 -2200.206299
v  -3414.203125 -3208.250244 -1510.004272
v  -3061.714111 -5059.718262 -1212.524658
v  -3231.831299 -3332.222900 -2497.686035
v  -4183.211914 -4626.145020 -2510.943848
v  -2879.342285 -5183.690918 -2200.206299
v  -4221.459961 -3382.025879 -1637.249390
v  -4183.211914 -4626.145020 -2510.943848
v  -4365.583984 -4502.172363 -1523.262085
v  -4039.088135 -3505.998535 -2624.931152
v  -3995.781982 -5613.616699 -2352.389404
v  -4178.153809 -5489.644043 -1364.707520
v  -4365.583984 -4502.172363 -1523.262085
v  -3061.714111 -5059.718262 -1212.524658
v  -3093.778320 -5420.077637 -2210.130371
v  -3995.781982 -5613.616699 -2352.389404
v  -3093.778320 -5420.077637 -2210.130371
v  -3276.150146 -5296.104980 -1222.448486
v  -4178.153809 -5489.644043 -1364.707520
v  -3276.150146 -5296.104980 -1222.448486
v  -3857.702881 -3083.929199 -1607.499512
v  -3675.330811 -3207.901855 -2595.181396
v  -3414.203125 -3208.250244 -1510.004272
v  -3786.793701 -4904.013672 -2892.637939
v  -4141.265625 -4663.051270 -972.904663
v  -4923.563477 -5804.992188 -2694.357910
v  -3786.793701 -4904.013672 -2892.637939
v  -3710.906738 -5544.201172 -2503.179199
v  -5000.241211 -5165.412598 -3083.886230
v  -3783.159668 -5738.897461 -1778.945801
v  -5174.234375 -5634.590820 -1336.783325
v  -3961.578125 -5373.800293 -1145.604736
v  -5354.712891 -4924.450195 -1164.153076
v  -4141.265625 -4663.051270 -972.904663
v  -4141.265625 -4663.051270 -972.904663
v  -3786.793701 -4904.013672 -2892.637939
v  -5000.241211 -5165.412598 -3083.886230
v  -5354.712891 -4924.450195 -1164.153076
v  5235.177734 -4120.413574 -2262.129150

vt  0.929688 -0.554688 0.000000
vt  0.781250 -0.609375 0.000000
vt  0.781250 -0.554688 0.000000
vt  0.882813 -0.382813 0.000000
vt  0.781250 -0.382813 0.000000
vt  0.929688 -0.554688 0.000000
vt  0.781250 -0.554688 0.000000
vt  0.726563 -0.554688 0.000000
vt  0.781250 -0.382813 0.000000
vt  0.726563 -0.375000 0.000000
vt  0.937500 -0.367188 0.000000
vt  0.984375 -0.539063 0.000000
vt  0.882813 -0.382813 0.000000
vt  0.125000 -0.039063 0.000000
vt  0.007813 -0.203125 0.000000
vt  0.007813 -0.039063 0.000000
vt  0.125000 -0.195313 0.000000
vt  0.007813 -0.367188 0.000000
vt  0.125000 -0.359375 0.000000
vt  0.007813 -0.531250 0.000000
vt  0.125000 -0.523438 0.000000
vt  0.007813 -0.367188 0.000000
vt  0.007813 -0.523438 0.000000
vt  0.125000 -0.367188 0.000000
vt  0.125000 -0.195313 0.000000
vt  0.007813 -0.203125 0.000000
vt  0.125000 -0.031250 0.000000
vt  0.507813 -0.156250 0.000000
vt  0.656250 -0.164063 0.000000
vt  0.476563 -0.226563 0.000000
vt  0.687500 -0.226563 0.000000
vt  0.734375 -0.132813 0.000000
vt  0.734375 -0.007813 0.000000
vt  0.429688 -0.132813 0.000000
vt  0.125000 -0.359375 0.000000
vt  0.750000 -0.078125 0.000000
vt  0.835938 -0.007813 0.000000
vt  0.804688 -0.070313 0.000000
vt  0.765625 -0.015625 0.000000
vt  0.757813 -0.117188 0.000000
vt  0.843750 -0.125000 0.000000
vt  0.929688 -0.078125 0.000000
vt  0.835938 -0.070313 0.000000
vt  0.429688 -0.007813 0.000000
vt  0.757813 -0.046875 0.000000
vt  0.429688 -0.000000 0.000000
vt  0.507813 -0.132813 0.000000
vt  0.914063 -0.000000 0.000000
vt  0.960938 -0.125000 0.000000
vt  0.992188 -0.078125 0.000000
vt  0.968750 -0.007813 0.000000
vt  0.984375 -0.078125 0.000000
vt  0.804688 -0.257813 0.000000
vt  0.828125 -0.210938 0.000000
vt  0.906250 -0.226563 0.000000
vt  0.835938 -0.328125 0.000000
vt  0.687500 -0.265625 0.000000
vt  0.703125 -0.218750 0.000000
vt  0.914063 -0.320313 0.000000
vt  0.992188 -0.242188 0.000000
vt  0.445313 -0.304688 0.000000
vt  0.562500 -0.515625 0.000000
vt  0.554688 -0.515625 0.000000
vt  0.914063 -0.156250 0.000000
vt  0.726563 -0.179688 0.000000
vt  0.843750 -0.179688 0.000000
vt  0.929688 -0.617188 0.000000
vt  0.781250 -0.609375 0.000000
vt  0.929688 -0.554688 0.000000
vt  0.414063 -0.523438 0.000000
vt  0.781250 -0.554688 0.000000
vt  0.406250 -0.515625 0.000000
vt  0.414063 -0.523438 0.000000
vt  0.554688 -0.515625 0.000000
vt  0.554688 -0.515625 0.000000
vt  0.445313 -0.304688 0.000000
vt  0.406250 -0.515625 0.000000
vt  0.554688 -0.515625 0.000000
vt  0.562500 -0.515625 0.000000
vt  0.882813 -0.382813 0.000000
vt  0.781250 -0.382813 0.000000
vt  0.929688 -0.554688 0.000000
vt  0.781250 -0.554688 0.000000
vt  0.718750 -0.554688 0.000000
vt  0.781250 -0.382813 0.000000
vt  0.726563 -0.382813 0.000000
vt  0.937500 -0.367188 0.000000
vt  0.992188 -0.539063 0.000000
vt  0.882813 -0.382813 0.000000
vt  0.507813 -0.156250 0.000000
vt  0.656250 -0.164063 0.000000
vt  0.476563 -0.226563 0.000000
vt  0.679688 -0.234375 0.000000
vt  0.734375 -0.132813 0.000000
vt  0.734375 -0.007813 0.000000
vt  0.429688 -0.132813 0.000000
vt  0.429688 -0.007813 0.000000
vt  0.500000 -0.132813 0.000000
vt  0.507813 -0.007813 0.000000
vt  0.578125 -0.132813 0.000000
vt  0.585938 -0.007813 0.000000
vt  0.656250 -0.132813 0.000000
vt  0.656250 -0.007813 0.000000
vt  0.656250 -0.156250 0.000000
vt  0.507813 -0.156250 0.000000
vt  0.679688 -0.226563 0.000000
vt  0.476563 -0.226563 0.000000
vt  0.984375 -0.976563 0.000000
vt  0.984375 -0.929688 0.000000
vt  0.875000 -0.976563 0.000000
vt  0.875000 -0.929688 0.000000
vt  0.875000 -0.875000 0.000000
vt  0.984375 -0.875000 0.000000
vt  0.789063 -0.984375 0.000000
vt  0.843750 -0.953125 0.000000
vt  0.726563 -0.945313 0.000000
vt  0.679688 -0.789063 0.000000
vt  0.679688 -0.648438 0.000000
vt  0.812500 -0.648438 0.000000
vt  0.843750 -0.671875 0.000000
vt  0.875000 -0.765625 0.000000
vt  0.875000 -0.734375 0.000000
vt  0.984375 -0.765625 0.000000
vt  0.984375 -0.734375 0.000000
vt  0.976563 -0.625000 0.000000
vt  0.875000 -0.632813 0.000000
vt  0.812500 -0.648438 0.000000
vt  0.843750 -0.671875 0.000000
vt  0.679688 -0.648438 0.000000
vt  0.679688 -0.789063 0.000000
vt  0.875000 -0.742188 0.000000
vt  0.984375 -0.632813 0.000000
vt  0.984375 -0.742188 0.000000
vt  0.507813 -0.007813 0.000000
vt  0.585938 -0.132813 0.000000
vt  0.585938 -0.007813 0.000000
vt  0.656250 -0.132813 0.000000
vt  0.664063 -0.007813 0.000000
vt  0.742188 -0.007813 0.000000
vt  0.687500 -0.226563 0.000000
vt  0.656250 -0.156250 0.000000
vt  0.476563 -0.226563 0.000000
vt  0.507813 -0.156250 0.000000
vt  0.976563 -0.984375 0.000000
vt  0.976563 -0.929688 0.000000
vt  0.875000 -0.976563 0.000000
vt  0.875000 -0.929688 0.000000
vt  0.875000 -0.875000 0.000000
vt  0.976563 -0.875000 0.000000
vt  0.726563 -0.945313 0.000000
vt  0.843750 -0.953125 0.000000
vt  0.679688 -0.648438 0.000000
vt  0.679688 -0.789063 0.000000
vt  0.812500 -0.648438 0.000000
vt  0.843750 -0.671875 0.000000
vt  0.875000 -0.765625 0.000000
vt  0.875000 -0.734375 0.000000
vt  0.976563 -0.765625 0.000000
vt  0.976563 -0.734375 0.000000
vt  0.976563 -0.632813 0.000000
vt  0.875000 -0.632813 0.000000
vt  0.710938 -0.203125 0.000000
vt  0.421875 -0.921875 0.000000
vt  0.335938 -0.921875 0.000000
vt  0.421875 -0.984375 0.000000
vt  0.335938 -0.984375 0.000000
vt  0.812500 -0.648438 0.000000
vt  0.843750 -0.671875 0.000000
vt  0.679688 -0.648438 0.000000
vt  0.335938 -0.984375 0.000000
vt  0.335938 -0.921875 0.000000
vt  0.421875 -0.984375 0.000000
vt  0.421875 -0.921875 0.000000
vt  0.679688 -0.789063 0.000000
vt  0.726563 -0.945313 0.000000
vt  0.203125 -0.500000 0.000000
vt  0.156250 -0.562500 0.000000
vt  0.179688 -0.500000 0.000000
vt  0.132813 -0.546875 0.000000
vt  0.539063 -0.921875 0.000000
vt  0.539063 -0.984375 0.000000
vt  0.843750 -0.945313 0.000000
vt  0.875000 -0.742188 0.000000
vt  0.203125 -0.398438 0.000000
vt  0.179688 -0.398438 0.000000
vt  0.976563 -0.742188 0.000000
vt  0.726563 -0.945313 0.000000
vt  0.843750 -0.945313 0.000000
vt  0.976563 -0.976563 0.000000
vt  0.539063 -0.984375 0.000000
vt  0.539063 -0.921875 0.000000
vt  0.265625 -0.898438 0.000000
vt  0.164063 -0.898438 0.000000
vt  0.265625 -0.804688 0.000000
vt  0.210938 -0.757813 0.000000
vt  0.179688 -0.312500 0.000000
vt  0.203125 -0.312500 0.000000
vt  0.203125 -0.242188 0.000000
vt  0.179688 -0.242188 0.000000
vt  0.007813 -0.898438 0.000000
vt  0.093750 -0.898438 0.000000
vt  0.015625 -0.984375 0.000000
vt  0.085938 -0.984375 0.000000
vt  0.093750 -0.632813 0.000000
vt  0.164063 -0.632813 0.000000
vt  0.210938 -0.625000 0.000000
vt  0.179688 -0.500000 0.000000
vt  0.132813 -0.546875 0.000000
vt  0.210938 -0.500000 0.000000
vt  0.156250 -0.562500 0.000000
vt  0.203125 -0.398438 0.000000
vt  0.179688 -0.398438 0.000000
vt  0.179688 -0.312500 0.000000
vt  0.203125 -0.312500 0.000000
vt  0.273438 -0.898438 0.000000
vt  0.265625 -0.804688 0.000000
vt  0.164063 -0.898438 0.000000
vt  0.210938 -0.757813 0.000000
vt  0.539063 -0.828125 0.000000
vt  0.648438 -0.789063 0.000000
vt  0.648438 -0.984375 0.000000
vt  0.328125 -0.640625 0.000000
vt  0.328125 -0.546875 0.000000
vt  0.421875 -0.640625 0.000000
vt  0.421875 -0.546875 0.000000
vt  0.156250 -0.007813 0.000000
vt  0.203125 -0.070313 0.000000
vt  0.132813 -0.023438 0.000000
vt  0.179688 -0.070313 0.000000
vt  0.304688 -0.640625 0.000000
vt  0.304688 -0.546875 0.000000
vt  0.007813 -0.632813 0.000000
vt  0.093750 -0.898438 0.000000
vt  0.093750 -0.632813 0.000000
vt  0.164063 -0.632813 0.000000
vt  0.179688 -0.109375 0.000000
vt  0.203125 -0.109375 0.000000
vt  0.406250 -0.750000 0.000000
vt  0.296875 -0.882813 0.000000
vt  0.492188 -0.882813 0.000000
vt  0.359375 -0.757813 0.000000
vt  0.648438 -0.789063 0.000000
vt  0.648438 -0.984375 0.000000
vt  0.539063 -0.828125 0.000000
vt  0.257813 -0.523438 0.000000
vt  0.257813 -0.328125 0.000000
vt  0.367188 -0.523438 0.000000
vt  0.367188 -0.328125 0.000000
vt  0.476563 -0.781250 0.000000
vt  0.476563 -0.640625 0.000000
vt  0.539063 -0.757813 0.000000
vt  0.312500 -0.906250 0.000000
vt  0.468750 -0.914063 0.000000
vt  0.187500 -0.984375 0.000000
vt  0.242188 -0.921875 0.000000
vt  0.179688 -0.921875 0.000000
vt  0.226563 -0.992188 0.000000
vt  0.226563 -0.992188 0.000000
vt  0.242188 -0.921875 0.000000
vt  0.187500 -0.984375 0.000000
vt  0.179688 -0.921875 0.000000
vt  0.539063 -0.679688 0.000000
vt  0.304688 -0.734375 0.000000
vt  0.398438 -0.734375 0.000000
vt  0.304688 -0.640625 0.000000
vt  0.398438 -0.640625 0.000000
vt  0.203125 -0.242188 0.000000
vt  0.179688 -0.242188 0.000000
vt  0.648438 -0.648438 0.000000
vt  0.648438 -0.679688 0.000000
vt  0.539063 -0.679688 0.000000
vt  0.648438 -0.718750 0.000000
vt  0.406250 -0.210938 0.000000
vt  0.367188 -0.179688 0.000000
vt  0.367188 -0.250000 0.000000
vt  0.476563 -0.640625 0.000000
vt  0.421875 -0.640625 0.000000
vt  0.421875 -0.546875 0.000000
vt  0.539063 -0.757813 0.000000
vt  0.218750 -0.210938 0.000000
vt  0.257813 -0.250000 0.000000
vt  0.257813 -0.179688 0.000000
vt  0.648438 -0.648438 0.000000
vt  0.539063 -0.679688 0.000000
vt  0.648438 -0.679688 0.000000
vt  0.648438 -0.718750 0.000000
vt  0.539063 -0.828125 0.000000
vt  0.476563 -0.781250 0.000000
vt  0.648438 -0.789063 0.000000
vt  0.656250 -0.757813 0.000000
vt  0.406250 -0.289063 0.000000
vt  0.367188 -0.328125 0.000000
vt  0.210938 -0.625000 0.000000
vt  0.476563 -0.640625 0.000000
vt  0.421875 -0.546875 0.000000
vt  0.421875 -0.640625 0.000000
vt  0.539063 -0.757813 0.000000
vt  0.218750 -0.289063 0.000000
vt  0.257813 -0.328125 0.000000
vt  0.648438 -0.757813 0.000000
vt  0.648438 -0.789063 0.000000
vt  0.539063 -0.828125 0.000000
vt  0.476563 -0.781250 0.000000
vt  0.539063 -0.984375 0.000000
vt  0.539063 -0.921875 0.000000
vt  0.648438 -0.984375 0.000000
vt  0.539063 -0.984375 0.000000
vt  0.648438 -0.984375 0.000000
vt  0.539063 -0.921875 0.000000
vt  0.156250 -0.562500 0.000000
vt  0.132813 -0.546875 0.000000
vt  0.132813 -0.617188 0.000000
vt  0.132813 -0.609375 0.000000
vt  0.070313 -0.601563 0.000000
vt  0.132813 -0.609375 0.000000
vt  0.070313 -0.601563 0.000000
vt  0.132813 -0.546875 0.000000
vt  0.164063 -0.562500 0.000000
vt  0.328125 -0.546875 0.000000
vt  0.304688 -0.546875 0.000000
vt  0.328125 -0.640625 0.000000
vt  0.304688 -0.640625 0.000000
vt  0.132813 -0.023438 0.000000
vt  0.179688 -0.070313 0.000000
vt  0.156250 -0.007813 0.000000
vt  0.585938 -0.515625 0.000000
vt  0.679688 -0.312500 0.000000
vt  0.640625 -0.265625 0.000000
vt  0.539063 -0.265625 0.000000
vt  0.593750 -0.515625 0.000000
vt  0.500000 -0.312500 0.000000
vt  0.687500 -0.312500 0.000000
vt  0.640625 -0.265625 0.000000
vt  0.203125 -0.070313 0.000000
vt  0.421875 -0.640625 0.000000
vt  0.421875 -0.546875 0.000000
vt  0.539063 -0.265625 0.000000
vt  0.203125 -0.109375 0.000000
vt  0.179688 -0.109375 0.000000
vt  0.843750 -0.671875 0.000000
vt  0.843750 -0.953125 0.000000
vt  0.679688 -0.789063 0.000000
vt  0.789063 -0.984375 0.000000
vt  0.843750 -0.953125 0.000000
vt  0.726563 -0.945313 0.000000
vt  0.578125 -0.132813 0.000000
vt  0.656250 -0.156250 0.000000
vt  0.507813 -0.156250 0.000000
vt  0.578125 -0.132813 0.000000
vt  0.507813 -0.156250 0.000000
vt  0.656250 -0.164063 0.000000
vt  0.539063 -0.546875 0.000000
vt  0.367188 -0.250000 0.000000
vt  0.257813 -0.250000 0.000000
vt  0.367188 -0.179688 0.000000
vt  0.257813 -0.179688 0.000000
vt  0.421875 -0.921875 0.000000
vt  0.335938 -0.921875 0.000000
vt  0.421875 -0.984375 0.000000
vt  0.539063 -0.546875 0.000000
vt  0.648438 -0.546875 0.000000
vt  0.648438 -0.546875 0.000000
vt  0.648438 -0.648438 0.000000
vt  0.476563 -0.640625 0.000000
vt  0.476563 -0.781250 0.000000
vt  0.539063 -0.679688 0.000000
vt  0.539063 -0.757813 0.000000
vt  0.398438 -0.078125 0.000000
vt  0.398438 -0.039063 0.000000
vt  0.367188 -0.070313 0.000000
vt  0.367188 -0.000000 0.000000
vt  0.257813 -0.070313 0.000000
vt  0.257813 -0.007813 0.000000
vt  0.367188 -0.070313 0.000000
vt  0.367188 -0.007813 0.000000
vt  0.367188 -0.101563 0.000000
vt  0.257813 -0.101563 0.000000
vt  0.367188 -0.062500 0.000000
vt  0.257813 -0.062500 0.000000
vt  0.398438 -0.078125 0.000000
vt  0.398438 -0.039063 0.000000
vt  0.539063 -0.546875 0.000000
vt  0.367188 -0.070313 0.000000
vt  0.257813 -0.070313 0.000000
vt  0.335938 -0.992188 0.000000
vt  0.335938 -0.984375 0.000000
vt  0.335938 -0.921875 0.000000
vt  0.421875 -0.984375 0.000000
vt  0.367188 -0.070313 0.000000
vt  0.398438 -0.039063 0.000000
vt  0.367188 -0.007813 0.000000
vt  0.398438 -0.078125 0.000000
vt  0.421875 -0.921875 0.000000
vt  0.203125 -0.500000 0.000000
vt  0.156250 -0.562500 0.000000
vt  0.179688 -0.500000 0.000000
vt  0.132813 -0.546875 0.000000
vt  0.539063 -0.921875 0.000000
vt  0.539063 -0.984375 0.000000
vt  0.203125 -0.398438 0.000000
vt  0.179688 -0.398438 0.000000
vt  0.539063 -0.984375 0.000000
vt  0.539063 -0.921875 0.000000
vt  0.265625 -0.898438 0.000000
vt  0.164063 -0.898438 0.000000
vt  0.265625 -0.804688 0.000000
vt  0.210938 -0.757813 0.000000
vt  0.179688 -0.312500 0.000000
vt  0.203125 -0.312500 0.000000
vt  0.203125 -0.242188 0.000000
vt  0.179688 -0.242188 0.000000
vt  0.007813 -0.898438 0.000000
vt  0.093750 -0.898438 0.000000
vt  0.015625 -0.992188 0.000000
vt  0.085938 -0.992188 0.000000
vt  0.093750 -0.632813 0.000000
vt  0.164063 -0.632813 0.000000
vt  0.210938 -0.632813 0.000000
vt  0.367188 -0.101563 0.000000
vt  0.257813 -0.062500 0.000000
vt  0.367188 -0.062500 0.000000
vt  0.257813 -0.101563 0.000000
vt  0.257813 -0.070313 0.000000
vt  0.257813 -0.007813 0.000000
vt  0.398438 -0.078125 0.000000
vt  0.367188 -0.000000 0.000000
vt  0.398438 -0.039063 0.000000
vt  0.367188 -0.070313 0.000000
vt  0.179688 -0.500000 0.000000
vt  0.132813 -0.546875 0.000000
vt  0.203125 -0.500000 0.000000
vt  0.648438 -0.546875 0.000000
vt  0.539063 -0.546875 0.000000
vt  0.156250 -0.562500 0.000000
vt  0.203125 -0.398438 0.000000
vt  0.179688 -0.398438 0.000000
vt  0.179688 -0.242188 0.000000
vt  0.203125 -0.109375 0.000000
vt  0.203125 -0.242188 0.000000
vt  0.179688 -0.109375 0.000000
vt  0.179688 -0.070313 0.000000
vt  0.203125 -0.070313 0.000000
vt  0.328125 -0.546875 0.000000
vt  0.328125 -0.640625 0.000000
vt  0.179688 -0.312500 0.000000
vt  0.203125 -0.312500 0.000000
vt  0.265625 -0.898438 0.000000
vt  0.265625 -0.804688 0.000000
vt  0.164063 -0.898438 0.000000
vt  0.210938 -0.757813 0.000000
vt  0.539063 -0.828125 0.000000
vt  0.648438 -0.796875 0.000000
vt  0.648438 -0.984375 0.000000
vt  0.328125 -0.640625 0.000000
vt  0.328125 -0.546875 0.000000
vt  0.421875 -0.640625 0.000000
vt  0.421875 -0.546875 0.000000
vt  0.156250 -0.007813 0.000000
vt  0.203125 -0.070313 0.000000
vt  0.132813 -0.023438 0.000000
vt  0.179688 -0.070313 0.000000
vt  0.304688 -0.640625 0.000000
vt  0.304688 -0.546875 0.000000
vt  0.007813 -0.632813 0.000000
vt  0.093750 -0.898438 0.000000
vt  0.093750 -0.632813 0.000000
vt  0.164063 -0.632813 0.000000
vt  0.179688 -0.109375 0.000000
vt  0.203125 -0.109375 0.000000
vt  0.203125 -0.117188 0.000000
vt  0.179688 -0.117188 0.000000
vt  0.132813 -0.023438 0.000000
vt  0.156250 -0.007813 0.000000
vt  0.304688 -0.640625 0.000000
vt  0.304688 -0.546875 0.000000
vt  0.210938 -0.625000 0.000000
vt  0.164063 -0.898438 0.000000
vt  0.164063 -0.632813 0.000000
vt  0.210938 -0.757813 0.000000
vt  0.179688 -0.312500 0.000000
vt  0.203125 -0.312500 0.000000
vt  0.304688 -0.734375 0.000000
vt  0.398438 -0.640625 0.000000
vt  0.398438 -0.734375 0.000000
vt  0.304688 -0.640625 0.000000
vt  0.257813 -0.523438 0.000000
vt  0.367188 -0.523438 0.000000
vt  0.648438 -0.796875 0.000000
vt  0.648438 -0.984375 0.000000
vt  0.539063 -0.828125 0.000000
vt  0.203125 -0.109375 0.000000
vt  0.179688 -0.242188 0.000000
vt  0.203125 -0.242188 0.000000
vt  0.179688 -0.109375 0.000000
vt  0.179688 -0.070313 0.000000
vt  0.203125 -0.070313 0.000000
vt  0.093750 -0.898438 0.000000
vt  0.093750 -0.632813 0.000000
vt  0.093750 -0.632813 0.000000
vt  0.007813 -0.898438 0.000000
vt  0.093750 -0.898438 0.000000
vt  0.007813 -0.632813 0.000000
vt  0.328125 -0.640625 0.000000
vt  0.304688 -0.546875 0.000000
vt  0.304688 -0.640625 0.000000
vt  0.328125 -0.546875 0.000000
vt  0.156250 -0.007813 0.000000
vt  0.132813 -0.023438 0.000000
vt  0.273438 -0.898438 0.000000
vt  0.265625 -0.804688 0.000000
vt  0.179688 -0.398438 0.000000
vt  0.203125 -0.398438 0.000000
vt  0.179688 -0.500000 0.000000
vt  0.210938 -0.500000 0.000000
vt  0.156250 -0.562500 0.000000
vt  0.210938 -0.757813 0.000000
vt  0.164063 -0.632813 0.000000
vt  0.164063 -0.898438 0.000000
vt  0.210938 -0.625000 0.000000
vt  0.085938 -0.984375 0.000000
vt  0.015625 -0.984375 0.000000
vt  0.203125 -0.312500 0.000000
vt  0.179688 -0.312500 0.000000
vt  0.203125 -0.398438 0.000000
vt  0.179688 -0.398438 0.000000
vt  0.265625 -0.898438 0.000000
vt  0.265625 -0.804688 0.000000
vt  0.257813 -0.531250 0.000000
vt  0.257813 -0.328125 0.000000
vt  0.367188 -0.531250 0.000000
vt  0.367188 -0.328125 0.000000
vt  0.476563 -0.781250 0.000000
vt  0.476563 -0.640625 0.000000
vt  0.539063 -0.757813 0.000000
vt  0.539063 -0.679688 0.000000
vt  0.304688 -0.734375 0.000000
vt  0.398438 -0.734375 0.000000
vt  0.304688 -0.640625 0.000000
vt  0.398438 -0.640625 0.000000
vt  0.203125 -0.242188 0.000000
vt  0.179688 -0.242188 0.000000
vt  0.210938 -0.632813 0.000000
vt  0.328125 -0.546875 0.000000
vt  0.304688 -0.546875 0.000000
vt  0.328125 -0.640625 0.000000
vt  0.304688 -0.640625 0.000000
vt  0.132813 -0.023438 0.000000
vt  0.179688 -0.070313 0.000000
vt  0.156250 -0.007813 0.000000
vt  0.421875 -0.984375 0.000000
vt  0.421875 -0.921875 0.000000
vt  0.203125 -0.070313 0.000000
vt  0.421875 -0.640625 0.000000
vt  0.421875 -0.546875 0.000000
vt  0.203125 -0.500000 0.000000
vt  0.179688 -0.500000 0.000000
vt  0.421875 -0.921875 0.000000
vt  0.421875 -0.984375 0.000000
vt  0.203125 -0.109375 0.000000
vt  0.179688 -0.109375 0.000000
vt  0.179688 -0.117188 0.000000
vt  0.335938 -0.984375 0.000000
vt  0.335938 -0.921875 0.000000
vt  0.203125 -0.117188 0.000000
vt  0.539063 -0.546875 0.000000
vt  0.335938 -0.984375 0.000000
vt  0.335938 -0.921875 0.000000
vt  0.367188 -0.250000 0.000000
vt  0.257813 -0.250000 0.000000
vt  0.367188 -0.179688 0.000000
vt  0.257813 -0.179688 0.000000
vt  0.648438 -0.546875 0.000000
vt  0.648438 -0.648438 0.000000
vt  0.476563 -0.640625 0.000000
vt  0.476563 -0.781250 0.000000
vt  0.539063 -0.679688 0.000000
vt  0.539063 -0.757813 0.000000
vt  0.398438 -0.078125 0.000000
vt  0.398438 -0.039063 0.000000
vt  0.367188 -0.070313 0.000000
vt  0.367188 -0.007813 0.000000
vt  0.257813 -0.070313 0.000000
vt  0.257813 -0.007813 0.000000
vt  0.367188 -0.070313 0.000000
vt  0.367188 -0.070313 0.000000
vt  0.257813 -0.070313 0.000000
vt  0.648438 -0.546875 0.000000
vt  0.648438 -0.648438 0.000000
vt  0.578125 -0.132813 0.000000
vt  0.789063 -0.984375 0.000000
vt  0.500000 -0.312500 0.000000
vt  0.585938 -0.515625 0.000000
vt  0.539063 -0.265625 0.000000
vt  0.640625 -0.265625 0.000000
vt  0.687500 -0.312500 0.000000
vt  0.593750 -0.515625 0.000000
vt  0.539063 -0.265625 0.000000
vt  0.875000 -0.765625 0.000000
vt  0.984375 -0.976563 0.000000
vt  0.984375 -0.765625 0.000000
vt  0.875000 -0.976563 0.000000
vt  0.843750 -0.671875 0.000000
vt  0.679688 -0.789063 0.000000
vt  0.984375 -0.875000 0.000000
vt  0.875000 -0.742188 0.000000
vt  0.984375 -0.742188 0.000000
vt  0.875000 -0.875000 0.000000
vt  0.875000 -0.632813 0.000000
vt  0.984375 -0.632813 0.000000
vt  0.812500 -0.648438 0.000000
vt  0.679688 -0.648438 0.000000
vt  0.976563 -0.625000 0.000000
vt  0.875000 -0.734375 0.000000
vt  0.984375 -0.734375 0.000000
vt  0.679688 -0.648438 0.000000
vt  0.812500 -0.648438 0.000000
vt  0.789063 -0.984375 0.000000
vt  0.726563 -0.945313 0.000000
vt  0.984375 -0.929688 0.000000
vt  0.875000 -0.929688 0.000000
vt  0.476563 -0.226563 0.000000
vt  0.679688 -0.226563 0.000000
vt  0.656250 -0.132813 0.000000
vt  0.734375 -0.007813 0.000000
vt  0.656250 -0.007813 0.000000
vt  0.734375 -0.132813 0.000000
vt  0.585938 -0.007813 0.000000
vt  0.500000 -0.132813 0.000000
vt  0.507813 -0.007813 0.000000
vt  0.429688 -0.132813 0.000000
vt  0.429688 -0.007813 0.000000
vt  0.679688 -0.234375 0.000000
vt  0.476563 -0.226563 0.000000
vt  0.929688 -0.554688 0.000000
vt  0.781250 -0.382813 0.000000
vt  0.781250 -0.554688 0.000000
vt  0.882813 -0.382813 0.000000
vt  0.937500 -0.367188 0.000000
vt  0.992188 -0.539063 0.000000
vt  0.726563 -0.382813 0.000000
vt  0.718750 -0.554688 0.000000
vt  0.882813 -0.382813 0.000000
vt  0.781250 -0.554688 0.000000
vt  0.781250 -0.382813 0.000000
vt  0.929688 -0.554688 0.000000
vt  0.929688 -0.617188 0.000000
vt  0.781250 -0.609375 0.000000
vt  0.367188 -0.007813 0.000000
vt  0.367188 -0.101563 0.000000
vt  0.257813 -0.101563 0.000000
vt  0.367188 -0.062500 0.000000
vt  0.257813 -0.062500 0.000000
vt  0.398438 -0.078125 0.000000
vt  0.398438 -0.039063 0.000000
vt  0.539063 -0.546875 0.000000
vt  0.367188 -0.070313 0.000000
vt  0.257813 -0.070313 0.000000
vt  0.640625 -0.265625 0.000000
vt  0.679688 -0.312500 0.000000
vt  0.164063 -0.562500 0.000000
vt  0.132813 -0.609375 0.000000
vt  0.070313 -0.601563 0.000000
vt  0.132813 -0.609375 0.000000
vt  0.070313 -0.601563 0.000000
vt  0.132813 -0.617188 0.000000
vt  0.648438 -0.757813 0.000000
vt  0.648438 -0.718750 0.000000
vt  0.218750 -0.289063 0.000000
vt  0.656250 -0.757813 0.000000
vt  0.406250 -0.289063 0.000000
vt  0.648438 -0.718750 0.000000
vt  0.648438 -0.648438 0.000000
vt  0.648438 -0.679688 0.000000
vt  0.539063 -0.679688 0.000000
vt  0.648438 -0.718750 0.000000
vt  0.406250 -0.210938 0.000000
vt  0.367188 -0.179688 0.000000
vt  0.367188 -0.250000 0.000000
vt  0.476563 -0.640625 0.000000
vt  0.421875 -0.640625 0.000000
vt  0.421875 -0.546875 0.000000
vt  0.539063 -0.757813 0.000000
vt  0.218750 -0.210938 0.000000
vt  0.257813 -0.250000 0.000000
vt  0.257813 -0.179688 0.000000
vt  0.648438 -0.648438 0.000000
vt  0.539063 -0.679688 0.000000
vt  0.648438 -0.679688 0.000000
vt  0.648438 -0.718750 0.000000
vt  0.539063 -0.828125 0.000000
vt  0.476563 -0.781250 0.000000
vt  0.648438 -0.796875 0.000000
vt  0.648438 -0.757813 0.000000
vt  0.406250 -0.289063 0.000000
vt  0.367188 -0.328125 0.000000
vt  0.648438 -0.546875 0.000000
vt  0.476563 -0.640625 0.000000
vt  0.421875 -0.546875 0.000000
vt  0.421875 -0.640625 0.000000
vt  0.539063 -0.757813 0.000000
vt  0.218750 -0.289063 0.000000
vt  0.257813 -0.328125 0.000000
vt  0.648438 -0.757813 0.000000
vt  0.648438 -0.796875 0.000000
vt  0.539063 -0.828125 0.000000
vt  0.476563 -0.781250 0.000000
vt  0.539063 -0.984375 0.000000
vt  0.539063 -0.921875 0.000000
vt  0.648438 -0.984375 0.000000
vt  0.539063 -0.984375 0.000000
vt  0.648438 -0.984375 0.000000
vt  0.539063 -0.921875 0.000000
vt  0.156250 -0.562500 0.000000
vt  0.132813 -0.546875 0.000000
vt  0.132813 -0.609375 0.000000
vt  0.070313 -0.601563 0.000000
vt  0.132813 -0.609375 0.000000
vt  0.070313 -0.601563 0.000000
vt  0.132813 -0.546875 0.000000
vt  0.156250 -0.562500 0.000000
vt  0.648438 -0.679688 0.000000
vt  0.218750 -0.210938 0.000000
vt  0.585938 -0.515625 0.000000
vt  0.687500 -0.312500 0.000000
vt  0.640625 -0.265625 0.000000
vt  0.539063 -0.265625 0.000000
vt  0.593750 -0.515625 0.000000
vt  0.593750 -0.523438 0.000000
vt  0.500000 -0.312500 0.000000
vt  0.679688 -0.312500 0.000000
vt  0.640625 -0.265625 0.000000
vt  0.406250 -0.210938 0.000000
vt  0.539063 -0.265625 0.000000
vt  0.648438 -0.679688 0.000000
vt  0.789063 -0.976563 0.000000
vt  0.726563 -0.945313 0.000000
vt  0.843750 -0.945313 0.000000
vt  0.789063 -0.976563 0.000000
vt  0.843750 -0.945313 0.000000
vt  0.726563 -0.945313 0.000000
vt  0.578125 -0.132813 0.000000
vt  0.656250 -0.156250 0.000000
vt  0.507813 -0.156250 0.000000
vt  0.585938 -0.132813 0.000000
vt  0.507813 -0.156250 0.000000
vt  0.656250 -0.164063 0.000000
vt  0.648438 -0.648438 0.000000
vt  0.578125 -0.132813 0.000000
vt  0.789063 -0.976563 0.000000
vt  0.789063 -0.976563 0.000000
vt  0.187500 -0.984375 0.000000
vt  0.179688 -0.921875 0.000000
vt  0.226563 -0.992188 0.000000
vt  0.242188 -0.921875 0.000000
vt  0.500000 -0.312500 0.000000
vt  0.593750 -0.515625 0.000000
vt  0.539063 -0.265625 0.000000
vt  0.539063 -0.546875 0.000000
vt  0.648438 -0.546875 0.000000
vt  0.187500 -0.984375 0.000000
vt  0.179688 -0.921875 0.000000
vt  0.226563 -0.992188 0.000000
vt  0.242188 -0.921875 0.000000
vt  0.312500 -0.906250 0.000000
vt  0.296875 -0.882813 0.000000
vt  0.468750 -0.914063 0.000000
vt  0.492188 -0.882813 0.000000
vt  0.406250 -0.750000 0.000000
vt  0.359375 -0.757813 0.000000
vt  0.750000 -0.078125 0.000000
vt  0.804688 -0.070313 0.000000
vt  0.835938 -0.007813 0.000000
vt  0.765625 -0.015625 0.000000
vt  0.843750 -0.125000 0.000000
vt  0.757813 -0.117188 0.000000
vt  0.757813 -0.046875 0.000000
vt  0.835938 -0.070313 0.000000
vt  0.367188 -0.070313 0.000000
vt  0.257813 -0.070313 0.000000
vt  0.640625 -0.265625 0.000000
vt  0.929688 -0.078125 0.000000
vt  0.367188 -0.070313 0.000000
vt  0.398438 -0.039063 0.000000
vt  0.367188 -0.007813 0.000000
vt  0.398438 -0.078125 0.000000
vt  0.914063 -0.000000 0.000000
vt  0.679688 -0.312500 0.000000
vt  0.593750 -0.523438 0.000000
vt  0.539063 -0.265625 0.000000
vt  0.640625 -0.265625 0.000000
vt  0.585938 -0.515625 0.000000
vt  0.687500 -0.312500 0.000000
vt  0.960938 -0.125000 0.000000
vt  0.992188 -0.078125 0.000000
vt  0.984375 -0.078125 0.000000
vt  0.132813 -0.609375 0.000000
vt  0.070313 -0.601563 0.000000
vt  0.132813 -0.609375 0.000000
vt  0.070313 -0.601563 0.000000
vt  0.648438 -0.757813 0.000000
vt  0.648438 -0.718750 0.000000
vt  0.218750 -0.289063 0.000000
vt  0.367188 -0.101563 0.000000
vt  0.257813 -0.062500 0.000000
vt  0.367188 -0.062500 0.000000
vt  0.257813 -0.101563 0.000000
vt  0.257813 -0.070313 0.000000
vt  0.257813 -0.007813 0.000000
vt  0.398438 -0.078125 0.000000
vt  0.367188 -0.007813 0.000000
vt  0.398438 -0.039063 0.000000
vt  0.367188 -0.070313 0.000000
vt  0.648438 -0.546875 0.000000
vt  0.539063 -0.546875 0.000000
vt  0.648438 -0.757813 0.000000
vt  0.406250 -0.289063 0.000000
vt  0.179688 -0.242188 0.000000
vt  0.203125 -0.117188 0.000000
vt  0.203125 -0.242188 0.000000
vt  0.179688 -0.117188 0.000000
vt  0.203125 -0.109375 0.000000
vt  0.179688 -0.070313 0.000000
vt  0.203125 -0.070313 0.000000
vt  0.179688 -0.109375 0.000000
vt  0.328125 -0.546875 0.000000
vt  0.328125 -0.640625 0.000000
vt  0.648438 -0.718750 0.000000
vt  0.648438 -0.679688 0.000000
vt  0.218750 -0.210938 0.000000
vt  0.406250 -0.210938 0.000000
vt  0.648438 -0.679688 0.000000
vt  0.968750 -0.007813 0.000000
vt  0.687500 -0.265625 0.000000
vt  0.835938 -0.328125 0.000000
vt  0.804688 -0.257813 0.000000
vt  0.703125 -0.218750 0.000000
vt  0.726563 -0.179688 0.000000
vt  0.828125 -0.210938 0.000000
vt  0.132813 -0.023438 0.000000
vt  0.156250 -0.007813 0.000000
vt  0.304688 -0.640625 0.000000
vt  0.304688 -0.546875 0.000000
vt  0.210938 -0.632813 0.000000
vt  0.164063 -0.898438 0.000000
vt  0.164063 -0.632813 0.000000
vt  0.210938 -0.757813 0.000000
vt  0.179688 -0.312500 0.000000
vt  0.203125 -0.312500 0.000000
vt  0.304688 -0.734375 0.000000
vt  0.398438 -0.640625 0.000000
vt  0.398438 -0.734375 0.000000
vt  0.304688 -0.640625 0.000000
vt  0.257813 -0.531250 0.000000
vt  0.367188 -0.531250 0.000000
vt  0.710938 -0.203125 0.000000
vt  0.843750 -0.179688 0.000000
vt  0.203125 -0.117188 0.000000
vt  0.179688 -0.242188 0.000000
vt  0.203125 -0.242188 0.000000
vt  0.179688 -0.117188 0.000000
vt  0.179688 -0.070313 0.000000
vt  0.203125 -0.109375 0.000000
vt  0.203125 -0.070313 0.000000
vt  0.179688 -0.109375 0.000000
vt  0.093750 -0.898438 0.000000
vt  0.093750 -0.632813 0.000000
vt  0.093750 -0.632813 0.000000
vt  0.007813 -0.898438 0.000000
vt  0.093750 -0.898438 0.000000
vt  0.007813 -0.632813 0.000000
vt  0.328125 -0.640625 0.000000
vt  0.304688 -0.546875 0.000000
vt  0.304688 -0.640625 0.000000
vt  0.328125 -0.546875 0.000000
vt  0.156250 -0.007813 0.000000
vt  0.132813 -0.023438 0.000000
vt  0.265625 -0.898438 0.000000
vt  0.265625 -0.804688 0.000000
vt  0.179688 -0.398438 0.000000
vt  0.203125 -0.398438 0.000000
vt  0.179688 -0.500000 0.000000
vt  0.203125 -0.500000 0.000000
vt  0.210938 -0.757813 0.000000
vt  0.164063 -0.632813 0.000000
vt  0.164063 -0.898438 0.000000
vt  0.210938 -0.632813 0.000000
vt  0.085938 -0.992188 0.000000
vt  0.015625 -0.992188 0.000000
vt  0.203125 -0.312500 0.000000
vt  0.179688 -0.312500 0.000000
vt  0.203125 -0.398438 0.000000
vt  0.179688 -0.398438 0.000000
vt  0.265625 -0.898438 0.000000
vt  0.265625 -0.804688 0.000000
vt  0.914063 -0.320313 0.000000
vt  0.906250 -0.226563 0.000000
vt  0.992188 -0.242188 0.000000
vt  0.914063 -0.156250 0.000000
vt  0.562500 -0.515625 0.000000
vt  0.445313 -0.304688 0.000000
vt  0.554688 -0.515625 0.000000
vt  0.414063 -0.523438 0.000000
vt  0.406250 -0.515625 0.000000
vt  0.554688 -0.515625 0.000000
vt  0.414063 -0.523438 0.000000
vt  0.421875 -0.984375 0.000000
vt  0.421875 -0.921875 0.000000
vt  0.445313 -0.304688 0.000000
vt  0.554688 -0.515625 0.000000
vt  0.406250 -0.515625 0.000000
vt  0.203125 -0.500000 0.000000
vt  0.179688 -0.500000 0.000000
vt  0.421875 -0.921875 0.000000
vt  0.421875 -0.984375 0.000000
vt  0.554688 -0.515625 0.000000
vt  0.562500 -0.515625 0.000000
vt  0.125000 -0.359375 0.000000
vt  0.007813 -0.367188 0.000000
vt  0.125000 -0.195313 0.000000
vt  0.335938 -0.984375 0.000000
vt  0.335938 -0.921875 0.000000
vt  0.007813 -0.203125 0.000000
vt  0.125000 -0.031250 0.000000
vt  0.335938 -0.992188 0.000000
vt  0.335938 -0.921875 0.000000
vt  0.007813 -0.039063 0.000000
vt  0.125000 -0.523438 0.000000
vt  0.007813 -0.523438 0.000000
vt  0.125000 -0.367188 0.000000
vt  0.125000 -0.359375 0.000000
vt  0.007813 -0.367188 0.000000
vt  0.007813 -0.531250 0.000000
vt  0.125000 -0.195313 0.000000
vt  0.007813 -0.203125 0.000000
vt  0.125000 -0.039063 0.000000
vt  0.929688 -0.554688 0.000000
vt  0.781250 -0.554688 0.000000
vt  0.929688 -0.609375 0.000000
vt  0.781250 -0.609375 0.000000
vt  0.929688 -0.554688 0.000000
vt  0.781250 -0.554688 0.000000
vt  0.882813 -0.382813 0.000000
vt  0.781250 -0.382813 0.000000
vt  0.781250 -0.382813 0.000000
vt  0.726563 -0.375000 0.000000
vt  0.726563 -0.554688 0.000000
vt  0.882813 -0.382813 0.000000
vt  0.937500 -0.367188 0.000000
vt  0.984375 -0.539063 0.000000
vt  0.875000 -0.765625 0.000000
vt  0.976563 -0.976563 0.000000
vt  0.976563 -0.765625 0.000000
vt  0.875000 -0.976563 0.000000
vt  0.679688 -0.789063 0.000000
vt  0.843750 -0.671875 0.000000
vt  0.976563 -0.875000 0.000000
vt  0.875000 -0.742188 0.000000
vt  0.976563 -0.742188 0.000000
vt  0.875000 -0.875000 0.000000
vt  0.875000 -0.632813 0.000000
vt  0.976563 -0.632813 0.000000
vt  0.679688 -0.789063 0.000000
vt  0.843750 -0.671875 0.000000
vt  0.812500 -0.648438 0.000000
vt  0.679688 -0.648438 0.000000
vt  0.875000 -0.734375 0.000000
vt  0.976563 -0.734375 0.000000
vt  0.679688 -0.648438 0.000000
vt  0.812500 -0.648438 0.000000
vt  0.976563 -0.929688 0.000000
vt  0.875000 -0.929688 0.000000
vt  0.976563 -0.984375 0.000000
vt  0.687500 -0.226563 0.000000
vt  0.476563 -0.226563 0.000000
vt  0.656250 -0.132813 0.000000
vt  0.742188 -0.007813 0.000000
vt  0.664063 -0.007813 0.000000
vt  0.734375 -0.132813 0.000000
vt  0.585938 -0.007813 0.000000
vt  0.507813 -0.132813 0.000000
vt  0.507813 -0.007813 0.000000
vt  0.429688 -0.132813 0.000000
vt  0.429688 -0.000000 0.000000
vt  0.429688 -0.007813 0.000000
vt  0.734375 -0.007813 0.000000
vt  0.687500 -0.226563 0.000000
vt  0.476563 -0.226563 0.000000
vt  0.929688 -0.609375 0.000000

vn  0.690038 0.162115 -0.705384
vn  0.578646 -0.765637 0.281015
vn  0.062310 -0.599234 -0.798145
vn  0.159919 0.791728 0.589570
vn  0.160591 -0.313780 0.935817
vn  0.494035 0.707309 0.505613
vn  0.578646 -0.765637 0.281015
vn  0.578646 -0.765637 0.281015
vn  -0.317271 -0.914215 -0.252091
vn  0.160591 -0.313780 0.935817
vn  0.159919 0.791728 0.589570
vn  0.494035 0.707309 0.505613
vn  -0.243874 0.610431 -0.753591
vn  -0.027608 -0.885148 0.464489
vn  -0.206678 -0.965240 -0.159987
vn  0.085573 -0.660117 0.746272
vn  -0.272577 -0.820384 -0.502665
vn  -0.292076 -0.305259 -0.906371
vn  -0.245224 0.064826 -0.967297
vn  -0.085573 0.660117 -0.746272
vn  0.027569 0.885092 -0.464599
vn  0.206650 0.965267 0.159863
vn  -0.085573 0.660117 -0.746272
vn  0.272577 0.820384 0.502665
vn  0.245202 -0.064953 0.967294
vn  0.292085 0.305381 0.906327
vn  -0.027608 -0.885148 0.464489
vn  0.624732 -0.536350 0.567484
vn  0.450863 -0.761179 -0.466185
vn  0.906110 0.422206 0.026607
vn  0.216087 -0.127159 -0.968058
vn  0.216087 -0.127159 -0.968058
vn  -0.404662 0.798131 -0.446358
vn  0.906110 0.422206 0.026607
vn  0.272577 0.820384 0.502665
vn  0.766148 -0.456588 0.452267
vn  0.145364 -0.594287 -0.791007
vn  0.963991 -0.263531 0.035663
vn  -0.534707 -0.017150 -0.844863
vn  -0.630191 0.460044 0.625475
vn  -0.083268 0.461431 0.883260
vn  0.650765 0.635652 -0.415273
vn  -0.997902 0.053997 -0.035721
vn  -0.472726 0.356282 0.805974
vn  -0.894475 0.430832 -0.119578
vn  -0.472726 0.356282 0.805974
vn  0.624732 -0.536350 0.567484
vn  0.187086 -0.731341 -0.655850
vn  -0.569308 0.612934 0.547905
vn  0.115407 0.750590 -0.650612
vn  0.253750 -0.401408 -0.880047
vn  -0.459987 -0.886396 0.052090
vn  0.938089 -0.101744 0.331114
vn  0.425726 -0.593435 -0.683076
vn  0.752746 0.460347 -0.470589
vn  -0.136937 0.582863 0.800949
vn  -0.314124 0.221898 0.923086
vn  0.927507 -0.341183 -0.152727
vn  -0.274641 0.865861 0.418159
vn  0.000000 0.747077 -0.664737
vn  -0.908369 0.406966 -0.096145
vn  0.165627 0.882901 -0.439379
vn  -0.329849 -0.327378 -0.885451
vn  0.002247 -0.615084 -0.788459
vn  -0.046711 -0.303892 -0.951561
vn  -0.986558 -0.140455 -0.083523
vn  -0.242851 0.418290 0.875247
vn  0.297434 -0.878946 0.372810
vn  0.923087 0.317122 0.217586
vn  -0.444105 -0.832105 -0.332222
vn  0.779726 -0.281240 -0.559403
vn  0.269798 0.911455 0.310578
vn  0.269798 0.911455 0.310578
vn  0.165627 0.882901 -0.439379
vn  -0.730504 -0.602187 0.322078
vn  -0.861930 0.443273 -0.246142
vn  -0.444105 -0.832105 -0.332222
vn  -0.239014 0.598381 0.764731
vn  -0.730504 -0.602187 0.322078
vn  -0.526895 0.506941 0.682196
vn  -0.554865 -0.641156 0.530135
vn  -0.242851 0.418290 0.875247
vn  0.297434 -0.878946 0.372810
vn  0.297434 -0.878946 0.372810
vn  0.199059 -0.721035 -0.663690
vn  -0.554865 -0.641156 0.530135
vn  -0.526895 0.506941 0.682196
vn  -0.242851 0.418290 0.875247
vn  0.300856 0.861925 -0.408132
vn  0.055778 -0.773018 0.631927
vn  0.793640 -0.595365 -0.125204
vn  0.434901 0.273775 0.857851
vn  0.901477 0.198371 -0.384692
vn  0.901477 0.198371 -0.384692
vn  -0.351758 0.828346 -0.436015
vn  0.434901 0.273775 0.857851
vn  -0.885860 0.008147 0.463881
vn  0.055778 -0.773018 0.631927
vn  -0.869791 -0.418017 -0.262154
vn  0.131327 -0.989814 -0.054972
vn  -0.261768 -0.748704 -0.609032
vn  0.793640 -0.595365 -0.125204
vn  -0.124507 -0.141990 -0.982006
vn  -0.124507 -0.141990 -0.982006
vn  -0.869791 -0.418017 -0.262154
vn  -0.351758 0.828346 -0.436015
vn  -0.885860 0.008147 0.463881
vn  -0.832468 0.132578 0.537978
vn  -0.268156 0.815786 0.512432
vn  -0.105874 0.697784 -0.708441
vn  0.397515 0.905858 0.146298
vn  0.924500 0.374575 0.070665
vn  0.142001 0.275678 0.950704
vn  -0.268156 0.815786 0.512432
vn  -0.832468 0.132578 0.537978
vn  0.142001 0.275678 0.950704
vn  0.009034 -0.237673 0.971303
vn  0.392088 -0.697259 0.600080
vn  -0.527036 -0.847288 0.065850
vn  -0.942230 -0.286221 -0.174011
vn  0.118946 0.120047 -0.985617
vn  -0.181222 -0.617348 -0.765533
vn  -0.942230 -0.286221 -0.174011
vn  -0.527036 -0.847288 0.065850
vn  0.392088 -0.697259 0.600080
vn  0.612954 -0.541361 -0.575514
vn  -0.181222 -0.617348 -0.765533
vn  0.118946 0.120047 -0.985617
vn  0.612954 -0.541361 -0.575514
vn  0.986190 0.063803 -0.152837
vn  0.986190 0.063803 -0.152837
vn  0.392088 -0.697259 0.600080
vn  0.009034 -0.237673 0.971303
vn  -0.540502 -0.409308 0.735067
vn  0.154323 -0.963291 0.219669
vn  -0.548585 -0.824126 0.140965
vn  0.450863 -0.761179 -0.466185
vn  -0.925985 -0.276808 -0.256767
vn  -0.404662 0.798131 -0.446358
vn  -0.404662 0.798131 -0.446358
vn  -0.925985 -0.276808 -0.256767
vn  -0.472726 0.356282 0.805974
vn  -0.540502 -0.409308 0.735067
vn  -0.230800 0.562952 0.793610
vn  0.144948 0.970827 0.191011
vn  -0.738922 0.553634 -0.384037
vn  0.246522 0.799559 -0.547661
vn  0.406966 0.111612 -0.906599
vn  0.742711 0.463407 0.483358
vn  0.924500 0.374575 0.070665
vn  -0.105874 0.697784 -0.708441
vn  0.793234 -0.548093 0.265279
vn  0.876838 0.056841 0.477415
vn  -0.164233 -0.652648 0.739647
vn  -0.527345 -0.074295 0.846397
vn  -0.639156 -0.200528 -0.742475
vn  -0.639236 -0.767328 -0.050845
vn  -0.527345 -0.074295 0.846397
vn  -0.164233 -0.652648 0.739647
vn  0.793234 -0.548093 0.265279
vn  -0.019764 -0.809615 -0.586628
vn  -0.993573 0.098206 -0.056283
vn  0.128321 -0.549533 -0.825559
vn  -0.437557 0.045851 -0.898021
vn  0.238265 0.372194 -0.897052
vn  -0.878383 0.363569 -0.310261
vn  -0.639236 -0.767328 -0.050845
vn  -0.639156 -0.200528 -0.742475
vn  -0.019764 -0.809615 -0.586628
vn  -0.589238 0.471391 -0.656193
vn  -0.829998 -0.413568 -0.374253
vn  -0.836854 -0.098098 0.538565
vn  -0.692835 -0.717764 0.069244
vn  0.629545 -0.199403 -0.750941
vn  0.742711 0.463407 0.483358
vn  -0.692835 -0.717764 0.069244
vn  -0.829998 -0.413568 -0.374253
vn  -0.666082 -0.707713 0.235538
vn  -0.781429 0.342292 -0.521732
vn  -0.537341 -0.689309 0.485920
vn  -0.283948 -0.360058 0.888669
vn  -0.230800 0.562952 0.793610
vn  0.629545 -0.199403 -0.750941
vn  -0.537341 -0.689309 0.485920
vn  -0.943432 -0.151278 -0.295044
vn  0.876838 0.056841 0.477415
vn  0.406966 0.111612 -0.906599
vn  -0.738922 0.553634 -0.384037
vn  -0.230800 0.562952 0.793610
vn  0.797115 0.128806 -0.589930
vn  0.573244 -0.066442 -0.816687
vn  -0.943432 -0.151278 -0.295044
vn  -0.666082 -0.707713 0.235538
vn  -0.798902 0.529538 0.285211
vn  -0.876158 0.318695 0.361637
vn  -0.798902 0.529538 0.285211
vn  -0.672685 0.052228 0.738083
vn  -0.839619 0.530897 0.114837
vn  -0.876158 0.318695 0.361637
vn  -0.846569 0.008450 -0.532212
vn  -0.781429 0.342292 -0.521732
vn  -0.826387 0.534629 -0.176795
vn  -0.393901 0.641794 -0.657984
vn  -0.559916 0.740762 -0.371169
vn  -0.657840 0.511067 0.553223
vn  -0.708803 0.602129 0.367477
vn  0.264574 -0.046683 -0.963235
vn  -0.846569 0.008450 -0.532212
vn  0.128321 -0.549533 -0.825559
vn  -0.437557 0.045851 -0.898021
vn  0.573244 -0.066442 -0.816687
vn  -0.195093 -0.479399 -0.855638
vn  -0.189789 0.635097 -0.748754
vn  0.383933 0.763248 -0.519661
vn  -0.195093 -0.479399 -0.855638
vn  -0.189789 0.635097 -0.748754
vn  0.264574 -0.046683 -0.963235
vn  0.105012 0.729646 -0.675714
vn  0.383933 0.763248 -0.519661
vn  0.976255 -0.125422 0.176623
vn  0.945099 -0.261192 0.196385
vn  -0.589588 0.794907 -0.143210
vn  -0.819153 0.356640 -0.449217
vn  -0.395866 0.720769 0.569018
vn  -0.750832 -0.161733 0.640386
vn  -0.589588 0.794907 -0.143210
vn  -0.395866 0.720769 0.569018
vn  -0.559916 0.740762 -0.371169
vn  -0.657840 0.511067 0.553223
vn  -0.559916 0.740762 -0.371169
vn  -0.618713 0.420420 -0.663657
vn  -0.640305 0.543356 -0.542931
vn  -0.846569 0.008450 -0.532212
vn  -0.640305 0.543356 -0.542931
vn  0.399816 0.872985 -0.279365
vn  -0.708803 0.602129 0.367477
vn  -0.730327 0.080750 0.678308
vn  -0.141632 0.649236 0.747284
vn  -0.141716 0.649236 0.747268
vn  -0.141572 0.649310 0.747231
vn  -0.141677 0.649187 0.747318
vn  0.563995 -0.335846 0.754399
vn  0.281493 -0.444377 0.850465
vn  -0.672685 0.052228 0.738083
vn  0.281493 -0.444377 0.850465
vn  0.563995 -0.335846 0.754399
vn  0.945099 -0.261192 0.196385
vn  0.976255 -0.125422 0.176623
vn  -0.839619 0.530897 0.114837
vn  -0.730327 0.080750 0.678308
vn  -0.333660 -0.345596 0.877060
vn  -0.141565 0.649323 0.747221
vn  -0.141247 0.649409 0.747206
vn  0.843496 -0.102515 0.527262
vn  0.047234 -0.598500 0.799729
vn  0.729367 0.665046 -0.160431
vn  -0.819732 -0.366611 0.440041
vn  -0.167406 0.848597 -0.501855
vn  -0.909295 0.358155 -0.211916
vn  -0.819732 -0.366611 0.440041
vn  0.047234 -0.598500 0.799729
vn  -0.333677 -0.345884 0.876940
vn  -0.559916 0.740762 -0.371169
vn  -0.640305 0.543356 -0.542931
vn  -0.618713 0.420420 -0.663657
vn  -0.954254 0.249378 -0.164954
vn  0.001544 0.591732 -0.806133
vn  0.105012 0.729646 -0.675714
vn  -0.919224 -0.370453 -0.133385
vn  -0.923065 -0.169461 -0.345303
vn  -0.626654 0.020301 -0.779033
vn  -0.963689 -0.267013 0.002766
vn  -0.923065 -0.169461 -0.345303
vn  -0.919224 -0.370453 -0.133385
vn  -0.963689 -0.267013 0.002766
vn  -0.019841 0.623711 -0.781403
vn  -0.098415 0.870162 -0.482837
vn  -0.179206 0.190510 -0.965190
vn  -0.626768 0.020027 -0.778949
vn  -0.493619 -0.335361 0.802417
vn  -0.758140 -0.346496 0.552418
vn  -0.768941 -0.450361 0.453767
vn  -0.768941 -0.450361 0.453767
vn  -0.033519 -0.249343 0.967835
vn  -0.493619 -0.335361 0.802417
vn  -0.758140 -0.346496 0.552418
vn  -0.261263 0.405188 -0.876108
vn  0.263869 0.730711 -0.629631
vn  -0.984817 -0.170548 0.032387
vn  -0.923065 -0.169461 -0.345303
vn  -0.923065 -0.169461 -0.345303
vn  -0.984817 -0.170548 0.032387
vn  -0.194040 0.927125 -0.320604
vn  0.545825 0.404349 0.733878
vn  0.652824 -0.007745 0.757470
vn  0.256149 0.681255 0.685769
vn  -0.036551 -0.250014 0.967552
vn  -0.493619 -0.335361 0.802417
vn  -0.673433 -0.233352 0.701452
vn  -0.493619 -0.335361 0.802417
vn  -0.673433 -0.233352 0.701452
vn  0.382175 0.475090 0.792611
vn  0.653077 0.245386 0.716433
vn  -0.665291 0.000774 -0.746584
vn  -0.261267 -0.389602 -0.883148
vn  -0.940709 -0.189979 -0.281024
vn  0.107733 -0.211192 0.971489
vn  -0.700009 -0.348309 0.623432
vn  0.375887 -0.425885 0.823001
vn  0.923995 -0.288390 -0.251127
vn  0.881813 -0.012278 -0.471439
vn  0.920876 0.345815 -0.180000
vn  0.920876 0.345815 -0.180000
vn  0.674266 0.587359 -0.447633
vn  0.847592 0.374262 -0.376187
vn  0.874918 0.455937 0.163218
vn  0.902956 0.289908 -0.317212
vn  0.700870 -0.561487 -0.439902
vn  -0.702487 0.398956 -0.589361
vn  -0.954254 0.249378 -0.164954
vn  -0.493795 0.830503 -0.257741
vn  -0.640305 0.543356 -0.542931
vn  -0.640305 0.543356 -0.542931
vn  0.399816 0.872985 -0.279365
vn  -0.493795 0.830503 -0.257741
vn  -0.325628 0.910804 0.253775
vn  -0.420672 0.335563 -0.842872
vn  -0.943171 0.126889 -0.307129
vn  -0.504783 -0.042210 0.862213
vn  -0.325628 0.910804 0.253775
vn  0.256582 0.074225 0.963668
vn  -0.420672 0.335563 -0.842872
vn  0.331713 0.588991 -0.736923
vn  0.295667 0.948373 -0.114759
vn  0.295667 0.948373 -0.114759
vn  0.301514 0.355285 -0.884795
vn  0.782107 0.415184 0.464684
vn  0.445581 0.520017 -0.728725
vn  -0.194040 0.927125 -0.320604
vn  0.774351 -0.151931 0.614246
vn  0.683484 0.624497 0.377960
vn  -0.262984 -0.277246 0.924107
vn  -0.273692 0.952419 -0.134131
vn  0.118112 0.622899 -0.773334
vn  -0.818289 0.387381 -0.424662
vn  0.638554 -0.741096 -0.207426
vn  0.674894 -0.161841 -0.719948
vn  0.894782 -0.312883 0.318541
vn  -0.044786 -0.964254 -0.261165
vn  -0.328452 -0.832199 0.446726
vn  -0.581890 -0.584767 -0.565201
vn  -0.151682 -0.392603 0.907114
vn  0.914911 -0.293345 0.277284
vn  0.545258 -0.431013 0.718972
vn  0.856155 -0.422911 0.296891
vn  0.426730 -0.561758 0.708752
vn  -0.421397 -0.830149 -0.365072
vn  -0.958493 -0.242554 -0.149864
vn  -0.620367 -0.022688 -0.783983
vn  -0.755053 -0.046404 -0.654020
vn  -0.959786 -0.276825 0.046679
vn  0.581892 -0.425903 0.692826
vn  0.426730 -0.561758 0.708752
vn  0.445581 0.520017 -0.728725
vn  0.001544 0.591732 -0.806133
vn  0.873028 0.066096 -0.483170
vn  0.874629 0.064629 -0.480465
vn  -0.805779 0.580604 0.116698
vn  -0.899387 -0.035640 0.435699
vn  0.091538 0.214257 0.972479
vn  0.411976 -0.395944 0.820673
vn  0.091538 0.214257 0.972479
vn  0.411976 -0.395944 0.820673
vn  0.937385 0.116432 0.328257
vn  0.904062 0.061607 -0.422938
vn  0.449038 0.832112 -0.325507
vn  -0.805779 0.580604 0.116698
vn  -0.403605 0.444455 -0.799727
vn  -0.899387 -0.035640 0.435699
vn  0.449038 0.832112 -0.325507
vn  -0.403605 0.444455 -0.799727
vn  0.796759 0.129566 -0.590244
vn  -0.959786 -0.276825 0.046679
vn  -0.602297 -0.345475 0.719642
vn  -0.854633 0.322921 0.406601
vn  -0.965415 0.257846 -0.038583
vn  -0.695290 -0.421849 0.581906
vn  -0.079313 0.211706 0.974110
vn  -0.819489 0.494364 -0.289899
vn  0.091734 0.264193 -0.960097
vn  -0.973327 -0.178988 -0.143518
vn  0.426441 0.719467 -0.548193
vn  -0.204909 -0.551125 0.808872
vn  -0.204909 -0.551125 0.808872
vn  -0.695290 -0.421849 0.581906
vn  -0.064801 -0.483089 0.873170
vn  -0.951022 0.212608 0.224401
vn  0.199389 -0.387343 0.900116
vn  0.583644 0.036053 0.811209
vn  0.199389 -0.387343 0.900116
vn  -0.764306 -0.136950 0.630143
vn  0.009475 -0.196774 -0.980403
vn  -0.254565 -0.434735 -0.863830
vn  -0.764306 -0.136950 0.630143
vn  -0.064801 -0.483089 0.873170
vn  -0.392045 0.689654 0.608833
vn  -0.332935 0.533528 0.777497
vn  -0.392045 0.689654 0.608833
vn  0.137914 0.405244 0.903746
vn  -0.546589 0.631873 0.549524
vn  -0.332935 0.533528 0.777497
vn  -0.921664 -0.090338 0.377326
vn  -0.951022 0.212608 0.224401
vn  -0.761038 0.523987 0.382438
vn  -0.886863 0.390498 -0.246951
vn  -0.793547 0.608492 0.004506
vn  -0.098777 0.755806 0.647302
vn  -0.290850 0.776325 0.559219
vn  0.426441 0.719467 -0.548193
vn  0.960628 0.230074 0.155756
vn  0.091734 0.264193 -0.960097
vn  0.198272 0.591852 0.781281
vn  -0.734579 0.048302 0.676802
vn  -0.099938 -0.237805 0.966158
vn  0.198272 0.591852 0.781281
vn  -0.099938 -0.237805 0.966158
vn  0.960628 0.230074 0.155756
vn  -0.734579 0.048302 0.676802
vn  -0.558688 -0.435305 -0.705959
vn  -0.921664 -0.090338 0.377326
vn  -0.421397 -0.830149 -0.365072
vn  -0.602297 -0.345475 0.719642
vn  0.107211 -0.211531 0.971473
vn  -0.958493 -0.242554 -0.149864
vn  -0.254565 -0.434735 -0.863830
vn  -0.657513 -0.738235 -0.150620
vn  0.278022 0.485219 -0.829015
vn  -0.019841 0.623711 -0.781403
vn  0.263869 0.730711 -0.629631
vn  -0.021187 0.623348 -0.781657
vn  -0.086409 0.873948 -0.478277
vn  -0.098415 0.870162 -0.482837
vn  0.865228 0.332732 -0.375060
vn  0.574563 0.798101 -0.181417
vn  -0.829219 0.326441 -0.453688
vn  -0.334780 0.460438 -0.822143
vn  -0.657513 -0.738235 -0.150620
vn  -0.829219 0.326441 -0.453688
vn  -0.558688 -0.435305 -0.705959
vn  -0.615750 0.405251 -0.675739
vn  -0.334780 0.460438 -0.822143
vn  0.758027 -0.165912 -0.630768
vn  0.785326 -0.279055 -0.552623
vn  -0.650837 0.747737 0.131534
vn  -0.922043 0.257095 0.289377
vn  0.025356 0.923491 0.382782
vn  0.065006 0.181095 0.981315
vn  -0.650837 0.747737 0.131534
vn  0.025356 0.923491 0.382782
vn  -0.793547 0.608492 0.004506
vn  -0.098777 0.755806 0.647302
vn  -0.793547 0.608492 0.004506
vn  -0.977627 0.210323 -0.003036
vn  -0.927463 0.371897 0.038797
vn  -0.921664 -0.090338 0.377326
vn  -0.927463 0.371897 0.038797
vn  -0.167721 0.650546 -0.740716
vn  -0.290850 0.776325 0.559219
vn  0.051095 0.415695 0.908068
vn  0.051095 0.415695 0.908068
vn  -0.290850 0.776325 0.559219
vn  0.739353 0.669390 -0.072620
vn  0.574563 0.798101 -0.181417
vn  0.739353 0.669390 -0.072620
vn  0.953161 0.287826 -0.092952
vn  -0.021187 0.623348 -0.781657
vn  0.072007 -0.548982 -0.832727
vn  -0.086409 0.873948 -0.478277
vn  0.278022 0.485219 -0.829015
vn  0.430148 0.801181 -0.416031
vn  -0.261263 0.405188 -0.876108
vn  0.886466 0.445178 -0.126467
vn  0.953161 0.287826 -0.092952
vn  0.739353 0.669390 -0.072620
vn  0.676384 0.349315 -0.648447
vn  -0.700009 -0.348309 0.623432
vn  -0.940709 -0.189979 -0.281024
vn  0.993340 -0.093343 0.067552
vn  0.918884 -0.123350 0.374750
vn  0.137914 0.405244 0.903746
vn  0.545825 0.404349 0.733878
vn  0.725487 0.367464 0.581927
vn  0.653077 0.245386 0.716433
vn  0.572001 0.649346 0.501164
vn  0.111275 0.739752 0.663615
vn  0.256149 0.681255 0.685769
vn  0.902956 0.289908 -0.317212
vn  0.739353 0.669390 -0.072620
vn  0.886466 0.445178 -0.126467
vn  0.902956 0.289908 -0.317212
vn  0.881813 -0.012278 -0.471439
vn  0.739353 0.669390 -0.072620
vn  0.627853 0.777378 -0.038523
vn  0.676384 0.349315 -0.648447
vn  0.886466 0.445178 -0.126467
vn  0.930025 0.307855 -0.200697
vn  0.627853 0.777378 -0.038523
vn  0.886466 0.445178 -0.126467
vn  0.461704 -0.012917 -0.886940
vn  0.430148 0.801181 -0.416031
vn  0.461704 -0.012917 -0.886940
vn  -0.261267 -0.389602 -0.883148
vn  0.072007 -0.548982 -0.832727
vn  0.206389 -0.325656 -0.922687
vn  0.700870 -0.561487 -0.439902
vn  0.725487 0.367464 0.581927
vn  0.111275 0.739752 0.663615
vn  0.709234 -0.447001 0.545140
vn  0.572001 0.649346 0.501164
vn  0.674266 0.587359 -0.447633
vn  0.874918 0.455937 0.163218
vn  0.382175 0.475090 0.792611
vn  0.860498 0.495344 0.119070
vn  0.375887 -0.425885 0.823001
vn  0.709135 -0.606317 0.359872
vn  0.709135 -0.606317 0.359872
vn  0.860498 0.495344 0.119070
vn  0.918884 -0.123350 0.374750
vn  0.993340 -0.093343 0.067552
vn  0.785326 -0.279055 -0.552623
vn  0.758027 -0.165912 -0.630768
vn  -0.546589 0.631873 0.549524
vn  0.051095 0.415695 0.908068
vn  0.541198 0.050938 0.839351
vn  0.541248 0.050482 0.839346
vn  -0.793547 0.608492 0.004506
vn  -0.927463 0.371897 0.038797
vn  -0.977627 0.210323 -0.003036
vn  -0.765129 0.280669 0.579485
vn  -0.745848 0.241225 -0.620904
vn  -0.615750 0.405251 -0.675739
vn  -0.573733 0.755798 -0.315595
vn  -0.966647 0.231350 0.109867
vn  -0.765129 0.280669 0.579485
vn  -0.687433 0.726087 -0.015302
vn  -0.927463 0.371897 0.038797
vn  -0.927463 0.371897 0.038797
vn  -0.167721 0.650546 -0.740716
vn  -0.687433 0.726087 -0.015302
vn  -0.146724 0.198983 -0.968957
vn  0.206389 -0.325656 -0.922687
vn  -0.123480 0.793393 -0.596054
vn  -0.123480 0.793393 -0.596054
vn  -0.568448 -0.041158 -0.821689
vn  0.613486 -0.696922 0.371396
vn  0.709234 -0.447001 0.545140
vn  0.613486 -0.696922 0.371396
vn  0.618500 -0.023720 0.785426
vn  -0.398964 0.151108 -0.904430
vn  -0.573733 0.755798 -0.315595
vn  -0.573733 0.755798 -0.315595
vn  0.920876 0.345815 -0.180000
vn  0.923995 -0.288390 -0.251127
vn  -0.398964 0.151108 -0.904430
vn  0.685470 -0.002890 0.728096
vn  0.847592 0.374262 -0.376187
vn  0.700870 -0.561487 -0.439902
vn  0.835577 -0.275076 -0.475546
vn  0.976889 -0.191864 0.094214
vn  0.844237 -0.380230 -0.377741
vn  0.926861 -0.301543 0.223609
vn  0.978171 -0.201844 0.049394
vn  0.926861 -0.301543 0.223609
vn  -0.398964 0.151108 -0.904430
vn  -0.745848 0.241225 -0.620904
vn  0.150901 -0.224946 -0.962615
vn  0.154030 -0.225833 -0.961912
vn  -0.536170 0.673715 0.508556
vn  -0.209828 0.238036 0.948320
vn  0.744756 0.549725 0.378339
vn  0.964721 -0.105584 0.241175
vn  0.744756 0.549725 0.378339
vn  0.964721 -0.105584 0.241175
vn  0.794237 0.117246 -0.596189
vn  0.975034 -0.209569 0.073411
vn  0.581892 -0.425903 0.692826
vn  0.975034 -0.209569 0.073411
vn  0.856155 -0.422911 0.296891
vn  -0.261768 -0.748704 -0.609032
vn  0.397515 0.905858 0.146298
vn  -0.551928 -0.032471 0.833259
vn  0.218109 0.864719 0.452426
vn  -0.894120 0.379553 0.237673
vn  -0.084896 0.680580 -0.727738
vn  0.664620 0.420064 -0.617921
vn  0.218109 0.864719 0.452426
vn  0.203071 -0.158108 0.966315
vn  0.488163 0.031208 -0.872195
vn  0.683484 0.624497 0.377960
vn  0.774351 -0.151931 0.614246
vn  0.118112 0.622899 -0.773334
vn  0.488163 0.031208 -0.872195
vn  -0.900556 -0.032708 -0.433507
vn  -0.744510 0.115162 0.657604
vn  -0.900556 -0.032708 -0.433507
vn  -0.262984 -0.277246 0.924107
vn  -0.818289 0.387381 -0.424662
vn  -0.731872 -0.631232 -0.256728
vn  0.150065 -0.826356 0.542785
vn  0.205446 -0.592571 -0.778878
vn  -0.731872 -0.631232 -0.256728
vn  0.150065 -0.826356 0.542785
vn  0.205446 -0.592571 -0.778878
vn  0.731093 -0.682047 -0.017730
vn  0.150065 -0.826356 0.542785
vn  0.731093 -0.682047 -0.017730
vn  -0.166514 0.591230 0.789126
vn  -0.744510 0.115162 0.657604
vn  -0.166514 0.591230 0.789126
vn  -0.273692 0.952419 -0.134131
vn  0.574369 0.775801 0.261214
vn  0.077680 0.399669 -0.913362
vn  -0.581890 -0.584767 -0.565201
vn  0.077680 0.399669 -0.913362
vn  0.674894 -0.161841 -0.719948
vn  -0.951573 0.305270 0.036328
vn  0.638554 -0.741096 -0.207426
vn  -0.328452 -0.832199 0.446726
vn  0.894782 -0.312883 0.318541
vn  -0.148503 -0.197075 0.969076
vn  0.574369 0.775801 0.261214
vn  -0.951573 0.305270 0.036328
vn  -0.148503 -0.197075 0.969076
vn  -0.603207 0.661466 -0.445649
vn  -0.168512 -0.288871 -0.942421
vn  -0.493096 -0.819025 -0.293351
vn  -0.286890 0.791079 -0.540266
vn  0.204921 0.601597 0.772067
vn  -0.667527 0.041671 0.743419
vn  0.440596 -0.877338 0.190140
vn  0.053582 -0.637800 0.768336
vn  0.204921 0.601597 0.772067
vn  0.053582 -0.637800 0.768336
vn  0.440596 -0.877338 0.190140
vn  -0.667527 0.041671 0.743419
vn  -0.667527 0.041671 0.743419
vn  0.053582 -0.637800 0.768336
vn  0.216385 -0.209940 -0.953469
vn  -0.163308 0.589103 -0.791384
vn  -0.536170 0.673715 0.508556
vn  -0.954889 0.157029 -0.252048
vn  -0.209828 0.238036 0.948320
vn  -0.163308 0.589103 -0.791384
vn  -0.954889 0.157029 -0.252048
vn  0.009212 -0.197996 -0.980159
vn  0.697540 -0.282667 -0.658435
vn  0.978171 -0.201844 0.049394
vn  0.990513 0.134741 0.027013
vn  0.664620 0.420064 -0.617921
vn  -0.437557 0.045851 -0.898021
vn  -0.878383 0.363569 -0.310261
vn  -0.826387 0.534629 -0.176795
vn  -0.589238 0.471391 -0.656193
vn  -0.393901 0.641794 -0.657984
vn  -0.589238 0.471391 -0.656193
vn  0.214599 -0.441727 0.871105
vn  0.545258 -0.431013 0.718972
vn  0.214599 -0.441727 0.871105
vn  0.986695 -0.154337 -0.051110
vn  0.986695 -0.154337 -0.051110
vn  0.914911 -0.293345 0.277284
vn  -0.748820 -0.451138 -0.485535
vn  -0.630393 -0.308856 -0.712189
vn  -0.143366 -0.214107 -0.966232
vn  -0.848854 -0.319761 -0.420951
vn  -0.630393 -0.308856 -0.712189
vn  -0.748820 -0.451138 -0.485535
vn  -0.848854 -0.319761 -0.420951
vn  0.421297 0.407760 -0.810087
vn  0.221363 0.715847 -0.662239
vn  0.346865 -0.067074 -0.935514
vn  -0.143440 -0.214455 -0.966144
vn  -0.853911 -0.157320 0.496071
vn  -0.956020 -0.247327 0.157658
vn  -0.922900 -0.372875 0.096017
vn  -0.922900 -0.372875 0.096017
vn  -0.536413 -0.003910 0.843947
vn  -0.853911 -0.157320 0.496071
vn  -0.956020 -0.247327 0.157658
vn  0.247462 0.157218 -0.956057
vn  0.597053 0.567808 -0.566676
vn  -0.875095 -0.220676 -0.430710
vn  -0.630393 -0.308855 -0.712189
vn  -0.630393 -0.308855 -0.712189
vn  -0.875095 -0.220676 -0.430710
vn  0.697540 -0.282667 -0.658435
vn  0.126021 0.607683 0.784118
vn  0.177354 0.222091 0.958760
vn  -0.078671 0.844728 0.529382
vn  -0.538934 -0.004721 0.842335
vn  -0.854407 -0.157630 0.495117
vn  -0.950544 -0.095612 0.295506
vn  -0.854407 -0.157630 0.495117
vn  -0.950544 -0.095612 0.295506
vn  -0.039143 0.680315 0.731873
vn  0.216215 0.456848 0.862868
vn  -0.194777 -0.225129 -0.954662
vn  0.193897 -0.611401 -0.767198
vn  -0.680052 -0.313606 -0.662707
vn  -0.414111 0.043111 0.909205
vn  -0.942190 -0.227766 0.245767
vn  -0.123944 -0.183842 0.975110
vn  0.900739 -0.282104 0.330283
vn  0.995656 -0.071315 0.059860
vn  0.907481 0.349361 0.233291
vn  0.848321 0.500728 -0.172113
vn  0.945819 0.323577 0.026917
vn  0.702347 0.537752 0.466404
vn  0.957385 0.260383 0.124957
vn  0.784225 -0.606495 0.130981
vn  0.214599 -0.441727 0.871105
vn  0.214599 -0.441727 0.871105
vn  -0.343487 0.921877 -0.179331
vn  0.089495 0.088240 -0.992071
vn  -0.645604 -0.014824 -0.763528
vn  -0.873387 0.139111 0.466737
vn  -0.343487 0.921877 -0.179331
vn  -0.343487 0.921877 -0.179331
vn  -0.262358 0.326444 0.908076
vn  0.089495 0.088240 -0.992071
vn  0.700103 0.408436 -0.585693
vn  0.986695 -0.154337 -0.051109
vn  0.466642 0.567138 0.678675
vn  0.986695 -0.154337 -0.051109
vn  -0.387683 0.905884 0.170517
vn  -0.848013 0.354606 0.393864
vn  0.430307 0.592928 0.680641
vn  0.047482 0.887460 -0.458432
vn  0.518303 0.230964 -0.823419
vn  -0.532544 0.403647 -0.743953
vn  0.473420 -0.819732 0.322357
vn  0.769722 -0.568883 -0.289654
vn  0.684356 -0.181047 0.706314
vn  -0.130739 -0.990911 -0.031663
vn  -0.680779 -0.629086 0.375221
vn  -0.354687 -0.676894 -0.644990
vn  0.844237 -0.380230 -0.377741
vn  -0.548585 -0.824126 0.140965
vn  0.246522 0.799559 -0.547661
vn  0.144948 0.970827 0.191011
vn  -0.047319 -0.598664 0.799601
vn  0.819695 -0.366349 0.440328
vn  0.909227 0.358472 -0.211668
vn  0.167243 0.848351 -0.502325
vn  0.303547 0.348222 0.886905
vn  0.277971 0.938181 -0.206273
vn  -0.451894 0.545150 0.706118
vn  -0.321039 -0.255955 -0.911823
vn  -0.868038 -0.318923 -0.380522
vn  -0.729506 0.664774 -0.160923
vn  -0.843540 -0.102724 0.527150
vn  -0.047319 -0.598664 0.799601
vn  0.819695 -0.366349 0.440328
vn  0.141969 0.649308 0.747158
vn  0.141629 0.649306 0.747223
vn  0.141629 0.649320 0.747211
vn  0.141478 0.649275 0.747279
vn  0.141514 0.649214 0.747325
vn  0.141571 0.649246 0.747286
vn  -0.766148 -0.456588 0.452267
vn  -0.951492 -0.187287 0.244103
vn  -0.343023 -0.568364 -0.747862
vn  0.534707 -0.017150 -0.844863
vn  0.083268 0.461431 0.883260
vn  0.630191 0.460044 0.625475
vn  0.894475 0.430832 -0.119578
vn  0.997902 0.053997 -0.035721
vn  -0.868038 -0.318923 -0.380522
vn  -0.906629 -0.195163 0.374080
vn  -0.760000 0.362908 -0.539163
vn  -0.823130 0.502371 -0.264727
vn  -0.523109 0.352572 -0.775919
vn  0.583618 0.023837 -0.811679
vn  -0.776907 -0.271464 -0.568087
vn  0.695395 0.587613 -0.413686
vn  -0.049562 -0.618592 -0.784148
vn  -0.160436 0.074623 -0.984221
vn  0.277971 0.938181 -0.206273
vn  0.893336 0.191907 0.406353
vn  0.592942 0.015060 -0.805104
vn  0.277971 0.938181 -0.206273
vn  -0.160436 0.074623 -0.984221
vn  0.569308 0.612934 0.547905
vn  -0.188453 0.494398 -0.848561
vn  0.459987 -0.886396 0.052090
vn  -0.854633 0.322921 0.406601
vn  -0.761038 0.523987 0.382438
vn  -0.965415 0.257846 -0.038583
vn  -0.886863 0.390498 -0.246951
vn  0.893135 -0.105183 0.437318
vn  0.976889 -0.191864 0.094214
vn  0.893135 -0.105183 0.437318
vn  0.695395 0.587613 -0.413686
vn  0.763477 0.323054 0.559230
vn  0.583618 0.023837 -0.811679
vn  -0.183468 0.777674 0.601300
vn  -0.970359 0.166629 0.175040
vn  -0.591835 0.002639 0.806055
vn  -0.183468 0.777674 0.601300
vn  -0.591835 0.002639 0.806055
vn  0.763477 0.323054 0.559230
vn  -0.970359 0.166629 0.175040
vn  -0.906629 -0.195163 0.374080
vn  -0.414284 0.042593 0.909151
vn  0.597879 -0.278920 -0.751495
vn  0.597879 -0.278920 -0.751495
vn  0.692923 0.282536 -0.663348
vn  0.421297 0.407760 -0.810087
vn  0.597053 0.567808 -0.566676
vn  0.421297 0.407760 -0.810087
vn  0.421297 0.407760 -0.810087
vn  0.230053 0.720970 -0.653665
vn  0.221363 0.715847 -0.662239
vn  0.421297 0.407760 -0.810087
vn  0.957499 0.284725 0.046127
vn  0.642655 0.764142 -0.055514
vn  0.835577 -0.275076 -0.475546
vn  0.892686 -0.104892 0.438302
vn  0.892686 -0.104892 0.438302
vn  0.597879 -0.278919 -0.751495
vn  0.597879 -0.278919 -0.751495
vn  -0.235409 -0.657791 -0.715467
vn  0.314124 0.221898 0.923086
vn  0.136937 0.582863 0.800949
vn  -0.976151 -0.175699 0.127508
vn  -0.941990 -0.294198 0.161563
vn  -0.224348 -0.349168 -0.909808
vn  -0.337711 -0.636669 -0.693256
vn  0.720660 0.676668 0.150895
vn  0.642655 0.764142 -0.055514
vn  0.720660 0.676668 0.150895
vn  0.887064 0.315367 0.337136
vn  0.421297 0.407760 -0.810087
vn  0.443416 -0.732443 -0.516632
vn  0.230053 0.720970 -0.653665
vn  0.692923 0.282536 -0.663348
vn  0.637070 0.700131 -0.322426
vn  0.247462 0.157218 -0.956057
vn  0.858191 0.456039 0.235661
vn  0.887064 0.315367 0.337136
vn  0.720660 0.676668 0.150895
vn  0.935143 0.220474 -0.277306
vn  -0.942190 -0.227766 0.245767
vn  -0.680052 -0.313606 -0.662707
vn  0.993573 0.098206 -0.056283
vn  0.986558 -0.140455 -0.083524
vn  0.126021 0.607683 0.784118
vn  0.355227 0.546357 0.758490
vn  0.216215 0.456848 0.862868
vn  0.283669 0.788956 0.545051
vn  -0.188385 0.886510 0.422624
vn  0.126021 0.607683 0.784118
vn  -0.078671 0.844728 0.529382
vn  0.283669 0.788956 0.545051
vn  0.957385 0.260383 0.124957
vn  0.720660 0.676668 0.150895
vn  0.858191 0.456039 0.235661
vn  0.957385 0.260383 0.124957
vn  0.995656 -0.071315 0.059860
vn  0.720660 0.676668 0.150895
vn  0.615465 0.782369 0.095404
vn  0.935143 0.220474 -0.277306
vn  0.858191 0.456039 0.235661
vn  0.923114 0.308095 0.230082
vn  0.615465 0.782369 0.095404
vn  0.858191 0.456039 0.235661
vn  0.844662 -0.201525 -0.495918
vn  0.637070 0.700131 -0.322426
vn  0.844662 -0.201525 -0.495918
vn  0.193897 -0.611401 -0.767198
vn  0.443416 -0.732443 -0.516632
vn  0.620786 -0.529736 -0.577932
vn  0.355227 0.546357 0.758490
vn  -0.188385 0.886510 0.422624
vn  0.301885 -0.251152 0.919667
vn  0.283669 0.788956 0.545051
vn  0.848321 0.500728 -0.172113
vn  0.702347 0.537752 0.466404
vn  -0.039143 0.680315 0.731873
vn  0.714821 0.564266 0.413079
vn  -0.123944 -0.183842 0.975110
vn  0.383839 -0.451295 0.805606
vn  0.383839 -0.451295 0.805606
vn  0.714821 0.564266 0.413079
vn  0.274641 0.865861 0.418159
vn  -0.752746 0.460347 -0.470589
vn  0.000000 0.747077 -0.664737
vn  -0.002247 -0.615084 -0.788459
vn  0.730941 -0.601836 0.321742
vn  0.861747 0.443370 -0.246606
vn  0.239482 0.598658 0.764367
vn  -0.270075 0.911344 0.310662
vn  0.443849 -0.832268 -0.332157
vn  0.730941 -0.601836 0.321742
vn  0.443849 -0.832268 -0.332157
vn  0.377873 -0.056233 -0.924148
vn  0.620786 -0.529736 -0.577932
vn  0.908369 0.406966 -0.096145
vn  -0.165627 0.882901 -0.439379
vn  -0.270075 0.911344 0.310662
vn  0.289520 -0.542438 0.788631
vn  0.301885 -0.251152 0.919667
vn  0.289520 -0.542438 0.788631
vn  0.132556 0.211346 0.968381
vn  0.329849 -0.327378 -0.885451
vn  -0.165627 0.882901 -0.439379
vn  -0.190390 0.965235 0.179092
vn  -0.222878 0.820411 0.526547
vn  -0.203243 0.305331 0.930304
vn  0.907481 0.349361 0.233291
vn  0.900739 -0.282104 0.330283
vn  -0.150681 -0.064741 0.986460
vn  -0.013038 -0.660040 0.751117
vn  0.945819 0.323577 0.026917
vn  0.784225 -0.606495 0.130981
vn  0.072410 -0.885034 0.459860
vn  0.013038 0.660040 -0.751117
vn  -0.072438 0.885091 -0.459747
vn  -0.190390 0.965235 0.179092
vn  0.203257 -0.305452 -0.930261
vn  0.150659 0.064869 -0.986455
vn  -0.072438 0.885091 -0.459747
vn  0.190374 -0.965261 -0.178966
vn  0.222878 -0.820411 -0.526547
vn  -0.013038 -0.660040 0.751117
vn  -0.148384 0.544901 -0.825267
vn  -0.462655 -0.825198 -0.324035
vn  -0.913018 0.318640 0.254690
vn  -0.467038 -0.379616 0.798603
vn  -0.913018 0.318640 0.254690
vn  -0.467038 -0.379616 0.798603
vn  -0.060346 0.786484 0.614656
vn  0.084176 -0.813217 0.575841
vn  0.243568 -0.543570 -0.803247
vn  0.084176 -0.813217 0.575841
vn  -0.467038 -0.379616 0.798603
vn  0.194509 0.613239 -0.765574
vn  -0.060346 0.786484 0.614656
vn  -0.913018 0.318640 0.254690
vn  0.912343 -0.281342 -0.297452
vn  0.430307 0.592928 0.680641
vn  0.327868 -0.024390 0.944409
vn  0.518303 0.230964 -0.823419
vn  -0.441008 -0.097637 -0.892177
vn  0.912343 -0.281342 -0.297452
vn  -0.848013 0.354606 0.393864
vn  -0.441008 -0.097637 -0.892177
vn  -0.817376 0.013657 0.575943
vn  -0.532544 0.403647 -0.743953
vn  -0.640247 -0.615849 -0.459145
vn  -0.319719 -0.634587 0.703618
vn  -0.817376 0.013657 0.575943
vn  0.327868 -0.024390 0.944409
vn  0.413645 -0.814183 -0.407434
vn  -0.640247 -0.615849 -0.459145
vn  0.413645 -0.814183 -0.407434
vn  0.474307 -0.714350 0.514526
vn  -0.319719 -0.634587 0.703618
vn  0.474307 -0.714350 0.514526
vn  -0.387683 0.905884 0.170517
vn  0.047482 0.887460 -0.458432
vn  0.430307 0.592928 0.680641
vn  0.813132 0.152299 -0.561802
vn  0.237223 0.894273 0.379474
vn  -0.354687 -0.676894 -0.644990
vn  0.813132 0.152299 -0.561802
vn  0.769722 -0.568883 -0.289654
vn  -0.755355 0.380337 -0.533650
vn  0.473420 -0.819732 0.322357
vn  -0.680779 -0.629086 0.375221
vn  0.684356 -0.181047 0.706314
vn  -0.635017 0.116305 0.763692
vn  0.237223 0.894273 0.379474
vn  0.237223 0.894273 0.379474
vn  0.813132 0.152299 -0.561802
vn  -0.755355 0.380337 -0.533650
vn  -0.635017 0.116305 0.763692
vn  0.494035 0.707309 0.505613

g rdmobj02
usemtl ffdtex2
f  1244/1244/1244 1245/1245/1245 1246/1246/1246
f  1247/1247/1247 1248/1248/1248 1249/1249/1249
f  1249/1249/1249 1248/1248/1248 1250/1250/1250
f  1246/1246/1246 1251/1251/1251 1252/1252/1252
f  1252/1252/1252 1251/1251/1251 1253/1253/1253
f  1254/1254/1254 1255/1255/1255 1256/1256/1256
f  1256/1256/1256 1255/1255/1255 1244/1244/1244
f  1244/1244/1244 1246/1246/1246 1256/1256/1256
f  1257/1257/1257 1258/1258/1258 1259/1259/1259
f  1260/1260/1260 1258/1258/1258 1257/1257/1257
f  1260/1260/1260 1261/1261/1261 1258/1258/1258
f  1262/1262/1262 1261/1261/1261 1260/1260/1260
f  1262/1262/1262 1263/1263/1263 1261/1261/1261
f  1264/1264/1264 1263/1263/1263 1262/1262/1262
f  1264/1264/1264 1265/1265/1265 1266/1266/1266
f  1267/1267/1267 1265/1265/1265 1264/1264/1264
f  1268/1268/1268 1259/1259/1259 1269/1269/1269
f  1270/1270/1270 1259/1259/1259 1268/1268/1268
f  1256/1256/1256 1246/1246/1246 1252/1252/1252
f  1271/1271/1271 1272/1272/1272 1273/1273/1273
f  1273/1273/1273 1272/1272/1272 1274/1274/1274
f  1275/1275/1275 1276/1276/1276 1277/1277/1277
f  1278/1278/1278 1269/1269/1269 1265/1265/1265
f  1268/1268/1268 1269/1269/1269 1278/1278/1278
f  1279/1279/1279 1280/1280/1280 1281/1281/1281
f  1282/1282/1282 1280/1280/1280 1279/1279/1279
f  1283/1283/1283 1279/1279/1279 1284/1284/1284
f  1279/1279/1279 1281/1281/1281 1284/1284/1284
f  1281/1281/1281 1285/1285/1285 1284/1284/1284
f  1282/1282/1282 1286/1286/1286 1280/1280/1280
f  1283/1283/1283 1284/1284/1284 1286/1286/1286
f  1277/1277/1277 1276/1276/1276 1287/1287/1287
f  1288/1288/1288 1283/1283/1283 1286/1286/1286
f  1288/1288/1288 1286/1286/1286 1282/1282/1282
f  1277/1277/1277 1289/1289/1289 1290/1290/1290
f  1280/1280/1280 1286/1286/1286 1291/1291/1291
f  1284/1284/1284 1285/1285/1285 1292/1292/1292
f  1284/1284/1284 1292/1292/1292 1286/1286/1286
f  1285/1285/1285 1293/1293/1293 1292/1292/1292
f  1294/1294/1294 1291/1291/1291 1295/1295/1295
f  1286/1286/1286 1292/1292/1292 1295/1295/1295
f  1286/1286/1286 1295/1295/1295 1291/1291/1291
f  1296/1296/1296 1297/1297/1297 1298/1298/1298
f  1296/1296/1296 1298/1298/1298 1299/1299/1299
f  1299/1299/1299 1300/1300/1300 1296/1296/1296
f  1301/1301/1301 1296/1296/1296 1300/1300/1300
f  1299/1299/1299 1298/1298/1298 1302/1302/1302
f  1298/1298/1298 1303/1303/1303 1302/1302/1302
f  1304/1304/1304 1305/1305/1305 1306/1306/1306
f  1307/1307/1307 1298/1298/1298 1297/1297/1297
f  1298/1298/1298 1307/1307/1307 1303/1303/1303
f  1308/1308/1308 1309/1309/1309 1297/1297/1297
f  1310/1310/1310 1311/1311/1311 1312/1312/1312
f  1306/1306/1306 1313/1313/1313 1304/1304/1304
f  1312/1312/1312 1311/1311/1311 1314/1314/1314
f  1304/1304/1304 1313/1313/1313 1315/1315/1315
f  1304/1304/1304 1316/1316/1316 1317/1317/1317
f  1318/1318/1318 1319/1319/1319 1313/1313/1313
f  1316/1316/1316 1320/1320/1320 1319/1319/1319
f  1321/1321/1321 1316/1316/1316 1319/1319/1319
f  1322/1322/1322 1321/1321/1321 1319/1319/1319
f  1323/1323/1323 1324/1324/1324 1325/1325/1325
f  1325/1325/1325 1324/1324/1324 1326/1326/1326
f  1314/1314/1314 1327/1327/1327 1328/1328/1328
f  1328/1328/1328 1327/1327/1327 1329/1329/1329
f  1330/1330/1330 1331/1331/1331 1332/1332/1332
f  1332/1332/1332 1331/1331/1331 1312/1312/1312
f  1312/1312/1312 1314/1314/1314 1332/1332/1332
f  1332/1332/1332 1314/1314/1314 1328/1328/1328
f  1333/1333/1333 1334/1334/1334 1335/1335/1335
f  1335/1335/1335 1334/1334/1334 1336/1336/1336
f  1337/1337/1337 1338/1338/1338 1339/1339/1339
f  1339/1339/1339 1338/1338/1338 1340/1340/1340
f  1339/1339/1339 1340/1340/1340 1341/1341/1341
f  1341/1341/1341 1340/1340/1340 1342/1342/1342
f  1341/1341/1341 1342/1342/1342 1343/1343/1343
f  1343/1343/1343 1342/1342/1342 1344/1344/1344
f  1343/1343/1343 1344/1344/1344 1345/1345/1345
f  1345/1345/1345 1344/1344/1344 1346/1346/1346
f  1345/1345/1345 1346/1346/1346 1337/1337/1337
f  1337/1337/1337 1346/1346/1346 1338/1338/1338
f  1347/1347/1347 1348/1348/1348 1349/1349/1349
f  1349/1349/1349 1348/1348/1348 1350/1350/1350
f  1351/1351/1351 1352/1352/1352 1353/1353/1353
f  1353/1353/1353 1352/1352/1352 1354/1354/1354
f  1355/1355/1355 1354/1354/1354 1356/1356/1356
f  1356/1356/1356 1354/1354/1354 1352/1352/1352
f  1357/1357/1357 1358/1358/1358 1359/1359/1359
f  1359/1359/1359 1358/1358/1358 1360/1360/1360
f  1361/1361/1361 1360/1360/1360 1362/1362/1362
f  1362/1362/1362 1360/1360/1360 1363/1363/1363
f  1364/1364/1364 1365/1365/1365 1366/1366/1366
f  1366/1366/1366 1365/1365/1365 1367/1367/1367
f  1368/1368/1368 1367/1367/1367 1369/1369/1369
f  1369/1369/1369 1367/1367/1367 1365/1365/1365
f  1370/1370/1370 1371/1371/1371 1372/1372/1372
f  1372/1372/1372 1371/1371/1371 1373/1373/1373
f  1369/1369/1369 1374/1374/1374 1375/1375/1375
f  1375/1375/1375 1374/1374/1374 1376/1376/1376
f  1356/1356/1356 1376/1376/1376 1355/1355/1355
f  1290/1290/1290 1289/1289/1289 1377/1377/1377
f  1290/1290/1290 1377/1377/1377 1378/1378/1378
f  1378/1378/1378 1377/1377/1377 1379/1379/1379
f  1378/1378/1378 1379/1379/1379 1380/1380/1380
f  1380/1380/1380 1379/1379/1379 1381/1381/1381
f  1380/1380/1380 1381/1381/1381 1275/1275/1275
f  1275/1275/1275 1381/1381/1381 1382/1382/1382
f  1383/1383/1383 1384/1384/1384 1385/1385/1385
f  1385/1385/1385 1384/1384/1384 1386/1386/1386
f  1387/1387/1387 1388/1388/1388 1389/1389/1389
f  1389/1389/1389 1388/1388/1388 1390/1390/1390
f  1391/1391/1391 1390/1390/1390 1392/1392/1392
f  1355/1355/1355 1376/1376/1376 1374/1374/1374
f  1393/1393/1393 1373/1373/1373 1394/1394/1394
f  1394/1394/1394 1373/1373/1373 1371/1371/1371
f  1364/1364/1364 1366/1366/1366 1353/1353/1353
f  1353/1353/1353 1366/1366/1366 1351/1351/1351
f  1297/1297/1297 1309/1309/1309 1307/1307/1307
f  1299/1299/1299 1302/1302/1302 1309/1309/1309
f  1300/1300/1300 1299/1299/1299 1309/1309/1309
f  1392/1392/1392 1390/1390/1390 1388/1388/1388
f  1395/1395/1395 1396/1396/1396 1397/1397/1397
f  1397/1397/1397 1396/1396/1396 1398/1398/1398
f  1399/1399/1399 1400/1400/1400 1401/1401/1401
f  1401/1401/1401 1400/1400/1400 1402/1402/1402
f  1403/1403/1403 1402/1402/1402 1404/1404/1404
f  1405/1405/1405 1300/1300/1300 1309/1309/1309
f  1405/1405/1405 1309/1309/1309 1308/1308/1308
f  1406/1406/1406 1407/1407/1407 1408/1408/1408
f  1408/1408/1408 1407/1407/1407 1409/1409/1409
f  1404/1404/1404 1402/1402/1402 1400/1400/1400
f  1410/1410/1410 1411/1411/1411 1412/1412/1412
f  1413/1413/1413 1414/1414/1414 1415/1415/1415
f  1415/1415/1415 1414/1414/1414 1416/1416/1416
f  1412/1412/1412 1411/1411/1411 1417/1417/1417
f  1396/1396/1396 1418/1418/1418 1398/1398/1398
f  1419/1419/1419 1420/1420/1420 1421/1421/1421
f  1421/1421/1421 1420/1420/1420 1422/1422/1422
f  1416/1416/1416 1423/1423/1423 1415/1415/1415
f  1415/1415/1415 1423/1423/1423 1424/1424/1424
f  1398/1398/1398 1418/1418/1418 1425/1425/1425
f  1404/1404/1404 1426/1426/1426 1403/1403/1403
f  1419/1419/1419 1421/1421/1421 1427/1427/1427
f  1427/1427/1427 1421/1421/1421 1428/1428/1428
f  1403/1403/1403 1426/1426/1426 1429/1429/1429
f  1392/1392/1392 1429/1429/1429 1391/1391/1391
f  1391/1391/1391 1429/1429/1429 1426/1426/1426
f  1417/1417/1417 1411/1411/1411 1430/1430/1430
f  1430/1430/1430 1411/1411/1411 1431/1431/1431
f  1399/1399/1399 1401/1401/1401 1389/1389/1389
f  1389/1389/1389 1401/1401/1401 1432/1432/1432
f  1408/1408/1408 1433/1433/1433 1406/1406/1406
f  1406/1406/1406 1433/1433/1433 1434/1434/1434
f  1435/1435/1435 1436/1436/1436 1437/1437/1437
f  1437/1437/1437 1436/1436/1436 1438/1438/1438
f  1439/1439/1439 1440/1440/1440 1428/1428/1428
f  1428/1428/1428 1440/1440/1440 1427/1427/1427
f  1440/1440/1440 1439/1439/1439 1441/1441/1441
f  1441/1441/1441 1439/1439/1439 1442/1442/1442
f  1443/1443/1443 1444/1444/1444 1445/1445/1445
f  1445/1445/1445 1444/1444/1444 1446/1446/1446
f  1447/1447/1447 1448/1448/1448 1444/1444/1444
f  1444/1444/1444 1448/1448/1448 1436/1436/1436
f  1438/1438/1438 1436/1436/1436 1449/1449/1449
f  1449/1449/1449 1436/1436/1436 1448/1448/1448
f  1450/1450/1450 1451/1451/1451 1452/1452/1452
f  1452/1452/1452 1451/1451/1451 1453/1453/1453
f  1454/1454/1454 1455/1455/1455 1452/1452/1452
f  1452/1452/1452 1455/1455/1455 1450/1450/1450
f  1455/1455/1455 1454/1454/1454 1456/1456/1456
f  1456/1456/1456 1454/1454/1454 1457/1457/1457
f  1458/1458/1458 1459/1459/1459 1460/1460/1460
f  1460/1460/1460 1459/1459/1459 1461/1461/1461
f  1462/1462/1462 1434/1434/1434 1463/1463/1463
f  1463/1463/1463 1434/1434/1434 1464/1464/1464
f  1465/1465/1465 1466/1466/1466 1467/1467/1467
f  1467/1467/1467 1466/1466/1466 1468/1468/1468
f  1469/1469/1469 1470/1470/1470 1471/1471/1471
f  1471/1471/1471 1470/1470/1470 1472/1472/1472
f  1465/1465/1465 1473/1473/1473 1466/1466/1466
f  1466/1466/1466 1473/1473/1473 1474/1474/1474
f  1447/1447/1447 1444/1444/1444 1475/1475/1475
f  1475/1475/1475 1444/1444/1444 1443/1443/1443
f  1476/1476/1476 1460/1460/1460 1477/1477/1477
f  1477/1477/1477 1460/1460/1460 1478/1478/1478
f  1472/1472/1472 1470/1470/1470 1479/1479/1479
f  1479/1479/1479 1470/1470/1470 1480/1480/1480
f  1480/1480/1480 1441/1441/1441 1479/1479/1479
f  1481/1481/1481 1482/1482/1482 1483/1483/1483
f  1484/1484/1484 1482/1482/1482 1481/1481/1481
f  1479/1479/1479 1441/1441/1441 1442/1442/1442
f  1485/1485/1485 1486/1486/1486 1487/1487/1487
f  1487/1487/1487 1486/1486/1486 1423/1423/1423
f  1488/1488/1488 1489/1489/1489 1490/1490/1490
f  1490/1490/1490 1489/1489/1489 1491/1491/1491
f  1492/1492/1492 1493/1493/1493 1494/1494/1494
f  1495/1495/1495 1483/1483/1483 1482/1482/1482
f  1496/1496/1496 1483/1483/1483 1495/1495/1495
f  1497/1497/1497 1498/1498/1498 1499/1499/1499
f  1500/1500/1500 1498/1498/1498 1497/1497/1497
f  1501/1501/1501 1499/1499/1499 1502/1502/1502
f  1497/1497/1497 1499/1499/1499 1501/1501/1501
f  1503/1503/1503 1502/1502/1502 1504/1504/1504
f  1501/1501/1501 1502/1502/1502 1503/1503/1503
f  1494/1494/1494 1493/1493/1493 1505/1505/1505
f  1506/1506/1506 1507/1507/1507 1508/1508/1508
f  1508/1508/1508 1507/1507/1507 1509/1509/1509
f  1510/1510/1510 1511/1511/1511 1457/1457/1457
f  1512/1512/1512 1513/1513/1513 1514/1514/1514
f  1513/1513/1513 1515/1515/1515 1514/1514/1514
f  1516/1516/1516 1517/1517/1517 1518/1518/1518
f  1519/1519/1519 1520/1520/1520 1521/1521/1521
f  1514/1514/1514 1515/1515/1515 1522/1522/1522
f  1523/1523/1523 1524/1524/1524 1525/1525/1525
f  1526/1526/1526 1527/1527/1527 1528/1528/1528
f  1529/1529/1529 1528/1528/1528 1527/1527/1527
f  1530/1530/1530 1531/1531/1531 1522/1522/1522
f  1522/1522/1522 1532/1532/1532 1530/1530/1530
f  1457/1457/1457 1511/1511/1511 1456/1456/1456
f  1533/1533/1533 1522/1522/1522 1515/1515/1515
f  1534/1534/1534 1518/1518/1518 1535/1535/1535
f  1532/1532/1532 1522/1522/1522 1533/1533/1533
f  1536/1536/1536 1478/1478/1478 1461/1461/1461
f  1537/1537/1537 1538/1538/1538 1539/1539/1539
f  1527/1527/1527 1540/1540/1540 1529/1529/1529
f  1541/1541/1541 1542/1542/1542 1524/1524/1524
f  1543/1543/1543 1529/1529/1529 1540/1540/1540
f  1544/1544/1544 1543/1543/1543 1540/1540/1540
f  1540/1540/1540 1545/1545/1545 1544/1544/1544
f  1545/1545/1545 1540/1540/1540 1546/1546/1546
f  1547/1547/1547 1548/1548/1548 1549/1549/1549
f  1550/1550/1550 1551/1551/1551 1552/1552/1552
f  1553/1553/1553 1554/1554/1554 1555/1555/1555
f  1556/1556/1556 1554/1554/1554 1557/1557/1557
f  1558/1558/1558 1559/1559/1559 1560/1560/1560
f  1561/1561/1561 1558/1558/1558 1560/1560/1560
f  1461/1461/1461 1478/1478/1478 1460/1460/1460
f  1562/1562/1562 1563/1563/1563 1564/1564/1564
f  1564/1564/1564 1563/1563/1563 1565/1565/1565
f  1566/1566/1566 1567/1567/1567 1568/1568/1568
f  1569/1569/1569 1570/1570/1570 1571/1571/1571
f  1572/1572/1572 1569/1569/1569 1571/1571/1571
f  1573/1573/1573 1572/1572/1572 1574/1574/1574
f  1575/1575/1575 1573/1573/1573 1576/1576/1576
f  1568/1568/1568 1567/1567/1567 1577/1577/1577
f  1578/1578/1578 1579/1579/1579 1564/1564/1564
f  1576/1576/1576 1569/1569/1569 1580/1580/1580
f  1574/1574/1574 1580/1580/1580 1569/1569/1569
f  1564/1564/1564 1579/1579/1579 1562/1562/1562
f  1581/1581/1581 1577/1577/1577 1582/1582/1582
f  1583/1583/1583 1584/1584/1584 1585/1585/1585
f  1586/1586/1586 1587/1587/1587 1588/1588/1588
f  1589/1589/1589 1590/1590/1590 1591/1591/1591
f  1592/1592/1592 1593/1593/1593 1594/1594/1594
f  1582/1582/1582 1577/1577/1577 1567/1567/1567
f  1511/1511/1511 1510/1510/1510 1582/1582/1582
f  1582/1582/1582 1510/1510/1510 1581/1581/1581
f  1595/1595/1595 1505/1505/1505 1468/1468/1468
f  1468/1468/1468 1505/1505/1505 1493/1493/1493
f  1491/1491/1491 1489/1489/1489 1596/1596/1596
f  1596/1596/1596 1489/1489/1489 1597/1597/1597
f  1596/1596/1596 1597/1597/1597 1598/1598/1598
f  1598/1598/1598 1597/1597/1597 1599/1599/1599
f  1600/1600/1600 1601/1601/1601 1602/1602/1602
f  1603/1603/1603 1512/1512/1512 1514/1514/1514
f  1604/1604/1604 1512/1512/1512 1603/1603/1603
f  1605/1605/1605 1606/1606/1606 1595/1595/1595
f  1595/1595/1595 1606/1606/1606 1505/1505/1505
f  1607/1607/1607 1608/1608/1608 1609/1609/1609
f  1609/1609/1609 1608/1608/1608 1610/1610/1610
f  1611/1611/1611 1612/1612/1612 1613/1613/1613
f  1613/1613/1613 1612/1612/1612 1614/1614/1614
f  1615/1615/1615 1616/1616/1616 1617/1617/1617
f  1617/1617/1617 1616/1616/1616 1618/1618/1618
f  1617/1617/1617 1619/1619/1619 1615/1615/1615
f  1615/1615/1615 1619/1619/1619 1620/1620/1620
f  1619/1619/1619 1621/1621/1621 1620/1620/1620
f  1620/1620/1620 1621/1621/1621 1622/1622/1622
f  1617/1617/1617 1618/1618/1618 1623/1623/1623
f  1623/1623/1623 1618/1618/1618 1624/1624/1624
f  1579/1579/1579 1607/1607/1607 1625/1625/1625
f  1625/1625/1625 1607/1607/1607 1609/1609/1609
f  1626/1626/1626 1525/1525/1525 1517/1517/1517
f  1627/1627/1627 1525/1525/1525 1626/1626/1626
f  1602/1602/1602 1601/1601/1601 1628/1628/1628
f  1629/1629/1629 1630/1630/1630 1631/1631/1631
f  1521/1521/1521 1514/1514/1514 1519/1519/1519
f  1603/1603/1603 1514/1514/1514 1521/1521/1521
f  1632/1632/1632 1633/1633/1633 1634/1634/1634
f  1635/1635/1635 1633/1633/1633 1632/1632/1632
f  1631/1631/1631 1630/1630/1630 1636/1636/1636
f  1637/1637/1637 1638/1638/1638 1639/1639/1639
f  1639/1639/1639 1638/1638/1638 1640/1640/1640
f  1636/1636/1636 1641/1641/1641 1631/1631/1631
f  1631/1631/1631 1641/1641/1641 1642/1642/1642
f  1637/1637/1637 1639/1639/1639 1643/1643/1643
f  1643/1643/1643 1639/1639/1639 1644/1644/1644
f  1602/1602/1602 1645/1645/1645 1600/1600/1600
f  1600/1600/1600 1645/1645/1645 1646/1646/1646
f  1647/1647/1647 1648/1648/1648 1649/1649/1649
f  1649/1649/1649 1648/1648/1648 1650/1650/1650
f  1651/1651/1651 1652/1652/1652 1644/1644/1644
f  1644/1644/1644 1652/1652/1652 1643/1643/1643
f  1652/1652/1652 1651/1651/1651 1653/1653/1653
f  1653/1653/1653 1651/1651/1651 1654/1654/1654
f  1655/1655/1655 1656/1656/1656 1657/1657/1657
f  1657/1657/1657 1656/1656/1656 1658/1658/1658
f  1659/1659/1659 1660/1660/1660 1656/1656/1656
f  1656/1656/1656 1660/1660/1660 1648/1648/1648
f  1650/1650/1650 1648/1648/1648 1661/1661/1661
f  1662/1662/1662 1663/1663/1663 1664/1664/1664
f  1665/1665/1665 1663/1663/1663 1662/1662/1662
f  1632/1632/1632 1665/1665/1665 1662/1662/1662
f  1666/1666/1666 1665/1665/1665 1632/1632/1632
f  1666/1666/1666 1634/1634/1634 1667/1667/1667
f  1632/1632/1632 1634/1634/1634 1666/1666/1666
f  1668/1668/1668 1669/1669/1669 1670/1670/1670
f  1671/1671/1671 1669/1669/1669 1668/1668/1668
f  1519/1519/1519 1522/1522/1522 1531/1531/1531
f  1514/1514/1514 1522/1522/1522 1519/1519/1519
f  1661/1661/1661 1648/1648/1648 1660/1660/1660
f  1672/1672/1672 1673/1673/1673 1674/1674/1674
f  1675/1675/1675 1527/1527/1527 1526/1526/1526
f  1676/1676/1676 1527/1527/1527 1675/1675/1675
f  1518/1518/1518 1525/1525/1525 1524/1524/1524
f  1517/1517/1517 1525/1525/1525 1518/1518/1518
f  1535/1535/1535 1524/1524/1524 1542/1542/1542
f  1518/1518/1518 1524/1524/1524 1535/1535/1535
f  1676/1676/1676 1537/1537/1537 1527/1527/1527
f  1538/1538/1538 1537/1537/1537 1676/1676/1676
f  1674/1674/1674 1673/1673/1673 1677/1677/1677
f  1678/1678/1678 1679/1679/1679 1674/1674/1674
f  1680/1680/1680 1681/1681/1681 1682/1682/1682
f  1683/1683/1683 1681/1681/1681 1680/1680/1680
f  1681/1681/1681 1684/1684/1684 1685/1685/1685
f  1683/1683/1683 1684/1684/1684 1681/1681/1681
f  1520/1520/1520 1686/1686/1686 1521/1521/1521
f  1687/1687/1687 1686/1686/1686 1520/1520/1520
f  1674/1674/1674 1679/1679/1679 1672/1672/1672
f  1679/1679/1679 1678/1678/1678 1688/1688/1688
f  1688/1688/1688 1678/1678/1678 1689/1689/1689
f  1690/1690/1690 1691/1691/1691 1692/1692/1692
f  1692/1692/1692 1691/1691/1691 1693/1693/1693
f  1694/1694/1694 1646/1646/1646 1695/1695/1695
f  1695/1695/1695 1646/1646/1646 1696/1696/1696
f  1697/1697/1697 1698/1698/1698 1699/1699/1699
f  1699/1699/1699 1698/1698/1698 1700/1700/1700
f  1701/1701/1701 1702/1702/1702 1703/1703/1703
f  1703/1703/1703 1702/1702/1702 1704/1704/1704
f  1697/1697/1697 1705/1705/1705 1698/1698/1698
f  1698/1698/1698 1705/1705/1705 1706/1706/1706
f  1659/1659/1659 1656/1656/1656 1707/1707/1707
f  1707/1707/1707 1656/1656/1656 1655/1655/1655
f  1708/1708/1708 1692/1692/1692 1709/1709/1709
f  1709/1709/1709 1692/1692/1692 1710/1710/1710
f  1704/1704/1704 1702/1702/1702 1711/1711/1711
f  1711/1711/1711 1702/1702/1702 1712/1712/1712
f  1713/1713/1713 1653/1653/1653 1714/1714/1714
f  1715/1715/1715 1685/1685/1685 1684/1684/1684
f  1716/1716/1716 1685/1685/1685 1715/1715/1715
f  1686/1686/1686 1717/1717/1717 1718/1718/1718
f  1687/1687/1687 1717/1717/1717 1686/1686/1686
f  1719/1719/1719 1720/1720/1720 1721/1721/1721
f  1722/1722/1722 1720/1720/1720 1719/1719/1719
f  1682/1682/1682 1723/1723/1723 1680/1680/1680
f  1724/1724/1724 1723/1723/1723 1682/1682/1682
f  1725/1725/1725 1726/1726/1726 1727/1727/1727
f  1728/1728/1728 1726/1726/1726 1725/1725/1725
f  1546/1546/1546 1527/1527/1527 1537/1537/1537
f  1540/1540/1540 1527/1527/1527 1546/1546/1546
f  1729/1729/1729 1535/1535/1535 1542/1542/1542
f  1730/1730/1730 1535/1535/1535 1729/1729/1729
f  1714/1714/1714 1653/1653/1653 1654/1654/1654
f  1731/1731/1731 1732/1732/1732 1733/1733/1733
f  1544/1544/1544 1552/1552/1552 1551/1551/1551
f  1545/1545/1545 1552/1552/1552 1544/1544/1544
f  1734/1734/1734 1735/1735/1735 1736/1736/1736
f  1737/1737/1737 1735/1735/1735 1734/1734/1734
f  1738/1738/1738 1734/1734/1734 1739/1739/1739
f  1737/1737/1737 1734/1734/1734 1738/1738/1738
f  1740/1740/1740 1721/1721/1721 1720/1720/1720
f  1741/1741/1741 1721/1721/1721 1740/1740/1740
f  1742/1742/1742 1743/1743/1743 1744/1744/1744
f  1745/1745/1745 1743/1743/1743 1742/1742/1742
f  1746/1746/1746 1747/1747/1747 1748/1748/1748
f  1749/1749/1749 1747/1747/1747 1746/1746/1746
f  1750/1750/1750 1738/1738/1738 1739/1739/1739
f  1751/1751/1751 1738/1738/1738 1750/1750/1750
f  1746/1746/1746 1538/1538/1538 1749/1749/1749
f  1539/1539/1539 1538/1538/1538 1746/1746/1746
f  1530/1530/1530 1549/1549/1549 1548/1548/1548
f  1532/1532/1532 1549/1549/1549 1530/1530/1530
f  1752/1752/1752 1722/1722/1722 1753/1753/1753
f  1720/1720/1720 1722/1722/1722 1752/1752/1752
f  1754/1754/1754 1724/1724/1724 1755/1755/1755
f  1723/1723/1723 1724/1724/1724 1754/1754/1754
f  1755/1755/1755 1756/1756/1756 1754/1754/1754
f  1757/1757/1757 1756/1756/1756 1755/1755/1755
f  1756/1756/1756 1758/1758/1758 1560/1560/1560
f  1757/1757/1757 1758/1758/1758 1756/1756/1756
f  1759/1759/1759 1760/1760/1760 1761/1761/1761
f  1762/1762/1762 1760/1760/1760 1759/1759/1759
f  1742/1742/1742 1761/1761/1761 1760/1760/1760
f  1744/1744/1744 1761/1761/1761 1742/1742/1742
f  1743/1743/1743 1763/1763/1763 1744/1744/1744
f  1764/1764/1764 1763/1763/1763 1743/1743/1743
f  1765/1765/1765 1735/1735/1735 1766/1766/1766
f  1736/1736/1736 1735/1735/1735 1765/1765/1765
f  1766/1766/1766 1767/1767/1767 1765/1765/1765
f  1768/1768/1768 1767/1767/1767 1766/1766/1766
f  1769/1769/1769 1759/1759/1759 1761/1761/1761
f  1770/1770/1770 1759/1759/1759 1769/1769/1769
f  1733/1733/1733 1732/1732/1732 1641/1641/1641
f  1771/1771/1771 1772/1772/1772 1773/1773/1773
f  1773/1773/1773 1772/1772/1772 1774/1774/1774
f  1775/1775/1775 1776/1776/1776 1777/1777/1777
f  1777/1777/1777 1776/1776/1776 1778/1778/1778
f  1779/1779/1779 1780/1780/1780 1781/1781/1781
f  1781/1781/1781 1780/1780/1780 1782/1782/1782
f  1783/1783/1783 1784/1784/1784 1689/1689/1689
f  1689/1689/1689 1784/1784/1784 1688/1688/1688
f  1785/1785/1785 1710/1710/1710 1693/1693/1693
f  1693/1693/1693 1710/1710/1710 1692/1692/1692
f  1786/1786/1786 1787/1787/1787 1788/1788/1788
f  1788/1788/1788 1787/1787/1787 1789/1789/1789
f  1790/1790/1790 1791/1791/1791 1792/1792/1792
f  1793/1793/1793 1548/1548/1548 1547/1547/1547
f  1794/1794/1794 1548/1548/1548 1793/1793/1793
f  1792/1792/1792 1791/1791/1791 1795/1795/1795
f  1796/1796/1796 1797/1797/1797 1788/1788/1788
f  1798/1798/1798 1768/1768/1768 1799/1799/1799
f  1767/1767/1767 1768/1768/1768 1798/1798/1798
f  1800/1800/1800 1550/1550/1550 1552/1552/1552
f  1801/1801/1801 1550/1550/1550 1800/1800/1800
f  1788/1788/1788 1797/1797/1797 1786/1786/1786
f  1802/1802/1802 1795/1795/1795 1803/1803/1803
f  1798/1798/1798 1554/1554/1554 1553/1553/1553
f  1799/1799/1799 1554/1554/1554 1798/1798/1798
f  1803/1803/1803 1795/1795/1795 1791/1791/1791
f  1784/1784/1784 1783/1783/1783 1804/1804/1804
f  1805/1805/1805 1800/1800/1800 1806/1806/1806
f  1801/1801/1801 1800/1800/1800 1805/1805/1805
f  1804/1804/1804 1783/1783/1783 1807/1807/1807
f  1808/1808/1808 1778/1778/1778 1700/1700/1700
f  1794/1794/1794 1809/1809/1809 1810/1810/1810
f  1793/1793/1793 1809/1809/1809 1794/1794/1794
f  1700/1700/1700 1778/1778/1778 1776/1776/1776
f  1774/1774/1774 1772/1772/1772 1811/1811/1811
f  1811/1811/1811 1772/1772/1772 1812/1812/1812
f  1811/1811/1811 1812/1812/1812 1813/1813/1813
f  1813/1813/1813 1812/1812/1812 1814/1814/1814
f  1815/1815/1815 1816/1816/1816 1808/1808/1808
f  1808/1808/1808 1816/1816/1816 1778/1778/1778
f  1817/1817/1817 1818/1818/1818 1819/1819/1819
f  1819/1819/1819 1818/1818/1818 1820/1820/1820
f  1821/1821/1821 1822/1822/1822 1823/1823/1823
f  1823/1823/1823 1822/1822/1822 1824/1824/1824
f  1825/1825/1825 1826/1826/1826 1827/1827/1827
f  1828/1828/1828 1598/1598/1598 1829/1829/1829
f  1829/1829/1829 1598/1598/1598 1599/1599/1599
f  1625/1625/1625 1609/1609/1609 1830/1830/1830
f  1830/1830/1830 1609/1609/1609 1831/1831/1831
f  1343/1343/1343 1334/1334/1334 1333/1333/1333
f  1832/1832/1832 1348/1348/1348 1347/1347/1347
f  1833/1833/1833 1393/1393/1393 1394/1394/1394
f  1363/1363/1363 1360/1360/1360 1358/1358/1358
f  1834/1834/1834 1835/1835/1835 1836/1836/1836
f  1837/1837/1837 1836/1836/1836 1835/1835/1835
f  1838/1838/1838 1837/1837/1837 1839/1839/1839
f  1839/1839/1839 1834/1834/1834 1840/1840/1840
f  1841/1841/1841 1842/1842/1842 1843/1843/1843
f  1844/1844/1844 1842/1842/1842 1841/1841/1841
f  1588/1588/1588 1845/1845/1845 1846/1846/1846
f  1587/1587/1587 1845/1845/1845 1588/1588/1588
f  1847/1847/1847 1848/1848/1848 1849/1849/1849
f  1850/1850/1850 1848/1848/1848 1847/1847/1847
f  1851/1851/1851 1849/1849/1849 1848/1848/1848
f  1852/1852/1852 1849/1849/1849 1851/1851/1851
f  1853/1853/1853 1846/1846/1846 1845/1845/1845
f  1854/1854/1854 1846/1846/1846 1853/1853/1853
f  1855/1855/1855 1856/1856/1856 1857/1857/1857
f  1851/1851/1851 1856/1856/1856 1855/1855/1855
f  1841/1841/1841 1857/1857/1857 1856/1856/1856
f  1843/1843/1843 1857/1857/1857 1841/1841/1841
f  1858/1858/1858 1583/1583/1583 1585/1585/1585
f  1859/1859/1859 1583/1583/1583 1858/1858/1858
f  1860/1860/1860 1585/1585/1585 1584/1584/1584
f  1861/1861/1861 1585/1585/1585 1860/1860/1860
f  1850/1850/1850 1862/1862/1862 1863/1863/1863
f  1847/1847/1847 1862/1862/1862 1850/1850/1850
f  1842/1842/1842 1863/1863/1863 1862/1862/1862
f  1844/1844/1844 1863/1863/1863 1842/1842/1842
f  1590/1590/1590 1864/1864/1864 1591/1591/1591
f  1865/1865/1865 1864/1864/1864 1590/1590/1590
f  1866/1866/1866 1867/1867/1867 1868/1868/1868
f  1869/1869/1869 1867/1867/1867 1866/1866/1866
f  1592/1592/1592 1868/1868/1868 1870/1870/1870
f  1866/1866/1866 1868/1868/1868 1592/1592/1592
f  1871/1871/1871 1870/1870/1870 1872/1872/1872
f  1592/1592/1592 1870/1870/1870 1871/1871/1871
f  1873/1873/1873 1872/1872/1872 1874/1874/1874
f  1871/1871/1871 1872/1872/1872 1873/1873/1873
f  1869/1869/1869 1874/1874/1874 1867/1867/1867
f  1873/1873/1873 1874/1874/1874 1869/1869/1869
f  1593/1593/1593 1875/1875/1875 1594/1594/1594
f  1876/1876/1876 1875/1875/1875 1593/1593/1593
f  1877/1877/1877 1878/1878/1878 1879/1879/1879
f  1880/1880/1880 1878/1878/1878 1877/1877/1877
f  1881/1881/1881 1877/1877/1877 1882/1882/1882
f  1880/1880/1880 1877/1877/1877 1881/1881/1881
f  1879/1879/1879 1883/1883/1883 1884/1884/1884
f  1878/1878/1878 1883/1883/1883 1879/1879/1879
f  1885/1885/1885 1886/1886/1886 1887/1887/1887
f  1888/1888/1888 1886/1886/1886 1885/1885/1885
f  1889/1889/1889 1879/1879/1879 1890/1890/1890
f  1877/1877/1877 1879/1879/1879 1889/1889/1889
f  1827/1827/1827 1826/1826/1826 1891/1891/1891
f  1827/1827/1827 1892/1892/1892 1825/1825/1825
f  1825/1825/1825 1892/1892/1892 1893/1893/1893
f  1892/1892/1892 1894/1894/1894 1893/1893/1893
f  1893/1893/1893 1894/1894/1894 1895/1895/1895
f  1827/1827/1827 1891/1891/1891 1896/1896/1896
f  1896/1896/1896 1891/1891/1891 1897/1897/1897
f  1797/1797/1797 1817/1817/1817 1898/1898/1898
f  1898/1898/1898 1817/1817/1817 1819/1819/1819
f  1899/1899/1899 1813/1813/1813 1900/1900/1900
f  1900/1900/1900 1813/1813/1813 1814/1814/1814
f  1840/1840/1840 1901/1901/1901 1835/1835/1835
f  1835/1835/1835 1901/1901/1901 1902/1902/1902
f  1903/1903/1903 1451/1451/1451 1904/1904/1904
f  1904/1904/1904 1451/1451/1451 1905/1905/1905
f  1906/1906/1906 1907/1907/1907 1422/1422/1422
f  1420/1420/1420 1908/1908/1908 1422/1422/1422
f  1424/1424/1424 1423/1423/1423 1486/1486/1486
f  1433/1433/1433 1464/1464/1464 1434/1434/1434
f  1487/1487/1487 1492/1492/1492 1494/1494/1494
f  1494/1494/1494 1485/1485/1485 1487/1487/1487
f  1485/1485/1485 1494/1494/1494 1909/1909/1909
f  1909/1909/1909 1494/1494/1494 1910/1910/1910
f  1911/1911/1911 1597/1597/1597 1489/1489/1489
f  1505/1505/1505 1910/1910/1910 1494/1494/1494
f  1493/1493/1493 1467/1467/1467 1468/1468/1468
f  1463/1463/1463 1912/1912/1912 1610/1610/1610
f  1913/1913/1913 1491/1491/1491 1596/1596/1596
f  1912/1912/1912 1914/1914/1914 1610/1610/1610
f  1610/1610/1610 1462/1462/1462 1463/1463/1463
f  1915/1915/1915 1916/1916/1916 1917/1917/1917
f  1916/1916/1916 1918/1918/1918 1917/1917/1917
f  1919/1919/1919 1920/1920/1920 1921/1921/1921
f  1922/1922/1922 1923/1923/1923 1924/1924/1924
f  1917/1917/1917 1918/1918/1918 1925/1925/1925
f  1926/1926/1926 1927/1927/1927 1928/1928/1928
f  1929/1929/1929 1930/1930/1930 1931/1931/1931
f  1932/1932/1932 1931/1931/1931 1930/1930/1930
f  1933/1933/1933 1934/1934/1934 1925/1925/1925
f  1925/1925/1925 1935/1935/1935 1933/1933/1933
f  1462/1462/1462 1610/1610/1610 1608/1608/1608
f  1936/1936/1936 1925/1925/1925 1918/1918/1918
f  1937/1937/1937 1921/1921/1921 1938/1938/1938
f  1935/1935/1935 1925/1925/1925 1936/1936/1936
f  1898/1898/1898 1819/1819/1819 1939/1939/1939
f  1940/1940/1940 1941/1941/1941 1942/1942/1942
f  1930/1930/1930 1943/1943/1943 1932/1932/1932
f  1944/1944/1944 1945/1945/1945 1927/1927/1927
f  1946/1946/1946 1932/1932/1932 1943/1943/1943
f  1947/1947/1947 1946/1946/1946 1943/1943/1943
f  1943/1943/1943 1948/1948/1948 1947/1947/1947
f  1948/1948/1948 1943/1943/1943 1949/1949/1949
f  1950/1950/1950 1951/1951/1951 1952/1952/1952
f  1953/1953/1953 1954/1954/1954 1955/1955/1955
f  1956/1956/1956 1957/1957/1957 1958/1958/1958
f  1958/1958/1958 1957/1957/1957 1959/1959/1959
f  1960/1960/1960 1961/1961/1961 1962/1962/1962
f  1963/1963/1963 1960/1960/1960 1962/1962/1962
f  1910/1910/1910 1505/1505/1505 1964/1964/1964
f  1606/1606/1606 1964/1964/1964 1505/1505/1505
f  1965/1965/1965 1599/1599/1599 1597/1597/1597
f  1609/1609/1609 1610/1610/1610 1914/1914/1914
f  1966/1966/1966 1967/1967/1967 1968/1968/1968
f  1969/1969/1969 1970/1970/1970 1968/1968/1968
f  1971/1971/1971 1969/1969/1969 1972/1972/1972
f  1973/1973/1973 1970/1970/1970 1974/1974/1974
f  1607/1607/1607 1579/1579/1579 1578/1578/1578
f  1975/1975/1975 1596/1596/1596 1598/1598/1598
f  1974/1974/1974 1970/1970/1970 1976/1976/1976
f  1972/1972/1972 1976/1976/1976 1970/1970/1970
f  1977/1977/1977 1609/1609/1609 1914/1914/1914
f  1831/1831/1831 1609/1609/1609 1977/1977/1977
f  1978/1978/1978 1979/1979/1979 1980/1980/1980
f  1981/1981/1981 1982/1982/1982 1983/1983/1983
f  1984/1984/1984 1985/1985/1985 1986/1986/1986
f  1987/1987/1987 1988/1988/1988 1989/1989/1989
f  1939/1939/1939 1819/1819/1819 1990/1990/1990
f  1378/1378/1378 1272/1272/1272 1271/1271/1271
f  1991/1991/1991 1386/1386/1386 1384/1384/1384
f  1992/1992/1992 1430/1430/1430 1431/1431/1431
f  1993/1993/1993 1425/1425/1425 1418/1418/1418
f  1994/1994/1994 1995/1995/1995 1996/1996/1996
f  1996/1996/1996 1995/1995/1995 1997/1997/1997
f  1998/1998/1998 1999/1999/1999 2000/2000/2000
f  2001/2001/2001 1915/1915/1915 1917/1917/1917
f  2002/2002/2002 1915/1915/1915 2001/2001/2001
f  1996/1996/1996 1997/1997/1997 2003/2003/2003
f  2003/2003/2003 1997/1997/1997 2004/2004/2004
f  2003/2003/2003 2004/2004/2004 2005/2005/2005
f  2005/2005/2005 2004/2004/2004 2006/2006/2006
f  2007/2007/2007 2008/2008/2008 2009/2009/2009
f  2009/2009/2009 2008/2008/2008 2010/2010/2010
f  2011/2011/2011 2010/2010/2010 2012/2012/2012
f  2012/2012/2012 2010/2010/2010 2008/2008/2008
f  2013/2013/2013 2014/2014/2014 2015/2015/2015
f  2016/2016/2016 2013/2013/2013 2015/2015/2015
f  2013/2013/2013 2017/2017/2017 2014/2014/2014
f  2018/2018/2018 2017/2017/2017 2013/2013/2013
f  2019/2019/2019 2016/2016/2016 2020/2020/2020
f  2019/2019/2019 2020/2020/2020 2018/2018/2018
f  2018/2018/2018 2020/2020/2020 2017/2017/2017
f  2016/2016/2016 2015/2015/2015 2020/2020/2020
f  2021/2021/2021 1928/1928/1928 1920/1920/1920
f  2022/2022/2022 1928/1928/1928 2021/2021/2021
f  2023/2023/2023 2000/2000/2000 1999/1999/1999
f  2014/2014/2014 2017/2017/2017 2024/2024/2024
f  1924/1924/1924 1917/1917/1917 1922/1922/1922
f  2001/2001/2001 1917/1917/1917 1924/1924/1924
f  2025/2025/2025 2026/2026/2026 2027/2027/2027
f  2028/2028/2028 2026/2026/2026 2025/2025/2025
f  2015/2015/2015 2029/2029/2029 2020/2020/2020
f  2030/2030/2030 2023/2023/2023 1999/1999/1999
f  2031/2031/2031 1998/1998/1998 2032/2032/2032
f  2032/2032/2032 2033/2033/2033 1999/1999/1999
f  2034/2034/2034 2033/2033/2033 2035/2035/2035
f  2024/2024/2024 2036/2036/2036 2037/2037/2037
f  2017/2017/2017 2020/2020/2020 2036/2036/2036
f  2017/2017/2017 2036/2036/2036 2024/2024/2024
f  2020/2020/2020 2029/2029/2029 2038/2038/2038
f  1677/1677/1677 1673/1673/1673 2039/2039/2039
f  2039/2039/2039 1673/1673/1673 2040/2040/2040
f  2041/2041/2041 2042/2042/2042 1640/1640/1640
f  1638/1638/1638 2041/2041/2041 1640/1640/1640
f  1642/1642/1642 1641/1641/1641 1732/1732/1732
f  1645/1645/1645 1696/1696/1696 1646/1646/1646
f  1733/1733/1733 1775/1775/1775 1777/1777/1777
f  1777/1777/1777 1731/1731/1731 1733/1733/1733
f  1731/1731/1731 1777/1777/1777 2043/2043/2043
f  2043/2043/2043 1777/1777/1777 2044/2044/2044
f  2045/2045/2045 1812/1812/1812 1772/1772/1772
f  2046/2046/2046 2047/2047/2047 2048/2048/2048
f  2049/2049/2049 2047/2047/2047 2046/2046/2046
f  2025/2025/2025 2049/2049/2049 2046/2046/2046
f  2050/2050/2050 2049/2049/2049 2025/2025/2025
f  2050/2050/2050 2027/2027/2027 2051/2051/2051
f  2025/2025/2025 2027/2027/2027 2050/2050/2050
f  2052/2052/2052 2053/2053/2053 2054/2054/2054
f  2055/2055/2055 2053/2053/2053 2052/2052/2052
f  1922/1922/1922 1925/1925/1925 1934/1934/1934
f  1917/1917/1917 1925/1925/1925 1922/1922/1922
f  1778/1778/1778 2044/2044/2044 1777/1777/1777
f  1776/1776/1776 1699/1699/1699 1700/1700/1700
f  2056/2056/2056 1930/1930/1930 1929/1929/1929
f  2057/2057/2057 1930/1930/1930 2056/2056/2056
f  1921/1921/1921 1928/1928/1928 1927/1927/1927
f  1920/1920/1920 1928/1928/1928 1921/1921/1921
f  1938/1938/1938 1927/1927/1927 1945/1945/1945
f  1921/1921/1921 1927/1927/1927 1938/1938/1938
f  2057/2057/2057 1940/1940/1940 1930/1930/1930
f  1941/1941/1941 1940/1940/1940 2057/2057/2057
f  1695/1695/1695 2058/2058/2058 1820/1820/1820
f  2059/2059/2059 1774/1774/1774 1811/1811/1811
f  2060/2060/2060 2061/2061/2061 2062/2062/2062
f  2063/2063/2063 2061/2061/2061 2060/2060/2060
f  2064/2064/2064 2065/2065/2065 2066/2066/2066
f  2067/2067/2067 2065/2065/2065 2064/2064/2064
f  1923/1923/1923 2068/2068/2068 1924/1924/1924
f  2069/2069/2069 2068/2068/2068 1923/1923/1923
f  2058/2058/2058 2070/2070/2070 1820/1820/1820
f  1820/1820/1820 1694/1694/1694 1695/1695/1695
f  1694/1694/1694 1820/1820/1820 1818/1818/1818
f  2044/2044/2044 1778/1778/1778 2071/2071/2071
f  1816/1816/1816 2071/2071/2071 1778/1778/1778
f  2072/2072/2072 1814/1814/1814 1812/1812/1812
f  1819/1819/1819 1820/1820/1820 2070/2070/2070
f  1817/1817/1817 1797/1797/1797 1796/1796/1796
f  2073/2073/2073 1811/1811/1811 1813/1813/1813
f  2074/2074/2074 1819/1819/1819 2070/2070/2070
f  1990/1990/1990 1819/1819/1819 2074/2074/2074
f  2020/2020/2020 2038/2038/2038 2036/2036/2036
f  2075/2075/2075 2038/2038/2038 2029/2029/2029
f  2076/2076/2076 2077/2077/2077 2078/2078/2078
f  2079/2079/2079 2076/2076/2076 2078/2078/2078
f  2079/2079/2079 2078/2078/2078 2080/2080/2080
f  2080/2080/2080 2078/2078/2078 2081/2081/2081
f  2024/2024/2024 2037/2037/2037 2029/2029/2029
f  2029/2029/2029 2037/2037/2037 2075/2075/2075
f  2014/2014/2014 2024/2024/2024 2015/2015/2015
f  2082/2082/2082 2066/2066/2066 2065/2065/2065
f  2083/2083/2083 2066/2066/2066 2082/2082/2082
f  2068/2068/2068 2084/2084/2084 2085/2085/2085
f  2069/2069/2069 2084/2084/2084 2068/2068/2068
f  2086/2086/2086 2087/2087/2087 2088/2088/2088
f  2089/2089/2089 2087/2087/2087 2086/2086/2086
f  2062/2062/2062 2090/2090/2090 2060/2060/2060
f  2091/2091/2091 2090/2090/2090 2062/2062/2062
f  2092/2092/2092 2093/2093/2093 2094/2094/2094
f  2095/2095/2095 2093/2093/2093 2092/2092/2092
f  1949/1949/1949 1930/1930/1930 1940/1940/1940
f  1943/1943/1943 1930/1930/1930 1949/1949/1949
f  2096/2096/2096 1938/1938/1938 1945/1945/1945
f  2097/2097/2097 1938/1938/1938 2096/2096/2096
f  2015/2015/2015 2024/2024/2024 2029/2029/2029
f  2098/2098/2098 2080/2080/2080 2099/2099/2099
f  1947/1947/1947 1955/1955/1955 1954/1954/1954
f  1948/1948/1948 1955/1955/1955 1947/1947/1947
f  2100/2100/2100 2101/2101/2101 2102/2102/2102
f  2103/2103/2103 2101/2101/2101 2100/2100/2100
f  2104/2104/2104 2105/2105/2105 2106/2106/2106
f  2107/2107/2107 2105/2105/2105 2104/2104/2104
f  2108/2108/2108 2088/2088/2088 2087/2087/2087
f  2109/2109/2109 2088/2088/2088 2108/2108/2108
f  2110/2110/2110 2111/2111/2111 2112/2112/2112
f  2113/2113/2113 2111/2111/2111 2110/2110/2110
f  2114/2114/2114 2115/2115/2115 2116/2116/2116
f  2117/2117/2117 2115/2115/2115 2114/2114/2114
f  2118/2118/2118 2104/2104/2104 2106/2106/2106
f  2119/2119/2119 2104/2104/2104 2118/2118/2118
f  2114/2114/2114 1941/1941/1941 2117/2117/2117
f  1942/1942/1942 1941/1941/1941 2114/2114/2114
f  1933/1933/1933 1952/1952/1952 1951/1951/1951
f  1935/1935/1935 1952/1952/1952 1933/1933/1933
f  2120/2120/2120 2089/2089/2089 2121/2121/2121
f  2087/2087/2087 2089/2089/2089 2120/2120/2120
f  2122/2122/2122 2091/2091/2091 2123/2123/2123
f  2090/2090/2090 2091/2091/2091 2122/2122/2122
f  2123/2123/2123 2124/2124/2124 2122/2122/2122
f  2125/2125/2125 2124/2124/2124 2123/2123/2123
f  2124/2124/2124 1963/1963/1963 1962/1962/1962
f  2125/2125/2125 1963/1963/1963 2124/2124/2124
f  2126/2126/2126 2127/2127/2127 2128/2128/2128
f  2129/2129/2129 2127/2127/2127 2126/2126/2126
f  2110/2110/2110 2128/2128/2128 2127/2127/2127
f  2112/2112/2112 2128/2128/2128 2110/2110/2110
f  2111/2111/2111 2130/2130/2130 2112/2112/2112
f  2131/2131/2131 2130/2130/2130 2111/2111/2111
f  2132/2132/2132 2101/2101/2101 2133/2133/2133
f  2102/2102/2102 2101/2101/2101 2132/2132/2132
f  2133/2133/2133 2134/2134/2134 2132/2132/2132
f  2135/2135/2135 2134/2134/2134 2133/2133/2133
f  2136/2136/2136 2126/2126/2126 2128/2128/2128
f  2137/2137/2137 2126/2126/2126 2136/2136/2136
f  2098/2098/2098 2099/2099/2099 2076/2076/2076
f  2076/2076/2076 2099/2099/2099 2077/2077/2077
f  2077/2077/2077 2099/2099/2099 2138/2138/2138
f  2080/2080/2080 2081/2081/2081 2099/2099/2099
f  2077/2077/2077 2138/2138/2138 2139/2139/2139
f  2078/2078/2078 2077/2077/2077 2139/2139/2139
f  2078/2078/2078 2139/2139/2139 2081/2081/2081
f  2139/2139/2139 2138/2138/2138 2140/2140/2140
f  2141/2141/2141 2081/2081/2081 2139/2139/2139
f  2081/2081/2081 2141/2141/2141 2099/2099/2099
f  2142/2142/2142 2143/2143/2143 2144/2144/2144
f  2144/2144/2144 2143/2143/2143 2145/2145/2145
f  2145/2145/2145 2143/2143/2143 2146/2146/2146
f  2147/2147/2147 2148/2148/2148 2143/2143/2143
f  2149/2149/2149 1951/1951/1951 1950/1950/1950
f  2150/2150/2150 1951/1951/1951 2149/2149/2149
f  2151/2151/2151 2152/2152/2152 2145/2145/2145
f  2151/2151/2151 2153/2153/2153 2148/2148/2148
f  2154/2154/2154 2135/2135/2135 2155/2155/2155
f  2134/2134/2134 2135/2135/2135 2154/2154/2154
f  2156/2156/2156 1953/1953/1953 1955/1955/1955
f  2157/2157/2157 1953/1953/1953 2156/2156/2156
f  2158/2158/2158 2151/2151/2151 2148/2148/2148
f  2151/2151/2151 2158/2158/2158 2159/2159/2159
f  2154/2154/2154 1957/1957/1957 1956/1956/1956
f  2155/2155/2155 1957/1957/1957 2154/2154/2154
f  2139/2139/2139 2140/2140/2140 2141/2141/2141
f  2160/2160/2160 2161/2161/2161 2162/2162/2162
f  2163/2163/2163 2156/2156/2156 2164/2164/2164
f  2157/2157/2157 2156/2156/2156 2163/2163/2163
f  2162/2162/2162 2161/2161/2161 2165/2165/2165
f  2162/2162/2162 2165/2165/2165 2166/2166/2166
f  2150/2150/2150 2167/2167/2167 2168/2168/2168
f  2149/2149/2149 2167/2167/2167 2150/2150/2150
f  2166/2166/2166 2165/2165/2165 2169/2169/2169
f  2170/2170/2170 2171/2171/2171 2172/2172/2172
f  2172/2172/2172 2171/2171/2171 2161/2161/2161
f  2173/2173/2173 2174/2174/2174 2170/2170/2170
f  2170/2170/2170 2174/2174/2174 2175/2175/2175
f  2176/2176/2176 2177/2177/2177 2173/2173/2173
f  2173/2173/2173 2177/2177/2177 2174/2174/2174
f  2178/2178/2178 2169/2169/2169 2176/2176/2176
f  2176/2176/2176 2169/2169/2169 2177/2177/2177
f  1281/1281/1281 1291/1291/1291 1285/1285/1285
f  1280/1280/1280 1291/1291/1291 1281/1281/1281
f  1285/1285/1285 1294/1294/1294 1293/1293/1293
f  1291/1291/1291 1294/1294/1294 1285/1285/1285
f  1301/1301/1301 1297/1297/1297 1296/1296/1296
f  1308/1308/1308 1297/1297/1297 1301/1301/1301
f  2179/2179/2179 2180/2180/2180 2181/2181/2181
f  2181/2181/2181 2180/2180/2180 2182/2182/2182
f  2183/2183/2183 2184/2184/2184 2185/2185/2185
f  2185/2185/2185 2184/2184/2184 2186/2186/2186
f  2187/2187/2187 2188/2188/2188 2180/2180/2180
f  2180/2180/2180 2188/2188/2188 2189/2189/2189
f  2190/2190/2190 2179/2179/2179 2191/2191/2191
f  2191/2191/2191 2179/2179/2179 2192/2192/2192
f  2190/2190/2190 2187/2187/2187 2179/2179/2179
f  2193/2193/2193 2194/2194/2194 2195/2195/2195
f  2196/2196/2196 2194/2194/2194 2193/2193/2193
f  2197/2197/2197 1982/1982/1982 2198/2198/2198
f  1983/1983/1983 1982/1982/1982 2197/2197/2197
f  2199/2199/2199 2200/2200/2200 2201/2201/2201
f  2202/2202/2202 2200/2200/2200 2199/2199/2199
f  2203/2203/2203 2201/2201/2201 2200/2200/2200
f  2204/2204/2204 2201/2201/2201 2203/2203/2203
f  2205/2205/2205 1980/1980/1980 1979/1979/1979
f  2206/2206/2206 1980/1980/1980 2205/2205/2205
f  2207/2207/2207 2197/2197/2197 2198/2198/2198
f  2208/2208/2208 2197/2197/2197 2207/2207/2207
f  2204/2204/2204 2209/2209/2209 2210/2210/2210
f  2203/2203/2203 2209/2209/2209 2204/2204/2204
f  2193/2193/2193 2210/2210/2210 2209/2209/2209
f  2195/2195/2195 2210/2210/2210 2193/2193/2193
f  2211/2211/2211 2206/2206/2206 2205/2205/2205
f  2212/2212/2212 2206/2206/2206 2211/2211/2211
f  2202/2202/2202 2213/2213/2213 2214/2214/2214
f  2199/2199/2199 2213/2213/2213 2202/2202/2202
f  2215/2215/2215 2214/2214/2214 2213/2213/2213
f  2196/2196/2196 2214/2214/2214 2215/2215/2215
f  2216/2216/2216 1986/1986/1986 1985/1985/1985
f  2217/2217/2217 1986/1986/1986 2216/2216/2216
f  2218/2218/2218 2219/2219/2219 2220/2220/2220
f  2221/2221/2221 2219/2219/2219 2218/2218/2218
f  1987/1987/1987 2220/2220/2220 2222/2222/2222
f  2218/2218/2218 2220/2220/2220 1987/1987/1987
f  2223/2223/2223 2222/2222/2222 2224/2224/2224
f  1987/1987/1987 2222/2222/2222 2223/2223/2223
f  2225/2225/2225 2224/2224/2224 2226/2226/2226
f  2223/2223/2223 2224/2224/2224 2225/2225/2225
f  2221/2221/2221 2227/2227/2227 2228/2228/2228
f  2225/2225/2225 2227/2227/2227 2221/2221/2221
f  1988/1988/1988 2229/2229/2229 1989/1989/1989
f  2230/2230/2230 2229/2229/2229 1988/1988/1988
f  2179/2179/2179 2187/2187/2187 2180/2180/2180
f  2231/2231/2231 1245/1245/1245 1244/1244/1244

g
v  -6419.980957 -2306.041504 -3111.684814
v  -6601.479004 -2077.154053 -2341.934814
v  -6455.148926 -2176.625977 -3134.422607
v  -6021.448242 -1555.616577 -3132.289551
v  -6167.778320 -1456.144531 -2339.802002
v  -5863.062500 -2132.262939 -3030.664307
v  -6009.392578 -2032.790894 -2238.176514
v  -7105.257813 -1311.808716 -2531.020996
v  -7522.711914 -1303.185547 -2609.184814
v  -6167.778320 -1456.144531 -2339.802002
v  -6601.479004 -2077.154053 -2341.934814
v  -6958.927734 -1411.280762 -3323.508789
v  -7105.257813 -1311.808716 -2531.020996
v  -7545.508789 -1865.814087 -2542.773682
v  968.000122 -5067.087891 -3613.028564
v  0.000093 -4461.763184 -4703.338379
v  874.000061 -4795.721680 -3588.528320
v  -966.999878 -5067.087891 -3613.028564
v  -872.999939 -4795.721680 -3588.528564
v  0.000104 -4658.915527 -4784.461914
v  0.000116 -4855.919434 -4866.574707
v  0.000128 -5052.082520 -4947.550293
v  -290.999878 -4909.342773 -4564.152832
v  -232.999878 -5115.007324 -4723.401855
v  -7399.178711 -1965.286133 -3335.261475
v  -7745.206543 -1778.923096 -3420.497314
v  -7890.635742 -1680.063599 -2632.889404
v  292.000122 -4909.342773 -4564.152832
v  234.000122 -5115.007324 -4723.401855
v  949.000061 -4377.091797 -3979.791016
v  952.000061 -4419.126465 -3503.762451
v  683.000061 -4118.229004 -3885.371826
v  807.000061 -4278.198242 -3452.301514
v  961.000061 -3866.140381 -3792.979248
v  958.000061 -4141.225586 -3401.433594
v  1228.000000 -4125.003418 -3887.398438
v  1103.000000 -4282.005859 -3453.883545
v  683.000061 -4118.229004 -3885.371826
v  961.000061 -3866.140381 -3792.979248
v  949.000061 -4377.091797 -3979.791016
v  1228.000000 -4125.003418 -3887.398438
v  -947.999939 -4377.092285 -3979.791016
v  -950.999939 -4419.126465 -3503.762451
v  -1227.000000 -4125.003418 -3887.398438
v  -1102.000000 -4282.005859 -3453.883545
v  -959.999939 -3866.140625 -3792.979492
v  -956.999939 -4141.226074 -3401.433594
v  -681.999939 -4118.229004 -3885.371826
v  -805.999939 -4278.198242 -3452.301514
v  -1700.000000 -3328.226807 172.866684
v  0.000061 -2979.337891 1559.813354
v  -0.000054 -3328.226807 172.866547
v  -1776.000000 -2979.337891 1559.813477
v  1775.000000 -2979.337891 1559.813232
v  1699.000000 -3328.226807 172.866409
v  0.000026 -3933.705322 -2957.766846
v  -1540.000000 -4118.166504 -3217.988037
v  0.000041 -4118.166504 -3217.988037
v  -284.999969 -3933.705322 -2957.766846
v  286.000031 -3933.705322 -2957.766846
v  1541.000000 -4118.166504 -3217.988037
v  -1055.999878 -5195.526367 -2297.533447
v  -1539.999878 -5195.526367 -2297.533447
v  -947.999939 -4377.092285 -3979.791016
v  -1227.000000 -4125.003418 -3887.398438
v  -681.999939 -4118.229004 -3885.371826
v  -959.999939 -3866.140625 -3792.979492
v  1541.000122 -5195.526367 -2297.533447
v  1057.000122 -5195.526367 -2297.533447
v  -2788.375977 -3363.307373 -4467.124023
v  -3192.772217 -3180.711182 -4568.767090
v  -2659.052246 -2734.828857 -4861.488770
v  -3423.133545 -2767.128174 -5045.397461
v  -5525.961426 -3883.227539 -4336.921875
v  -4561.711914 -3566.593262 -4126.411621
v  -4796.947754 -3792.314941 -3774.760010
v  -4548.511719 -3692.505859 -3770.001953
v  -4109.450195 -2890.894531 -5471.007813
v  -4194.448242 -3362.467773 -5186.901855
v  -4593.875000 -3161.089355 -5275.145996
v  -4109.450195 -2890.894531 -5471.007813
v  -4593.875000 -3161.089355 -5275.145996
v  -3423.133545 -2767.128174 -5045.397461
v  -3187.746826 -3331.209229 -3829.389404
v  -3806.274902 -3199.321045 -4297.442383
v  -1539.999878 -5107.873535 -1944.639771
v  -1056.000000 -4850.109375 -912.016602
v  -3327.754150 -2043.906494 -3981.029053
v  -2928.383301 -2076.004639 -4618.763672
v  -3536.957275 -2338.782715 -4258.582520
v  -3558.515381 -2435.963623 -4923.389648
v  -3457.077881 -2672.385010 -3586.664551
v  -3941.656738 -2868.156494 -4175.434082
v  -4494.213379 -3324.916748 -4719.886230
v  -5658.478027 -3559.071777 -4217.496094
v  -4929.464355 -3468.159424 -3655.334229
v  -4694.228516 -3242.437744 -4006.985840
v  -4681.028320 -3368.350342 -3650.576416
v  -4629.595215 -2993.752441 -4597.878418
v  -4729.256348 -2829.925049 -5153.138184
v  -4538.991211 -2519.663330 -4876.395020
v  -4729.256348 -2829.925049 -5153.138184
v  -4244.832031 -2559.729980 -5348.999512
v  -4244.832031 -2559.729980 -5348.999512
v  -3558.515381 -2435.963623 -4923.389648
v  -1540.000000 -4850.109375 -912.016602
v  -4958.242188 -3567.446533 -4564.090820
v  -4866.185547 -3436.163086 -4818.284668
v  -5090.758789 -3243.291016 -4444.665527
v  -3985.665039 -1668.490967 -8639.211914
v  -3610.181885 -1782.576050 -7881.929199
v  -5879.330566 -3695.630127 -5238.217773
v  -1057.000122 -4528.152344 -1049.539429
v  -1055.999878 -5195.526367 -2297.533447
v  -1056.000000 -4850.109375 -912.016602
v  -4118.181641 -1344.335449 -8519.786133
v  -6011.847168 -3371.474365 -5118.791992
v  -3735.535400 -1475.942383 -7768.958984
v  -1057.000244 -4528.681641 -2477.552002
v  -1057.000122 -4528.152344 -1049.539429
v  -0.000278 -4528.681641 -2477.552002
v  -1057.000244 -4528.681641 -2477.552002
v  -0.000163 -4528.152344 -1049.539551
v  1055.999878 -4528.152344 -1049.539551
v  1055.999756 -4528.681641 -2477.552246
v  1541.000000 -4850.108887 -912.016541
v  1057.000000 -4850.108887 -912.016541
v  -3134.267578 -2573.999512 -4675.913574
v  -3433.855469 -2677.419922 -3720.727051
v  -3071.920898 -2140.646729 -3769.172607
v  -2476.335693 -2172.887695 -4027.692871
v  -2243.536377 -2742.350342 -4237.495117
v  -2606.322021 -3279.571777 -4188.776367
v  -3201.056152 -3246.882324 -3930.529053
v  -2214.286865 -2998.258301 -2503.530273
v  -2521.914307 -2521.544678 -2679.582520
v  -2784.650635 -2911.280273 -2644.430420
v  -2615.960693 -3323.921631 -2796.456055
v  -2184.534180 -3346.827148 -2983.634033
v  -1920.588501 -2957.519043 -3019.381592
v  -2089.278564 -2544.877930 -2867.355957
v  -2943.916016 -4565.923828 -2792.052002
v  -2349.300537 -4500.132324 -2962.184570
v  -2415.748779 -4897.068359 -2603.405273
v  -2322.357422 -3650.812744 -3705.148926
v  -2313.526367 -3999.666992 -3403.169434
v  -2831.579834 -3761.761963 -3511.934326
v  -1947.137939 -3459.279541 -3698.557129
v  -1972.544067 -3577.969727 -3834.954346
v  -3307.276367 -3890.941895 -3310.493652
v  -3281.870605 -3772.735352 -3173.221191
v  -3331.236084 -4138.350586 -2846.256836
v  -3356.642334 -4257.040527 -2982.654053
v  -2146.602295 -5038.549316 -2531.758301
v  -2120.878906 -4920.689453 -2395.819580
v  -1813.130981 -4843.584473 -2521.007568
v  -1838.537598 -4962.757813 -2656.529297
v  -1792.970093 -4635.300293 -2949.736328
v  -1741.353027 -3747.604980 -3732.039063
v  -1714.998535 -3628.637451 -3595.488037
v  -1751.183228 -4102.621582 -3420.906250
v  -2029.240845 -3938.293701 -3797.524658
v  -2915.765625 -4315.058594 -3346.911865
v  -2124.198242 -4972.483887 -2880.244141
v  -4998.702148 -3112.007568 -4698.858887
v  1541.000122 -5107.873047 -1944.639648
v  1055.999756 -4528.681641 -2477.552246
v  1057.000000 -4850.108887 -912.016541
v  1057.000122 -5195.526367 -2297.533447
v  1055.999878 -4528.152344 -1049.539551
v  -183.999969 -3424.654785 -4586.295898
v  -6.999949 -3694.878418 -4550.965820
v  -241.999969 -3467.613037 -4468.361328
v  -5.999952 -3598.317871 -4648.730957
v  1.000028 -3256.084717 -4523.613281
v  2.000025 -3245.292480 -4386.498535
v  237.000031 -3472.409668 -4470.091797
v  179.000046 -3429.599609 -4587.037109
v  6282.371582 -2236.342529 -2691.324463
v  6309.803711 -2106.545410 -2717.106934
v  5723.164063 -2093.465576 -2573.875244
v  -2928.383301 -2076.004639 -4618.763672
v  -3558.515381 -2435.963623 -4923.389648
v  -3941.656738 -2868.156494 -4175.434082
v  -3457.077881 -2672.385010 -3586.664551
v  -3423.133545 -2767.128174 -5045.397461
v  -3806.274902 -3199.321045 -4297.442383
v  6089.286621 -2350.550781 -3471.720947
v  5530.079102 -2207.674072 -3354.271973
v  6116.718262 -2220.753906 -3497.503662
v  6952.199707 -3388.018066 -3251.417725
v  6567.375977 -3689.547607 -3112.077148
v  6679.482910 -3169.533936 -3215.916748
v  6742.259277 -3132.402100 -2962.191895
v  6630.152832 -3652.415771 -2858.352295
v  7014.976074 -3350.886230 -2997.692627
v  7358.925293 -1752.396851 -3871.310791
v  7031.728516 -1958.384888 -3762.291260
v  6972.711426 -1398.506226 -3829.625732
v  7165.796387 -1284.297852 -3049.229248
v  7224.813477 -1844.176514 -2981.894775
v  7550.821777 -1638.891724 -3095.719482
v  -4230.503906 -2878.213135 -5636.652832
v  -3904.534180 -2963.890381 -5045.498047
v  -4118.833984 -3220.889160 -4585.719238
v  5649.649902 -1625.107300 -3469.112549
v  6562.573242 -1429.921387 -3723.552246
v  -4365.169434 -2548.801025 -5515.290527
v  -7205.849609 -3348.573486 -2459.931396
v  -6997.300293 -3415.927246 -2302.310059
v  -7391.816895 -2705.743408 -2574.956787
v  -7263.241699 -2493.555664 -2467.190186
v  -7302.793457 -2766.259766 -3057.086182
v  -4254.215820 -2889.724854 -4463.711426
v  -4039.916016 -2632.725830 -4923.489746
v  -7135.292969 -2580.532471 -3160.129150
v  -6869.351563 -3502.904053 -2995.249023
v  -7116.826172 -3409.089600 -2942.060791
v  1062.000000 -4943.293457 -668.136108
v  0.000025 -4943.293457 -668.136108
v  1408.000000 -5376.703125 -758.385315
v  -3438.457031 -1936.920044 -7241.465820
v  -3556.647461 -1647.808350 -7134.951172
v  -3143.487793 -2803.037598 -3094.746338
v  -2794.635986 -2284.871094 -3141.285156
v  -2220.013184 -2316.444336 -3390.798096
v  -1995.809326 -2864.880615 -3592.853516
v  -2345.512207 -3383.495605 -3546.041748
v  -2919.283936 -3351.473877 -3296.801758
v  -7254.037109 -3359.391357 -2585.302734
v  -6992.264160 -3125.976563 -2566.265137
v  -7206.461914 -3391.732178 -2842.958740
v  -6944.688965 -3158.317383 -2823.921387
v  -6796.807617 -3671.621094 -2732.186279
v  -6844.382813 -3639.280518 -2474.530273
v  5842.734863 -1510.898926 -2688.716064
v  4889.467773 -2084.275146 5653.729980
v  4911.235840 -1963.164185 5709.695801
v  4439.356934 -1861.799438 5345.791992
v  5397.411621 -1895.499878 5047.655273
v  4947.300781 -1673.024048 4739.717773
v  5419.179688 -1774.388794 5103.621094
v  5874.381348 -3118.316895 5431.390625
v  5566.565430 -3351.499023 5100.784180
v  5654.150391 -2866.063721 5325.387207
v  5489.208984 -2927.363525 5522.193848
v  5401.624512 -3412.798584 5297.590332
v  5709.440430 -3179.616455 5628.196777
v  -6009.392578 -2032.790894 -2238.176514
v  -6455.148926 -2176.625977 -3134.422607
v  -6021.448242 -1555.616577 -3132.289551
v  -5863.062500 -2132.262939 -3030.664307
v  -7376.382324 -1402.657593 -3401.672607
v  -6958.927734 -1411.280762 -3323.508789
v  -7545.508789 -1865.814087 -2542.773682
v  -7890.635742 -1680.063599 -2632.889404
v  -7399.178711 -1965.286133 -3335.261475
v  -7745.206543 -1778.923096 -3420.497314
v  6998.423340 -2759.944824 -3474.427979
v  6612.506836 -3519.240723 -3380.197998
v  6814.161133 -2584.800049 -3566.843262
v  -6992.264160 -3125.976563 -2566.265137
v  -7254.037109 -3359.391357 -2585.302734
v  -6844.382813 -3639.280518 -2474.530273
v  0.000017 -5011.977539 125.390686
v  1411.000000 -5370.504883 -228.562149
v  -6944.688965 -3158.317383 -2823.921387
v  -6419.980957 -2306.041504 -3111.684814
v  -6566.310547 -2206.569336 -2319.197021
v  6857.270020 -3411.220215 -3344.191895
v  6630.152832 -3652.415771 -2858.352295
v  7014.976074 -3350.886230 -2997.692627
v  6679.482910 -3169.533936 -3215.916748
v  6742.259277 -3132.402100 -2962.191895
v  7115.891602 -2690.463379 -2999.654541
v  6974.738281 -3341.738525 -2869.418701
v  6781.337402 -3419.378662 -2697.831543
v  6982.991699 -2484.937988 -2884.476807
v  6412.675293 -1507.877319 6023.293457
v  6152.773926 -1657.855957 5754.734863
v  6102.092285 -1107.949097 5883.540039
v  5594.148926 -1296.724487 6489.614258
v  5644.830566 -1846.631348 6360.809570
v  5908.479980 -1695.259521 6624.895020
v  -5324.998047 -2138.058105 4578.478516
v  -5358.770508 -2010.014893 4609.622559
v  -5607.729004 -2029.129150 3824.047363
v  -5641.501465 -1901.085938 3855.191406
v  5040.222656 -1128.518799 4987.192871
v  5772.791504 -1077.331055 5617.093750
v  -5226.614746 -1270.185669 3790.801025
v  -4943.883789 -1379.114624 4545.232422
v  -5076.717773 -1840.918213 3652.220215
v  -4793.986816 -1949.847046 4406.651367
v  4532.278809 -1317.294189 5593.267090
v  -5837.124023 -1259.652588 4897.231934
v  -6234.885254 -1261.203247 5046.073242
v  -4943.883789 -1379.114624 4545.232422
v  -5358.770508 -2010.014893 4609.622559
v  -6119.854980 -1150.723633 4142.800781
v  -5837.124023 -1259.652588 4897.231934
v  -1061.000000 -4943.293457 -668.136169
v  -1407.000000 -5376.703125 -758.385376
v  -1412.000000 -5370.504883 -228.562210
v  1271.000122 -5719.677734 -878.558350
v  1408.000000 -5376.703125 -758.385315
v  1411.000000 -5370.504883 -228.562149
v  1408.000000 -5376.703125 -758.385315
v  1271.000122 -5719.677734 -878.558350
v  1541.000122 -5107.873047 -1944.639648
v  1541.000000 -4850.108887 -912.016541
v  1475.000000 -5292.967285 372.530060
v  1475.000000 -5292.967285 372.530060
v  1248.000000 -5626.313477 -144.974304
v  -1476.000000 -5292.967285 372.529999
v  -6257.841797 -1823.136719 4973.541504
v  -6540.572754 -1714.207886 4219.110352
v  6002.243652 -2480.341553 5582.998535
v  5783.803223 -3119.714844 5055.906250
v  5941.191895 -2248.337646 5459.221680
v  5892.713379 -3088.574707 5301.755371
v  5401.624512 -3412.798584 5297.590332
v  5709.440430 -3179.616455 5628.196777
v  5654.150391 -2866.063721 5325.387207
v  5489.208984 -2927.363525 5522.193848
v  5693.603516 -2595.046387 5951.265137
v  5584.073730 -3203.279541 5670.021973
v  5340.836426 -3284.342041 5584.450684
v  5498.225098 -2412.964600 5987.766113
v  -6869.171875 -1536.815063 4371.102051
v  -6588.527832 -1644.940063 5119.965332
v  -0.000017 -4609.751953 777.361267
v  -6020.792480 -3253.928711 4503.542969
v  -5765.429199 -3342.250000 4510.397461
v  -6196.493652 -2617.311523 4661.307129
v  -6017.718262 -2430.165039 4736.637207
v  -6368.288574 -2551.123535 4202.895020
v  -6264.282227 -2335.170410 4078.713623
v  -1540.000000 -4850.109375 -912.016602
v  -1539.999878 -5107.873535 -1944.639771
v  -1407.000000 -5376.703125 -758.385376
v  -1269.999878 -5719.677734 -878.558411
v  -1269.999878 -5719.677734 -878.558411
v  -1412.000000 -5370.504883 -228.562210
v  -1407.000000 -5376.703125 -758.385376
v  -1249.000000 -5626.313477 -144.974350
v  -1476.000000 -5292.967285 372.529999
v  1271.000122 -5605.485840 -1728.015991
v  1472.000122 -5565.308594 -1975.797729
v  1271.000122 -5527.109375 -2223.875977
v  1541.000122 -5195.526367 -2297.533447
v  0.000041 -4118.166504 -3217.988037
v  0.000041 -4118.166504 -3217.988037
v  1527.000000 -4999.693848 970.268616
v  1204.000000 -5255.124512 1186.491699
v  1527.000000 -4999.693848 970.268616
v  1226.000000 -5499.089355 491.939728
v  -1227.000000 -5499.089355 491.939697
v  -1205.000000 -5255.124512 1186.491821
v  -1528.000000 -4999.693848 970.268860
v  -1528.000000 -4999.693848 970.268860
v  -6011.993164 -3247.255371 3852.473877
v  -6192.587402 -3187.740723 4045.130859
v  -6125.564453 -3236.777832 4421.355957
v  -5875.813965 -2996.949951 4362.387207
v  -6217.374023 -3201.406006 4176.374512
v  -5967.623535 -2961.578125 4117.405762
v  -5827.191406 -3469.682373 3991.414307
v  -5735.381836 -3505.054199 4236.395508
v  7358.925293 -1752.396851 -3871.310791
v  7224.813477 -1844.176514 -2981.894775
v  7031.728516 -1958.384888 -3762.291260
v  7550.821777 -1638.891724 -3095.719482
v  6309.803711 -2106.545410 -2717.106934
v  6116.718262 -2220.753906 -3497.503662
v  5649.649902 -1625.107300 -3469.112549
v  6755.658203 -1315.713013 -2943.155518
v  6562.573242 -1429.921387 -3723.552246
v  5842.734863 -1510.898926 -2688.716064
v  6755.658203 -1315.713013 -2943.155518
v  5723.164063 -2093.465576 -2573.875244
v  -4793.986816 -1949.847046 4406.651367
v  -5641.501465 -1901.085938 3855.191406
v  -5226.614746 -1270.185669 3790.801025
v  -5076.717773 -1840.918213 3652.220215
v  -6517.616211 -1152.274414 4291.642090
v  -6119.854980 -1150.723633 4142.800781
v  -1539.999878 -5195.526367 -2297.533447
v  -1269.999878 -5527.109863 -2223.875977
v  -1470.999878 -5565.309082 -1975.797729
v  -1269.999878 -5605.485840 -1728.015991
v  1271.000122 -5447.744629 -2719.587646
v  1452.000122 -4815.681641 -2888.755127
v  1541.000000 -4118.166504 -3217.988037
v  1271.000122 -5369.368164 -3215.447754
v  1271.000122 -5369.368164 -3215.447754
v  1211.000000 -3816.013184 -3392.118652
v  1541.000000 -4118.166504 -3217.988037
v  1211.000000 -3816.013184 -3392.118652
v  1607.000122 -3929.647217 2108.576416
v  1699.000000 -3328.226807 172.866409
v  1299.000122 -4380.587891 2405.451172
v  -1607.999878 -3929.647217 2108.576660
v  -1299.999878 -4380.587891 2405.451416
v  -1700.000000 -3328.226807 172.866684
v  1775.000000 -2979.337891 1559.813232
v  -6257.841797 -1823.136719 4973.541504
v  -6588.527832 -1644.940063 5119.965332
v  -6540.572754 -1714.207886 4219.110352
v  -6869.171875 -1536.815063 4371.102051
v  5530.079102 -2207.674072 -3354.271973
v  6282.371582 -2236.342529 -2691.324463
v  -5875.813965 -2996.949951 4362.387207
v  -6125.564453 -3236.777832 4421.355957
v  -5735.381836 -3505.054199 4236.395508
v  -5967.623535 -2961.578125 4117.405762
v  -5607.729004 -2029.129150 3824.047363
v  -5324.998047 -2138.058105 4578.478516
v  1948.085693 -3459.557129 -3698.711182
v  1973.491699 -3578.247070 -3835.108398
v  1715.946289 -3628.914795 -3595.642090
v  1742.300659 -3747.882324 -3732.193115
v  1752.130859 -4102.898926 -3421.060303
v  1814.078857 -4843.861816 -2521.161621
v  -1776.000000 -2979.337891 1559.813477
v  -1540.000000 -4118.166504 -3217.988037
v  -1450.999878 -4815.681641 -2888.755127
v  1793.917725 -4635.577637 -2949.890381
v  1839.485352 -4963.035156 -2656.683350
v  2121.826660 -4920.966797 -2395.973633
v  2147.550049 -5038.826660 -2531.912354
v  3332.184082 -4138.627930 -2846.411133
v  2944.863770 -4566.201172 -2792.206055
v  2416.696533 -4897.345703 -2603.559326
v  3357.590088 -4257.317871 -2982.808350
v  3282.818604 -3773.012939 -3173.375488
v  3308.224121 -3891.219482 -3310.647949
v  2832.527588 -3762.039551 -3512.088623
v  2323.305176 -3651.090088 -3705.302979
v  2314.474121 -3999.944580 -3403.323486
v  2350.248291 -4500.410156 -2962.338623
v  2344.660645 -3383.047119 -3546.314941
v  2183.682373 -3346.378662 -2983.907227
v  1994.957764 -2864.432129 -3593.126709
v  1919.736816 -2957.070557 -3019.655029
v  2219.161621 -2315.995850 -3391.071289
v  2088.427002 -2544.429443 -2867.629150
v  2918.432373 -3351.025635 -3297.075195
v  2615.108887 -3323.473145 -2796.729492
v  3142.636230 -2802.589355 -3095.019775
v  2783.799072 -2910.832031 -2644.703613
v  3200.204590 -3246.434326 -3930.802246
v  2605.470459 -3279.123535 -4189.049805
v  3433.004150 -2676.971924 -3721.000244
v  2242.684814 -2741.901855 -4237.768555
v  2793.784668 -2284.422852 -3141.558594
v  2521.062744 -2521.096191 -2679.855713
v  2475.484375 -2172.439453 -4027.966309
v  3071.069580 -2140.198730 -3769.445801
v  3736.433594 -1476.173096 -7769.333496
v  3557.545654 -1648.038940 -7135.325195
v  6012.745605 -3371.705322 -5119.166504
v  4366.067871 -2549.031494 -5515.664551
v  5880.229004 -3695.860840 -5238.592285
v  4231.402344 -2878.443604 -5637.027344
v  3611.079834 -1782.806763 -7882.303711
v  -1269.999878 -5447.744629 -2719.587891
v  -1210.000000 -3816.013428 -3392.118652
v  -1269.999878 -5369.368652 -3215.447754
v  -1540.000000 -4118.166504 -3217.988037
v  -1210.000000 -3816.013428 -3392.118652
v  -1269.999878 -5369.368652 -3215.447754
v  1472.000122 -5409.545410 -2967.666016
v  489.000122 -5178.121582 -4410.298828
v  246.000031 -3606.074951 -4057.346436
v  -1470.999878 -5409.545410 -2967.666016
v  3439.355225 -1937.150757 -7241.839844
v  6089.286621 -2350.550781 -3471.720947
v  -244.999969 -3606.075195 -4057.346436
v  4255.113770 -2889.955566 -4464.085938
v  4999.600586 -3112.238281 -4699.232910
v  4040.814209 -2632.956543 -4923.864258
v  4539.396484 -2520.121338 -4875.604004
v  3537.362305 -2339.240479 -4257.791992
v  4630.000488 -2994.210449 -4597.087402
v  3942.061768 -2868.614502 -4174.643555
v  4245.237305 -2560.188232 -5348.208984
v  3558.920410 -2436.421631 -4922.598633
v  -487.999878 -5178.121582 -4410.298828
v  562.000122 -5110.696777 -4630.738770
v  5659.376465 -3559.302734 -4217.870605
v  248.000061 -4009.266357 -4079.361816
v  0.000081 -4264.611328 -4622.214355
v  3905.432373 -2964.120850 -5045.872070
v  4119.731934 -3221.119873 -4586.093750
v  4867.083984 -3436.393799 -4818.658691
v  -246.999939 -4009.266602 -4079.361816
v  -560.999878 -5110.696777 -4630.738770
v  0.000067 -4079.215820 -4415.445313
v  5526.859863 -3883.458252 -4337.296387
v  3193.177002 -3181.168945 -4567.976074
v  4194.853027 -3362.925781 -5186.110840
v  3806.679932 -3199.778809 -4296.651367
v  4494.618652 -3325.374756 -4719.095703
v  3423.538574 -2767.585938 -5044.606445
v  3558.920410 -2436.421631 -4922.598633
v  3806.679932 -3199.778809 -4296.651367
v  6412.675293 -1507.877319 6023.293457
v  5644.830566 -1846.631348 6360.809570
v  6152.773926 -1657.855957 5754.734863
v  5908.479980 -1695.259521 6624.895020
v  4911.235840 -1963.164185 5709.695801
v  5419.179688 -1774.388794 5103.621094
v  5040.222656 -1128.518799 4987.192871
v  5264.848145 -1266.106445 6223.167969
v  5772.791504 -1077.331055 5617.093750
v  4532.278809 -1317.294189 5593.267090
v  5264.848145 -1266.106445 6223.167969
v  4439.356934 -1861.799438 5345.791992
v  4947.300781 -1673.024048 4739.717773
v  4889.467773 -2084.275146 5653.729980
v  5397.411621 -1895.499878 5047.655273
v  3188.151611 -3331.666992 -3828.598389
v  3457.482910 -2672.842529 -3585.873779
v  3942.061768 -2868.614502 -4174.643555
v  2928.788330 -2076.462158 -4617.972656
v  3558.920410 -2436.421631 -4922.598633
v  2659.457275 -2735.286377 -4860.697754
v  3423.538574 -2767.585938 -5044.606445
v  4109.855469 -2891.352539 -5470.216797
v  5091.656738 -3243.521729 -4445.039551
v  2125.145996 -4972.761230 -2880.398438
v  2916.713379 -4315.336426 -3347.065918
v  2030.188477 -3938.571289 -3797.678711
v  2213.435059 -2997.809814 -2503.803711
v  3133.416260 -2573.551514 -4676.187012
v  4119.079590 -1344.566284 -8520.160156
v  3986.563232 -1668.721802 -8639.585938
v  4695.126953 -3242.668213 -4007.360352
v  4959.140137 -3567.677246 -4564.465332
v  4562.610352 -3566.823975 -4126.786133
v  4729.661621 -2830.383057 -5152.347168
v  4245.237305 -2560.188232 -5348.208984
v  4729.661621 -2830.383057 -5152.347168
v  4681.926758 -3368.580811 -3650.950684
v  4930.362793 -3468.389893 -3655.708740
v  4594.279785 -3161.547363 -5274.354980
v  4594.279785 -3161.547363 -5274.354980
v  3328.159424 -2044.364258 -3980.238037
v  3457.482910 -2672.842529 -3585.873779
v  2928.788330 -2076.462158 -4617.972656
v  3423.538574 -2767.585938 -5044.606445
v  2788.780762 -3363.764893 -4466.333008
v  4109.855469 -2891.352539 -5470.216797
v  4549.410156 -3692.736328 -3770.376465
v  4797.846191 -3792.545410 -3775.134521
v  -6566.310547 -2206.569336 -2319.197021

vt  0.390625 -1.460938 0.000000
vt  0.375000 -1.367188 0.000000
vt  0.375000 -1.460938 0.000000
vt  0.304688 -1.460938 0.000000
vt  0.304688 -1.367188 0.000000
vt  0.398438 -1.460938 0.000000
vt  0.398438 -1.367188 0.000000
vt  0.250000 -1.585938 0.000000
vt  0.203125 -1.585938 0.000000
vt  0.359375 -1.593750 0.000000
vt  0.320313 -1.515625 0.000000
vt  0.171875 -1.460938 0.000000
vt  0.171875 -1.367188 0.000000
vt  0.226563 -1.367188 0.000000
vt  0.289063 -1.726563 0.000000
vt  0.562500 -1.812500 0.000000
vt  0.304688 -1.773438 0.000000
vt  0.289063 -1.726563 0.000000
vt  0.304688 -1.773438 0.000000
vt  0.570313 -1.781250 0.000000
vt  0.570313 -1.765625 0.000000
vt  0.593750 -1.734375 0.000000
vt  0.500000 -1.726563 0.000000
vt  0.539063 -1.703125 0.000000
vt  0.226563 -1.460938 0.000000
vt  0.171875 -1.460938 0.000000
vt  0.171875 -1.367188 0.000000
vt  0.500000 -1.726563 0.000000
vt  0.539063 -1.703125 0.000000
vt  0.757813 -1.125000 0.000000
vt  0.710938 -1.156250 0.000000
vt  0.773438 -1.171875 0.000000
vt  0.710938 -1.187500 0.000000
vt  0.765625 -1.234375 0.000000
vt  0.710938 -1.218750 0.000000
vt  0.773438 -1.171875 0.000000
vt  0.710938 -1.187500 0.000000
vt  0.781250 -1.054688 0.000000
vt  0.726563 -1.093750 0.000000
vt  0.726563 -1.000000 0.000000
vt  0.679688 -1.046875 0.000000
vt  0.757813 -1.125000 0.000000
vt  0.710938 -1.156250 0.000000
vt  0.773438 -1.171875 0.000000
vt  0.710938 -1.187500 0.000000
vt  0.765625 -1.234375 0.000000
vt  0.710938 -1.218750 0.000000
vt  0.773438 -1.171875 0.000000
vt  0.710938 -1.187500 0.000000
vt  0.007813 -1.562500 0.000000
vt  0.156250 -1.687500 0.000000
vt  0.156250 -1.562500 0.000000
vt  0.007813 -1.687500 0.000000
vt  0.007813 -1.687500 0.000000
vt  0.007813 -1.562500 0.000000
vt  0.140625 -1.710938 0.000000
vt  0.007813 -1.734375 0.000000
vt  0.140625 -1.734375 0.000000
vt  0.109375 -1.710938 0.000000
vt  0.109375 -1.710938 0.000000
vt  0.007813 -1.734375 0.000000
vt  0.046875 -1.859375 0.000000
vt  0.007813 -1.859375 0.000000
vt  0.726563 -1.000000 0.000000
vt  0.679688 -1.046875 0.000000
vt  0.781250 -1.054688 0.000000
vt  0.726563 -1.093750 0.000000
vt  0.007813 -1.859375 0.000000
vt  0.046875 -1.859375 0.000000
vt  0.992188 -1.773438 0.000000
vt  0.945313 -1.773438 0.000000
vt  0.984375 -1.835938 0.000000
vt  0.906250 -1.828125 0.000000
vt  0.859375 -1.578125 0.000000
vt  0.968750 -1.539063 0.000000
vt  0.960938 -1.593750 0.000000
vt  0.984375 -1.578125 0.000000
vt  0.828125 -1.828125 0.000000
vt  0.828125 -1.773438 0.000000
vt  0.781250 -1.773438 0.000000
vt  0.781250 -1.640625 0.000000
vt  0.804688 -1.679688 0.000000
vt  0.859375 -1.640625 0.000000
vt  0.984375 -1.710938 0.000000
vt  0.906250 -1.718750 0.000000
vt  0.007813 -1.890625 0.000000
vt  0.046875 -1.992188 0.000000
vt  0.992188 -1.773438 0.000000
vt  0.984375 -1.835938 0.000000
vt  0.945313 -1.773438 0.000000
vt  0.906250 -1.828125 0.000000
vt  0.984375 -1.710938 0.000000
vt  0.906250 -1.718750 0.000000
vt  0.828125 -1.718750 0.000000
vt  0.859375 -1.578125 0.000000
vt  0.960938 -1.593750 0.000000
vt  0.968750 -1.539063 0.000000
vt  0.984375 -1.578125 0.000000
vt  0.828125 -1.718750 0.000000
vt  0.804688 -1.679688 0.000000
vt  0.828125 -1.773438 0.000000
vt  0.781250 -1.773438 0.000000
vt  0.828125 -1.828125 0.000000
vt  0.781250 -1.640625 0.000000
vt  0.859375 -1.640625 0.000000
vt  0.007813 -1.992188 0.000000
vt  0.906250 -1.515625 0.000000
vt  0.898438 -1.476563 0.000000
vt  0.906250 -1.515625 0.000000
vt  0.804688 -1.007813 0.000000
vt  0.882813 -1.062500 0.000000
vt  0.781250 -1.500000 0.000000
vt  0.390625 -1.281250 0.000000
vt  0.539063 -1.179688 0.000000
vt  0.390625 -1.234375 0.000000
vt  0.804688 -1.007813 0.000000
vt  0.781250 -1.500000 0.000000
vt  0.882813 -1.062500 0.000000
vt  0.554688 -1.281250 0.000000
vt  0.070313 -1.992188 0.000000
vt  0.156250 -1.867188 0.000000
vt  0.070313 -1.867188 0.000000
vt  0.156250 -1.992188 0.000000
vt  0.070313 -1.992188 0.000000
vt  0.070313 -1.867188 0.000000
vt  0.007813 -1.992188 0.000000
vt  0.046875 -1.992188 0.000000
vt  0.859375 -1.890625 0.000000
vt  0.765625 -1.921875 0.000000
vt  0.757813 -1.992188 0.000000
vt  0.765625 -1.921875 0.000000
vt  0.765625 -1.859375 0.000000
vt  0.757813 -1.796875 0.000000
vt  0.765625 -1.859375 0.000000
vt  0.578125 -1.890625 0.000000
vt  0.625000 -1.968750 0.000000
vt  0.625000 -1.914063 0.000000
vt  0.625000 -1.867188 0.000000
vt  0.625000 -1.812500 0.000000
vt  0.625000 -1.867188 0.000000
vt  0.625000 -1.914063 0.000000
vt  0.664063 -1.476563 0.000000
vt  0.640625 -1.562500 0.000000
vt  0.718750 -1.562500 0.000000
vt  0.445313 -1.562500 0.000000
vt  0.523438 -1.562500 0.000000
vt  0.500000 -1.476563 0.000000
vt  0.406250 -1.601563 0.000000
vt  0.421875 -1.601563 0.000000
vt  0.539063 -1.414063 0.000000
vt  0.531250 -1.390625 0.000000
vt  0.632813 -1.390625 0.000000
vt  0.625000 -1.414063 0.000000
vt  0.734375 -1.601563 0.000000
vt  0.765625 -1.601563 0.000000
vt  0.726563 -1.664063 0.000000
vt  0.710938 -1.640625 0.000000
vt  0.648438 -1.640625 0.000000
vt  0.468750 -1.640625 0.000000
vt  0.453125 -1.671875 0.000000
vt  0.515625 -1.640625 0.000000
vt  0.476563 -1.601563 0.000000
vt  0.578125 -1.476563 0.000000
vt  0.687500 -1.601563 0.000000
vt  0.898438 -1.476563 0.000000
vt  0.007813 -1.890625 0.000000
vt  0.554688 -1.281250 0.000000
vt  0.390625 -1.234375 0.000000
vt  0.539063 -1.179688 0.000000
vt  0.390625 -1.281250 0.000000
vt  0.703125 -1.367188 0.000000
vt  0.718750 -1.312500 0.000000
vt  0.656250 -1.367188 0.000000
vt  0.742188 -1.320313 0.000000
vt  0.750000 -1.414063 0.000000
vt  0.718750 -1.429688 0.000000
vt  0.656250 -1.367188 0.000000
vt  0.703125 -1.367188 0.000000
vt  0.328125 -1.507813 0.000000
vt  0.320313 -1.515625 0.000000
vt  0.390625 -1.531250 0.000000
vt  0.976563 -1.914063 0.000000
vt  0.906250 -1.867188 0.000000
vt  0.906250 -1.679688 0.000000
vt  0.976563 -1.640625 0.000000
vt  0.820313 -1.640625 0.000000
vt  0.867188 -1.718750 0.000000
vt  0.328125 -1.507813 0.000000
vt  0.390625 -1.531250 0.000000
vt  0.320313 -1.515625 0.000000
vt  0.453125 -1.375000 0.000000
vt  0.453125 -1.296875 0.000000
vt  0.507813 -1.359375 0.000000
vt  0.507813 -1.359375 0.000000
vt  0.453125 -1.296875 0.000000
vt  0.453125 -1.375000 0.000000
vt  0.171875 -1.539063 0.000000
vt  0.210938 -1.523438 0.000000
vt  0.203125 -1.585938 0.000000
vt  0.203125 -1.585938 0.000000
vt  0.210938 -1.523438 0.000000
vt  0.171875 -1.539063 0.000000
vt  0.929688 -1.351563 0.000000
vt  0.992188 -1.390625 0.000000
vt  0.992188 -1.460938 0.000000
vt  0.359375 -1.593750 0.000000
vt  0.250000 -1.585938 0.000000
vt  0.929688 -1.351563 0.000000
vt  0.039063 -1.046875 0.000000
vt  0.007813 -1.000000 0.000000
vt  0.039063 -1.171875 0.000000
vt  0.007813 -1.210938 0.000000
vt  0.132813 -1.171875 0.000000
vt  0.992188 -1.460938 0.000000
vt  0.992188 -1.390625 0.000000
vt  0.171875 -1.218750 0.000000
vt  0.164063 -1.007813 0.000000
vt  0.132813 -1.046875 0.000000
vt  0.085938 -1.250000 0.000000
vt  0.148438 -1.312500 0.000000
vt  0.039063 -1.265625 0.000000
vt  0.929688 -1.125000 0.000000
vt  0.929688 -1.125000 0.000000
vt  0.687500 -1.921875 0.000000
vt  0.687500 -1.984375 0.000000
vt  0.687500 -1.921875 0.000000
vt  0.687500 -1.859375 0.000000
vt  0.687500 -1.796875 0.000000
vt  0.687500 -1.859375 0.000000
vt  0.414063 -1.375000 0.000000
vt  0.414063 -1.429688 0.000000
vt  0.453125 -1.375000 0.000000
vt  0.453125 -1.429688 0.000000
vt  0.453125 -1.296875 0.000000
vt  0.414063 -1.296875 0.000000
vt  0.359375 -1.593750 0.000000
vt  0.328125 -1.500000 0.000000
vt  0.320313 -1.515625 0.000000
vt  0.382813 -1.531250 0.000000
vt  0.328125 -1.500000 0.000000
vt  0.382813 -1.531250 0.000000
vt  0.320313 -1.515625 0.000000
vt  0.453125 -1.375000 0.000000
vt  0.453125 -1.296875 0.000000
vt  0.515625 -1.359375 0.000000
vt  0.507813 -1.359375 0.000000
vt  0.453125 -1.296875 0.000000
vt  0.453125 -1.375000 0.000000
vt  0.390625 -1.531250 0.000000
vt  0.320313 -1.515625 0.000000
vt  0.359375 -1.593750 0.000000
vt  0.390625 -1.531250 0.000000
vt  0.203125 -1.585938 0.000000
vt  0.250000 -1.585938 0.000000
vt  0.210938 -1.523438 0.000000
vt  0.171875 -1.539063 0.000000
vt  0.210938 -1.523438 0.000000
vt  0.171875 -1.539063 0.000000
vt  0.132813 -1.171875 0.000000
vt  0.164063 -1.007813 0.000000
vt  0.171875 -1.218750 0.000000
vt  0.507813 -1.359375 0.000000
vt  0.453125 -1.375000 0.000000
vt  0.453125 -1.296875 0.000000
vt  0.148438 -1.375000 0.000000
vt  0.023438 -1.304688 0.000000
vt  0.507813 -1.359375 0.000000
vt  0.328125 -1.507813 0.000000
vt  0.328125 -1.507813 0.000000
vt  0.132813 -1.046875 0.000000
vt  0.414063 -1.296875 0.000000
vt  0.414063 -1.375000 0.000000
vt  0.453125 -1.429688 0.000000
vt  0.414063 -1.429688 0.000000
vt  0.039063 -1.171875 0.000000
vt  0.039063 -1.046875 0.000000
vt  0.007813 -1.000000 0.000000
vt  0.007813 -1.210938 0.000000
vt  0.171875 -1.539063 0.000000
vt  0.210938 -1.523438 0.000000
vt  0.203125 -1.585938 0.000000
vt  0.203125 -1.585938 0.000000
vt  0.210938 -1.523438 0.000000
vt  0.171875 -1.539063 0.000000
vt  0.390625 -1.367188 0.000000
vt  0.375000 -1.367188 0.000000
vt  0.390625 -1.468750 0.000000
vt  0.375000 -1.468750 0.000000
vt  0.359375 -1.585938 0.000000
vt  0.250000 -1.585938 0.000000
vt  0.304688 -1.468750 0.000000
vt  0.304688 -1.367188 0.000000
vt  0.390625 -1.468750 0.000000
vt  0.390625 -1.367188 0.000000
vt  0.359375 -1.585938 0.000000
vt  0.250000 -1.585938 0.000000
vt  0.203125 -1.585938 0.000000
vt  0.359375 -1.585938 0.000000
vt  0.320313 -1.515625 0.000000
vt  0.171875 -1.468750 0.000000
vt  0.171875 -1.367188 0.000000
vt  0.085938 -1.250000 0.000000
vt  0.039063 -1.265625 0.000000
vt  0.023438 -1.304688 0.000000
vt  0.585938 -1.023438 0.000000
vt  0.562500 -1.062500 0.000000
vt  0.500000 -1.046875 0.000000
vt  0.375000 -1.148438 0.000000
vt  0.382813 -1.093750 0.000000
vt  0.507813 -1.164063 0.000000
vt  0.390625 -1.203125 0.000000
vt  0.023438 -1.351563 0.000000
vt  0.437500 -1.046875 0.000000
vt  0.500000 -1.015625 0.000000
vt  0.023438 -1.351563 0.000000
vt  0.226563 -1.367188 0.000000
vt  0.226563 -1.468750 0.000000
vt  0.132813 -1.171875 0.000000
vt  0.164063 -1.007813 0.000000
vt  0.171875 -1.218750 0.000000
vt  0.132813 -1.046875 0.000000
vt  0.414063 -1.296875 0.000000
vt  0.414063 -1.375000 0.000000
vt  0.453125 -1.437500 0.000000
vt  0.406250 -1.429688 0.000000
vt  0.039063 -1.171875 0.000000
vt  0.039063 -1.046875 0.000000
vt  0.007813 -1.000000 0.000000
vt  0.007813 -1.210938 0.000000
vt  0.171875 -1.460938 0.000000
vt  0.171875 -1.367188 0.000000
vt  0.156250 -1.445313 0.000000
vt  0.039063 -1.046875 0.000000
vt  0.007813 -1.000000 0.000000
vt  0.039063 -1.171875 0.000000
vt  0.007813 -1.210938 0.000000
vt  0.132813 -1.171875 0.000000
vt  0.171875 -1.218750 0.000000
vt  0.390625 -1.203125 0.000000
vt  0.507813 -1.164063 0.000000
vt  0.375000 -1.148438 0.000000
vt  0.382813 -1.093750 0.000000
vt  0.585938 -1.023438 0.000000
vt  0.500000 -1.046875 0.000000
vt  0.562500 -1.062500 0.000000
vt  0.500000 -1.015625 0.000000
vt  0.437500 -1.046875 0.000000
vt  0.468750 -1.101563 0.000000
vt  0.500000 -1.101563 0.000000
vt  0.531250 -1.101563 0.000000
vt  0.554688 -1.148438 0.000000
vt  0.710938 -1.273438 0.000000
vt  0.156250 -1.796875 0.000000
vt  0.023438 -1.406250 0.000000
vt  0.351563 -1.000000 0.000000
vt  0.367188 -1.054688 0.000000
vt  0.437500 -1.007813 0.000000
vt  0.437500 -1.007813 0.000000
vt  0.351563 -1.000000 0.000000
vt  0.367188 -1.054688 0.000000
vt  0.023438 -1.406250 0.000000
vt  0.164063 -1.007813 0.000000
vt  0.132813 -1.046875 0.000000
vt  0.414063 -1.375000 0.000000
vt  0.406250 -1.429688 0.000000
vt  0.453125 -1.375000 0.000000
vt  0.453125 -1.437500 0.000000
vt  0.453125 -1.296875 0.000000
vt  0.414063 -1.296875 0.000000
vt  0.171875 -1.460938 0.000000
vt  0.226563 -1.367188 0.000000
vt  0.226563 -1.460938 0.000000
vt  0.171875 -1.367188 0.000000
vt  0.375000 -1.367188 0.000000
vt  0.375000 -1.460938 0.000000
vt  0.304688 -1.460938 0.000000
vt  0.171875 -1.367188 0.000000
vt  0.171875 -1.460938 0.000000
vt  0.304688 -1.367188 0.000000
vt  0.250000 -1.585938 0.000000
vt  0.398438 -1.367188 0.000000
vt  0.382813 -1.531250 0.000000
vt  0.320313 -1.515625 0.000000
vt  0.359375 -1.585938 0.000000
vt  0.382813 -1.531250 0.000000
vt  0.203125 -1.585938 0.000000
vt  0.250000 -1.585938 0.000000
vt  0.554688 -1.148438 0.000000
vt  0.531250 -1.101563 0.000000
vt  0.500000 -1.101563 0.000000
vt  0.468750 -1.101563 0.000000
vt  0.601563 -1.101563 0.000000
vt  0.632813 -1.164063 0.000000
vt  0.687500 -1.234375 0.000000
vt  0.679688 -1.101563 0.000000
vt  0.195313 -1.687500 0.000000
vt  0.250000 -1.960938 0.000000
vt  0.179688 -1.914063 0.000000
vt  0.023438 -1.703125 0.000000
vt  0.195313 -1.109375 0.000000
vt  0.367188 -1.265625 0.000000
vt  0.187500 -1.039063 0.000000
vt  0.195313 -1.109375 0.000000
vt  0.187500 -1.039063 0.000000
vt  0.367188 -1.265625 0.000000
vt  0.203125 -1.234375 0.000000
vt  0.210938 -1.523438 0.000000
vt  0.171875 -1.539063 0.000000
vt  0.210938 -1.523438 0.000000
vt  0.171875 -1.539063 0.000000
vt  0.398438 -1.460938 0.000000
vt  0.390625 -1.367188 0.000000
vt  0.507813 -1.359375 0.000000
vt  0.453125 -1.375000 0.000000
vt  0.453125 -1.296875 0.000000
vt  0.515625 -1.359375 0.000000
vt  0.328125 -1.500000 0.000000
vt  0.328125 -1.500000 0.000000
vt  0.406250 -1.601563 0.000000
vt  0.421875 -1.601563 0.000000
vt  0.453125 -1.671875 0.000000
vt  0.468750 -1.640625 0.000000
vt  0.515625 -1.640625 0.000000
vt  0.726563 -1.664063 0.000000
vt  0.203125 -1.234375 0.000000
vt  0.687500 -1.234375 0.000000
vt  0.632813 -1.164063 0.000000
vt  0.648438 -1.640625 0.000000
vt  0.710938 -1.640625 0.000000
vt  0.765625 -1.601563 0.000000
vt  0.734375 -1.601563 0.000000
vt  0.632813 -1.390625 0.000000
vt  0.664063 -1.476563 0.000000
vt  0.718750 -1.562500 0.000000
vt  0.625000 -1.414063 0.000000
vt  0.531250 -1.390625 0.000000
vt  0.539063 -1.414063 0.000000
vt  0.500000 -1.476563 0.000000
vt  0.445313 -1.562500 0.000000
vt  0.523438 -1.562500 0.000000
vt  0.640625 -1.562500 0.000000
vt  0.687500 -1.796875 0.000000
vt  0.625000 -1.812500 0.000000
vt  0.687500 -1.859375 0.000000
vt  0.625000 -1.867188 0.000000
vt  0.687500 -1.921875 0.000000
vt  0.625000 -1.914063 0.000000
vt  0.687500 -1.859375 0.000000
vt  0.625000 -1.867188 0.000000
vt  0.687500 -1.921875 0.000000
vt  0.625000 -1.914063 0.000000
vt  0.765625 -1.859375 0.000000
vt  0.757813 -1.796875 0.000000
vt  0.765625 -1.921875 0.000000
vt  0.765625 -1.859375 0.000000
vt  0.687500 -1.984375 0.000000
vt  0.625000 -1.968750 0.000000
vt  0.765625 -1.921875 0.000000
vt  0.757813 -1.992188 0.000000
vt  0.882813 -1.062500 0.000000
vt  0.929688 -1.125000 0.000000
vt  0.781250 -1.500000 0.000000
vt  0.929688 -1.351563 0.000000
vt  0.781250 -1.500000 0.000000
vt  0.929688 -1.351563 0.000000
vt  0.882813 -1.062500 0.000000
vt  0.601563 -1.101563 0.000000
vt  0.023438 -1.703125 0.000000
vt  0.195313 -1.687500 0.000000
vt  0.179688 -1.914063 0.000000
vt  0.250000 -1.960938 0.000000
vt  0.679688 -1.101563 0.000000
vt  0.640625 -1.101563 0.000000
vt  0.453125 -1.687500 0.000000
vt  0.460938 -1.992188 0.000000
vt  0.640625 -1.101563 0.000000
vt  0.929688 -1.125000 0.000000
vt  0.390625 -1.460938 0.000000
vt  0.460938 -1.992188 0.000000
vt  0.992188 -1.460938 0.000000
vt  0.898438 -1.476563 0.000000
vt  0.992188 -1.390625 0.000000
vt  0.828125 -1.773438 0.000000
vt  0.945313 -1.773438 0.000000
vt  0.828125 -1.718750 0.000000
vt  0.906250 -1.718750 0.000000
vt  0.828125 -1.828125 0.000000
vt  0.906250 -1.828125 0.000000
vt  0.453125 -1.687500 0.000000
vt  0.492188 -1.687500 0.000000
vt  0.859375 -1.578125 0.000000
vt  0.453125 -1.906250 0.000000
vt  0.554688 -1.843750 0.000000
vt  0.992188 -1.390625 0.000000
vt  0.992188 -1.460938 0.000000
vt  0.898438 -1.476563 0.000000
vt  0.453125 -1.906250 0.000000
vt  0.492188 -1.687500 0.000000
vt  0.531250 -1.882813 0.000000
vt  0.859375 -1.578125 0.000000
vt  0.945313 -1.773438 0.000000
vt  0.828125 -1.773438 0.000000
vt  0.906250 -1.718750 0.000000
vt  0.828125 -1.718750 0.000000
vt  0.820313 -1.640625 0.000000
vt  0.859375 -1.640625 0.000000
vt  0.867188 -1.718750 0.000000
vt  0.171875 -1.460938 0.000000
vt  0.226563 -1.367188 0.000000
vt  0.226563 -1.468750 0.000000
vt  0.171875 -1.367188 0.000000
vt  0.375000 -1.367188 0.000000
vt  0.375000 -1.468750 0.000000
vt  0.304688 -1.468750 0.000000
vt  0.171875 -1.367188 0.000000
vt  0.171875 -1.468750 0.000000
vt  0.304688 -1.367188 0.000000
vt  0.250000 -1.585938 0.000000
vt  0.390625 -1.367188 0.000000
vt  0.390625 -1.468750 0.000000
vt  0.390625 -1.367188 0.000000
vt  0.390625 -1.468750 0.000000
vt  0.984375 -1.710938 0.000000
vt  0.976563 -1.640625 0.000000
vt  0.906250 -1.679688 0.000000
vt  0.976563 -1.914063 0.000000
vt  0.906250 -1.867188 0.000000
vt  0.984375 -1.835938 0.000000
vt  0.906250 -1.828125 0.000000
vt  0.828125 -1.828125 0.000000
vt  0.906250 -1.515625 0.000000
vt  0.687500 -1.601563 0.000000
vt  0.578125 -1.476563 0.000000
vt  0.476563 -1.601563 0.000000
vt  0.578125 -1.890625 0.000000
vt  0.859375 -1.890625 0.000000
vt  0.804688 -1.007813 0.000000
vt  0.804688 -1.007813 0.000000
vt  0.968750 -1.539063 0.000000
vt  0.906250 -1.515625 0.000000
vt  0.968750 -1.539063 0.000000
vt  0.804688 -1.679688 0.000000
vt  0.781250 -1.640625 0.000000
vt  0.781250 -1.773438 0.000000
vt  0.984375 -1.578125 0.000000
vt  0.960938 -1.593750 0.000000
vt  0.781250 -1.773438 0.000000
vt  0.804688 -1.679688 0.000000
vt  0.992188 -1.773438 0.000000
vt  0.984375 -1.710938 0.000000
vt  0.984375 -1.835938 0.000000
vt  0.859375 -1.640625 0.000000
vt  0.992188 -1.773438 0.000000
vt  0.781250 -1.640625 0.000000
vt  0.984375 -1.578125 0.000000
vt  0.960938 -1.593750 0.000000
vt  0.390625 -1.367188 0.000000

vn  -0.768256 -0.307423 -0.561493
vn  -0.595606 -0.217993 0.773131
vn  -0.091185 -0.501339 -0.860433
vn  0.564685 0.390023 -0.727332
vn  0.375206 0.641697 0.668914
vn  0.798003 0.114925 -0.591594
vn  0.262925 0.237040 0.935245
vn  -0.007366 0.780431 0.625198
vn  -0.182262 0.122540 0.975584
vn  0.375206 0.641697 0.668914
vn  -0.595606 -0.217993 0.773131
vn  0.247488 0.607187 -0.755032
vn  -0.007366 0.780431 0.625198
vn  -0.366307 -0.716646 0.593496
vn  0.819530 0.241482 -0.519670
vn  0.392420 0.394967 -0.830667
vn  0.794871 0.251588 -0.552163
vn  -0.827222 0.243253 -0.506491
vn  -0.794312 0.247679 -0.554728
vn  -0.396531 0.391358 -0.830423
vn  -0.000857 0.381566 -0.924341
vn  -0.000986 0.403078 -0.915165
vn  -0.741982 0.420228 -0.522370
vn  -0.480252 0.448320 -0.753901
vn  -0.232814 -0.827883 -0.510301
vn  -0.214343 -0.706473 -0.674502
vn  -0.511244 -0.729321 0.454665
vn  0.741470 0.420579 -0.522814
vn  0.479260 0.448846 -0.754220
vn  0.250792 -0.561243 -0.788740
vn  -0.322111 -0.943190 -0.081474
vn  -0.935537 -0.208646 -0.285020
vn  -0.914225 0.217861 0.341657
vn  -0.251013 0.937417 -0.241332
vn  0.321493 0.773060 0.546827
vn  0.935898 0.342574 -0.082085
vn  0.913296 -0.388708 0.121644
vn  -0.935537 -0.208646 -0.285020
vn  -0.251013 0.937417 -0.241332
vn  0.250792 -0.561243 -0.788740
vn  0.935898 0.342574 -0.082085
vn  0.326164 -0.801378 -0.501408
vn  -0.289991 -0.953233 -0.085161
vn  -0.788895 -0.073443 -0.610124
vn  -0.924020 0.187489 0.333218
vn  -0.326092 0.935834 0.133713
vn  0.290975 0.783583 0.548936
vn  0.788516 0.449446 -0.419811
vn  0.924304 -0.357839 0.132714
vn  -0.633150 0.258358 -0.729638
vn  -0.000000 0.969787 -0.243952
vn  -0.000000 0.629078 -0.777342
vn  -0.764255 0.614281 -0.196402
vn  0.473654 0.847613 -0.239173
vn  0.695690 -0.056317 -0.716131
vn  0.000000 -0.815821 0.578305
vn  -0.784632 -0.068275 0.616190
vn  0.000282 0.234408 0.972138
vn  -0.186092 -0.111082 0.976233
vn  0.115802 -0.456553 0.882128
vn  0.968925 -0.020424 0.246511
vn  -0.638038 0.768285 0.051435
vn  -0.997248 -0.068962 -0.027205
vn  0.326164 -0.801378 -0.501408
vn  -0.788895 -0.073443 -0.610124
vn  0.788516 0.449446 -0.419811
vn  -0.326092 0.935834 0.133713
vn  0.972984 0.122557 0.195660
vn  0.400505 0.890927 -0.214114
vn  -0.215369 -0.793680 -0.568937
vn  0.074238 -0.920155 -0.384452
vn  0.142262 -0.312535 -0.939193
vn  -0.177291 0.128355 -0.975752
vn  0.358153 -0.876096 -0.322772
vn  0.358153 -0.876096 -0.322773
vn  0.358153 -0.876096 -0.322772
vn  0.358153 -0.876096 -0.322772
vn  0.076698 -0.111700 -0.990778
vn  0.157927 -0.819113 -0.551464
vn  -0.782463 0.621323 -0.041330
vn  0.076698 -0.111700 -0.990778
vn  -0.782463 0.621323 -0.041330
vn  -0.177291 0.128355 -0.975752
vn  -0.473227 -0.839064 0.268380
vn  -0.885823 -0.353786 0.300255
vn  -0.975889 0.186173 -0.113926
vn  -0.447964 0.867467 -0.216401
vn  -0.790541 0.610164 -0.052383
vn  -0.177445 0.720747 -0.670102
vn  -0.541903 0.834972 0.095725
vn  -0.195997 0.157192 -0.967924
vn  -0.842302 0.184952 0.506281
vn  -0.892111 -0.323613 0.315297
vn  -0.274841 -0.941333 0.195844
vn  -0.357155 0.875862 0.324509
vn  -0.358153 0.876096 0.322773
vn  -0.358153 0.876096 0.322773
vn  -0.358153 0.876096 0.322773
vn  -0.861376 -0.036350 0.506666
vn  -0.201478 -0.800077 -0.565052
vn  -0.627590 0.732778 0.262996
vn  -0.201478 -0.800077 -0.565052
vn  -0.184016 0.856971 -0.481392
vn  -0.184016 0.856971 -0.481392
vn  -0.195997 0.157192 -0.967924
vn  -0.786067 0.599738 -0.149707
vn  0.358154 -0.876096 -0.322772
vn  0.356458 -0.876778 -0.322797
vn  -0.358153 0.876096 0.322772
vn  0.369833 -0.874052 -0.315051
vn  0.372076 -0.873845 -0.312976
vn  0.362163 -0.874869 -0.321624
vn  -0.707868 0.706345 -0.000014
vn  -0.638038 0.768285 0.051435
vn  -0.447964 0.867467 -0.216401
vn  -0.346401 0.877965 0.330430
vn  -0.355965 0.876785 0.323321
vn  -0.343996 0.880509 0.326145
vn  -0.664761 0.730512 -0.156352
vn  -0.707868 0.706345 -0.000014
vn  0.000000 0.986112 0.166084
vn  -0.664761 0.730512 -0.156352
vn  -0.000000 1.000000 -0.000371
vn  0.446657 0.894705 -0.000332
vn  0.828207 0.548108 -0.116841
vn  0.482821 0.849684 -0.211947
vn  0.893628 0.435561 -0.108242
vn  -0.384214 0.176780 -0.906161
vn  -0.991748 -0.024061 0.125922
vn  -0.546167 0.831209 0.103888
vn  0.345479 0.901721 -0.259890
vn  0.790260 0.116652 -0.601566
vn  0.343976 -0.738686 -0.579676
vn  -0.547372 -0.808666 -0.215507
vn  0.383401 -0.177335 0.906397
vn  -0.014409 0.708107 0.705958
vn  -0.574053 0.062792 0.816407
vn  -0.364356 -0.735414 0.571324
vn  0.404201 -0.888697 0.216424
vn  0.964004 -0.244050 0.105526
vn  0.754505 0.555187 0.349985
vn  -0.471386 -0.880310 -0.053381
vn  -0.134020 -0.633718 -0.761867
vn  -0.630396 -0.764452 0.134955
vn  -0.494931 0.252543 -0.831423
vn  -0.144380 -0.670667 -0.727571
vn  -0.309502 0.101998 -0.945413
vn  0.152329 0.742699 -0.652069
vn  0.075226 0.331301 -0.940521
vn  -0.850426 0.087573 -0.518756
vn  -0.596022 0.693675 -0.404441
vn  -0.841029 -0.220459 0.494033
vn  -0.841089 -0.523925 -0.134435
vn  0.018725 -0.944041 0.329295
vn  -0.234084 -0.661304 0.712658
vn  0.811873 -0.490321 0.316934
vn  0.636617 -0.766998 -0.080206
vn  0.747958 -0.396781 -0.532094
vn  0.738616 0.050536 -0.672229
vn  0.981627 0.071953 -0.176721
vn  0.464045 -0.680534 -0.567041
vn  -0.087692 -0.547640 -0.832106
vn  -0.192166 -0.631376 -0.751290
vn  -0.111132 -0.764593 -0.634860
vn  -0.357568 0.875431 0.325216
vn  0.997610 0.000311 -0.069089
vn  0.828207 0.548108 -0.116841
vn  0.893628 0.435561 -0.108242
vn  0.400505 0.890927 -0.214114
vn  0.446657 0.894705 -0.000332
vn  -0.705314 0.021204 -0.708578
vn  -0.302681 -0.674976 -0.672897
vn  -0.864736 0.422538 -0.271465
vn  0.178795 -0.248910 -0.951880
vn  -0.175635 0.804709 -0.567093
vn  0.303051 0.949582 -0.080337
vn  0.863976 -0.147146 -0.481553
vn  0.705764 0.439829 -0.555380
vn  0.955933 -0.152159 0.251076
vn  0.481828 -0.255493 0.838192
vn  -0.504348 0.265492 0.821674
vn  -0.177445 0.720747 -0.670102
vn  -0.195997 0.157192 -0.967924
vn  -0.892111 -0.323613 0.315297
vn  -0.842302 0.184952 0.506281
vn  -0.177291 0.128355 -0.975752
vn  -0.885823 -0.353786 0.300255
vn  0.503518 -0.269475 -0.820885
vn  -0.638005 -0.020791 -0.769751
vn  0.177496 -0.378074 -0.908601
vn  0.698042 -0.426861 -0.574915
vn  0.262212 -0.659987 -0.704032
vn  0.415653 0.626034 -0.659783
vn  0.580816 0.644106 0.497774
vn  0.650704 -0.646123 0.398885
vn  0.899264 0.396770 0.184115
vn  0.370630 -0.819778 -0.436575
vn  0.180300 -0.846475 -0.500970
vn  -0.235990 -0.140517 -0.961542
vn  0.240486 0.140851 0.960379
vn  0.512466 -0.659642 0.549774
vn  0.548286 -0.498340 0.671596
vn  0.354365 -0.875937 -0.327354
vn  0.354254 -0.877223 -0.324011
vn  0.353818 -0.876937 -0.325262
vn  -0.722578 0.541265 -0.430014
vn  -0.315926 0.307679 -0.897510
vn  -0.353237 0.877515 0.324331
vn  -0.776918 -0.610813 0.152661
vn  -0.307122 -0.352837 0.883845
vn  -0.920621 0.068147 0.384466
vn  -0.151608 0.928395 0.339259
vn  -0.913767 0.078916 -0.398500
vn  -0.361227 0.875174 0.321847
vn  -0.359692 0.875792 0.321885
vn  -0.209626 0.190266 -0.959091
vn  0.488859 -0.822626 -0.290350
vn  -0.585321 -0.542038 -0.602987
vn  0.000000 -0.203858 0.979000
vn  0.000013 0.852816 0.522212
vn  0.946421 -0.067909 0.315716
vn  0.362665 -0.873440 -0.324926
vn  -0.323499 0.886252 0.331521
vn  -0.847859 0.024389 0.529661
vn  -0.294206 0.840282 0.455378
vn  0.611540 0.788835 0.061303
vn  0.963116 -0.077969 -0.257544
vn  0.409135 -0.894236 -0.181522
vn  -0.496124 -0.842094 0.211516
vn  -0.870952 -0.353633 0.341155
vn  -0.654756 0.714102 0.247693
vn  -0.744779 0.234919 -0.624593
vn  -0.326490 0.434614 -0.839354
vn  -0.423902 -0.793355 -0.436915
vn  -0.526265 -0.497269 0.689760
vn  -0.269669 0.567120 0.778238
vn  0.403950 -0.442565 0.800600
vn  -0.331998 -0.613601 0.716429
vn  -0.983118 0.097366 0.154914
vn  0.982026 -0.103599 -0.157771
vn  0.216447 0.373102 -0.902189
vn  0.865053 -0.099345 -0.491745
vn  0.927122 -0.369448 0.062873
vn  0.790358 -0.442311 -0.423905
vn  0.695595 0.690565 0.198160
vn  -0.112760 0.299658 0.947360
vn  0.161506 -0.871008 0.463963
vn  0.356737 0.099161 0.928927
vn  0.262925 0.237040 0.935245
vn  -0.091185 -0.501339 -0.860433
vn  0.564685 0.390023 -0.727332
vn  0.798003 0.114925 -0.591594
vn  0.178385 -0.122469 -0.976310
vn  0.247488 0.607187 -0.755032
vn  -0.366307 -0.716646 0.593496
vn  -0.511244 -0.729321 0.454665
vn  -0.232814 -0.827883 -0.510301
vn  -0.214343 -0.706473 -0.674502
vn  0.677589 -0.031550 -0.734764
vn  -0.031019 -0.573625 -0.818531
vn  -0.103446 0.805454 -0.583561
vn  -0.654756 0.714102 0.247693
vn  -0.870952 -0.353633 0.341155
vn  -0.526265 -0.497269 0.689760
vn  0.000083 0.979010 -0.203812
vn  0.918668 0.395028 -0.001366
vn  -0.326490 0.434614 -0.839354
vn  -0.768256 -0.307423 -0.561493
vn  -0.798500 -0.113107 0.591274
vn  0.716875 -0.625120 -0.308732
vn  0.650704 -0.646123 0.398885
vn  0.899264 0.396770 0.184115
vn  0.415653 0.626034 -0.659783
vn  0.580816 0.644106 0.497774
vn  0.981210 0.187158 -0.046883
vn  0.834777 -0.358787 0.417635
vn  -0.235193 -0.718376 0.654691
vn  0.550070 0.439793 0.709933
vn  0.668129 -0.698415 -0.256555
vn  0.605132 -0.659358 -0.446163
vn  0.626938 0.231985 -0.743729
vn  -0.622612 -0.232405 0.747223
vn  -0.038196 -0.899277 0.435709
vn  -0.131104 -0.797963 0.588274
vn  -0.393402 -0.313940 0.864105
vn  -0.134024 -0.444309 0.885792
vn  -0.964191 -0.217349 -0.151974
vn  -0.547129 -0.280499 -0.788651
vn  -0.168677 0.800791 -0.574702
vn  0.473572 0.642030 -0.602933
vn  0.142147 0.595889 -0.790387
vn  0.703397 0.482963 0.521517
vn  0.393589 0.313229 -0.864277
vn  0.715500 0.018346 0.698372
vn  -0.842149 0.334735 0.422774
vn  0.361394 0.600530 0.713272
vn  0.345809 -0.133998 0.928688
vn  0.703397 0.482963 0.521517
vn  -0.134024 -0.444309 0.885792
vn  -0.130416 0.790011 -0.599061
vn  0.361394 0.600530 0.713272
vn  -0.000000 -0.203858 0.979001
vn  -0.946876 -0.067623 0.314408
vn  -0.918623 0.395123 -0.003226
vn  0.897115 -0.441668 0.010732
vn  0.946421 -0.067909 0.315716
vn  0.918668 0.395028 -0.001366
vn  0.946421 -0.067909 0.315716
vn  0.897115 -0.441668 0.010732
vn  0.997610 0.000311 -0.069089
vn  0.482821 0.849684 -0.211947
vn  0.993059 0.012130 -0.116989
vn  0.993059 0.012130 -0.116989
vn  0.797757 -0.597562 0.080641
vn  -0.993056 0.012162 -0.117008
vn  -0.061594 -0.864387 0.499040
vn  -0.514450 -0.691107 -0.507654
vn  0.992609 0.051560 0.109859
vn  0.689584 -0.258283 -0.676582
vn  0.295394 0.951310 -0.088041
vn  0.753844 -0.641074 0.144027
vn  0.161506 -0.871008 0.463963
vn  0.356737 0.099161 0.928927
vn  0.695595 0.690565 0.198160
vn  -0.112760 0.299658 0.947360
vn  0.611857 -0.036376 0.790131
vn  0.221869 -0.655272 0.722075
vn  -0.573789 -0.812828 -0.100385
vn  -0.278357 0.053827 0.958968
vn  -0.574774 -0.531824 -0.621931
vn  -0.257967 -0.852419 0.454791
vn  0.000056 0.285515 -0.958374
vn  -0.628861 -0.684421 0.368920
vn  0.166990 -0.578499 0.798407
vn  -0.589561 -0.092698 0.802387
vn  0.105343 0.804203 0.584945
vn  -0.982082 0.110413 0.152720
vn  -0.652525 0.405955 -0.639853
vn  -0.786067 0.599738 -0.149707
vn  -0.975889 0.186173 -0.113926
vn  -0.946876 -0.067623 0.314408
vn  -0.897183 -0.441562 0.009283
vn  -0.897183 -0.441562 0.009283
vn  -0.918623 0.395123 -0.003226
vn  -0.946876 -0.067623 0.314408
vn  -0.797684 -0.597761 0.079881
vn  -0.993056 0.012162 -0.117008
vn  0.888242 -0.355068 0.291468
vn  0.988834 -0.147927 -0.018057
vn  0.848271 -0.483745 -0.215470
vn  0.972984 0.122557 0.195660
vn  0.000282 0.234408 0.972138
vn  0.000282 0.234408 0.972138
vn  0.930502 -0.298467 -0.212326
vn  0.752263 -0.582798 0.307323
vn  0.930502 -0.298467 -0.212326
vn  0.681722 -0.699672 0.213810
vn  -0.681722 -0.699672 0.213810
vn  -0.752263 -0.582798 0.307323
vn  -0.930499 -0.298468 -0.212342
vn  -0.930499 -0.298468 -0.212342
vn  0.222334 -0.687779 -0.691034
vn  -0.843672 -0.417944 -0.336957
vn  -0.598558 -0.488267 0.635078
vn  -0.391077 0.582469 0.712593
vn  -0.941619 0.326740 -0.081201
vn  -0.678031 0.602594 -0.420896
vn  -0.637142 -0.690305 -0.342826
vn  -0.134847 -0.687845 0.713222
vn  0.370630 -0.819778 -0.436575
vn  0.512466 -0.659642 0.549774
vn  0.180300 -0.846475 -0.500970
vn  0.548286 -0.498340 0.671596
vn  0.481828 -0.255493 0.838192
vn  0.177496 -0.378074 -0.908601
vn  -0.722578 0.541265 -0.430014
vn  0.004904 0.784848 0.619669
vn  -0.315926 0.307679 -0.897510
vn  -0.269669 0.567120 0.778238
vn  0.004904 0.784848 0.619669
vn  -0.504348 0.265492 0.821674
vn  0.715500 0.018346 0.698372
vn  -0.547129 -0.280499 -0.788651
vn  0.142147 0.595889 -0.790387
vn  0.393589 0.313229 -0.864277
vn  -0.350365 0.133964 -0.926983
vn  -0.130416 0.790011 -0.599061
vn  -0.997248 -0.068962 -0.027205
vn  -0.848271 -0.483744 -0.215470
vn  -0.988833 -0.147927 -0.018056
vn  -0.888242 -0.355068 0.291468
vn  0.916071 -0.395857 0.064116
vn  0.967498 -0.170860 -0.186427
vn  0.968925 -0.020424 0.246511
vn  0.796124 0.091391 -0.598192
vn  0.796124 0.091391 -0.598192
vn  0.719577 0.305459 -0.623622
vn  0.968925 -0.020424 0.246511
vn  0.719577 0.305459 -0.623622
vn  0.929000 -0.321994 0.182425
vn  0.695690 -0.056317 -0.716131
vn  0.868059 -0.432946 0.242962
vn  -0.929000 -0.321994 0.182426
vn  -0.868059 -0.432946 0.242962
vn  -0.633150 0.258358 -0.729638
vn  0.473654 0.847613 -0.239173
vn  -0.061594 -0.864387 0.499040
vn  -0.257967 -0.852419 0.454791
vn  -0.514450 -0.691107 -0.507654
vn  -0.574774 -0.531824 -0.621931
vn  -0.638005 -0.020791 -0.769751
vn  0.955933 -0.152159 0.251076
vn  -0.391077 0.582469 0.712593
vn  -0.598558 -0.488267 0.635078
vn  -0.134847 -0.687845 0.713222
vn  -0.678031 0.602594 -0.420896
vn  -0.964191 -0.217349 -0.151974
vn  -0.393402 -0.313940 0.864105
vn  0.133157 0.784639 -0.605484
vn  -0.217421 0.393315 -0.893326
vn  -0.908333 0.238616 -0.343503
vn  -0.735568 -0.092687 -0.671081
vn  -0.731425 -0.554120 -0.397453
vn  -0.945653 -0.287139 0.152615
vn  -0.764255 0.614281 -0.196402
vn  -0.784632 -0.068275 0.616190
vn  -0.967498 -0.170860 -0.186427
vn  -0.488803 -0.523075 -0.698186
vn  -0.607892 -0.790701 0.072528
vn  0.169465 -0.660967 0.731029
vn  0.099634 -0.964641 0.244008
vn  0.813532 -0.274740 0.512527
vn  0.522351 -0.845557 0.110374
vn  0.597016 -0.800412 -0.053970
vn  0.921406 -0.376124 -0.097682
vn  0.799573 0.536231 -0.270442
vn  0.748022 0.055968 -0.661310
vn  0.342309 0.239505 -0.908549
vn  0.486850 0.074856 -0.870272
vn  0.143873 -0.667469 -0.730606
vn  0.132458 -0.630811 -0.764547
vn  -0.414025 -0.891665 -0.183074
vn  -0.596819 -0.787336 0.154627
vn  -0.963751 -0.073274 -0.256546
vn  -0.990275 -0.022054 0.137365
vn  -0.607662 0.791683 0.063129
vn  -0.588446 0.675593 0.444190
vn  0.492682 -0.844684 0.209219
vn  0.198119 -0.855847 0.477781
vn  0.848284 0.019241 0.529192
vn  0.600263 -0.158806 0.783878
vn  0.723303 -0.680717 -0.116003
vn  -0.139598 -0.846274 -0.514133
vn  0.964252 0.211085 0.160191
vn  -0.762638 -0.118712 -0.635839
vn  0.298634 0.837954 0.456782
vn  0.206929 0.606518 0.767670
vn  -0.521642 0.773732 -0.359483
vn  0.341858 0.938966 0.038406
vn  0.344124 0.878089 0.332474
vn  0.353630 0.878725 0.320608
vn  0.354136 0.877307 0.323915
vn  0.361928 0.876225 0.318179
vn  -0.360338 -0.875402 -0.322222
vn  -0.363059 -0.874652 -0.321204
vn  -0.372227 -0.871481 -0.319325
vn  -0.916071 -0.395857 0.064116
vn  -0.719577 0.305459 -0.623622
vn  -0.796125 0.091391 -0.598192
vn  -0.784632 -0.068275 0.616190
vn  -0.719577 0.305459 -0.623622
vn  -0.796125 0.091391 -0.598192
vn  0.999443 0.033013 0.004860
vn  0.817076 0.575023 -0.041662
vn  0.690682 0.067423 -0.720009
vn  -0.999443 0.033013 0.004860
vn  -0.392313 -0.864731 -0.313579
vn  0.503518 -0.269475 -0.820885
vn  -0.690682 0.067423 -0.720009
vn  0.362479 0.875233 0.320274
vn  0.359847 0.875411 0.322746
vn  0.362045 0.874953 0.321528
vn  0.524648 0.849059 0.061986
vn  0.612143 0.755690 0.232839
vn  0.750171 0.217113 0.624584
vn  0.811097 -0.536752 0.232419
vn  0.240542 0.665450 -0.706623
vn  0.276264 0.371309 -0.886458
vn  -0.817076 0.575023 -0.041662
vn  0.537181 0.804314 -0.254000
vn  0.358153 0.876096 0.322772
vn  0.699598 0.336523 -0.630328
vn  -0.000654 0.658049 -0.752975
vn  -0.356613 -0.876397 -0.323659
vn  -0.355075 -0.877008 -0.323694
vn  -0.358735 -0.876756 -0.320326
vn  -0.700179 0.336501 -0.629696
vn  -0.537181 0.804314 -0.254000
vn  -0.000948 0.744540 -0.667577
vn  -0.359150 -0.876327 -0.321034
vn  -0.144168 -0.841338 -0.520927
vn  -0.055426 -0.934580 -0.351408
vn  0.793142 -0.565656 0.225740
vn  0.543226 -0.810232 0.220069
vn  0.270310 0.340049 -0.900721
vn  0.276264 0.371309 -0.886458
vn  0.793142 -0.565656 0.225740
vn  0.668129 -0.698415 -0.256555
vn  -0.038196 -0.899277 0.435709
vn  0.605132 -0.659358 -0.446163
vn  -0.131104 -0.797963 0.588274
vn  -0.331998 -0.613601 0.716429
vn  0.865053 -0.099345 -0.491745
vn  -0.168677 0.800791 -0.574702
vn  -0.576569 0.522575 0.628079
vn  0.473572 0.642030 -0.602933
vn  -0.842149 0.334735 0.422774
vn  -0.576569 0.522575 0.628079
vn  -0.983118 0.097366 0.154914
vn  0.216447 0.373102 -0.902189
vn  0.403950 -0.442565 0.800600
vn  0.982026 -0.103599 -0.157771
vn  0.391855 -0.914332 0.102209
vn  0.816948 -0.000222 0.576711
vn  0.811097 -0.536752 0.232419
vn  0.308578 0.786818 -0.534507
vn  0.276264 0.371309 -0.886458
vn  -0.166590 -0.118155 -0.978921
vn  0.270310 0.340049 -0.900721
vn  -0.290085 -0.304980 -0.907104
vn  0.358153 0.876096 0.322773
vn  0.111132 -0.764593 -0.634860
vn  0.192166 -0.631376 -0.751290
vn  0.087691 -0.547640 -0.832106
vn  -0.383402 -0.177335 0.906397
vn  0.384214 0.176780 -0.906161
vn  0.346401 0.877965 0.330429
vn  -0.369833 -0.874052 -0.315051
vn  0.358153 0.876096 0.322772
vn  -0.358153 -0.876096 -0.322773
vn  -0.358153 -0.876096 -0.322772
vn  0.201479 -0.800077 -0.565051
vn  0.240542 0.665450 -0.706623
vn  0.201479 -0.800077 -0.565051
vn  0.358153 0.876096 0.322772
vn  0.358153 0.876096 0.322772
vn  0.782464 0.621323 -0.041330
vn  0.782464 0.621323 -0.041330
vn  0.790541 0.610164 -0.052384
vn  0.816948 -0.000222 0.576711
vn  0.308578 0.786818 -0.534507
vn  0.270310 0.340049 -0.900721
vn  0.215369 -0.793680 -0.568937
vn  -0.290085 -0.304980 -0.907104
vn  -0.358153 -0.876096 -0.322772
vn  -0.358153 -0.876096 -0.322772
vn  -0.798500 -0.113107 0.591274

g rdmobj03
usemtl ffdtex1
f  2232/2232/2232 2233/2233/2233 2234/2234/2234
f  2235/2235/2235 2236/2236/2236 2237/2237/2237
f  2237/2237/2237 2236/2236/2236 2238/2238/2238
f  2239/2239/2239 2240/2240/2240 2241/2241/2241
f  2241/2241/2241 2240/2240/2240 2242/2242/2242
f  2235/2235/2235 2243/2243/2243 2236/2236/2236
f  2236/2236/2236 2243/2243/2243 2244/2244/2244
f  2233/2233/2233 2245/2245/2245 2234/2234/2234
f  2246/2246/2246 2247/2247/2247 2248/2248/2248
f  2249/2249/2249 2250/2250/2250 2251/2251/2251
f  2251/2251/2251 2250/2250/2250 2247/2247/2247
f  2252/2252/2252 2253/2253/2253 2254/2254/2254
f  2254/2254/2254 2253/2253/2253 2255/2255/2255
f  2234/2234/2234 2245/2245/2245 2256/2256/2256
f  2257/2257/2257 2256/2256/2256 2258/2258/2258
f  2258/2258/2258 2256/2256/2256 2245/2245/2245
f  2251/2251/2251 2247/2247/2247 2246/2246/2246
f  2259/2259/2259 2253/2253/2253 2252/2252/2252
f  2260/2260/2260 2253/2253/2253 2259/2259/2259
f  2261/2261/2261 2262/2262/2262 2263/2263/2263
f  2263/2263/2263 2262/2262/2262 2264/2264/2264
f  2263/2263/2263 2264/2264/2264 2265/2265/2265
f  2265/2265/2265 2264/2264/2264 2266/2266/2266
f  2267/2267/2267 2268/2268/2268 2261/2261/2261
f  2261/2261/2261 2268/2268/2268 2262/2262/2262
f  2269/2269/2269 2270/2270/2270 2271/2271/2271
f  2271/2271/2271 2270/2270/2270 2272/2272/2272
f  2265/2265/2265 2266/2266/2266 2267/2267/2267
f  2267/2267/2267 2266/2266/2266 2268/2268/2268
f  2273/2273/2273 2274/2274/2274 2275/2275/2275
f  2275/2275/2275 2274/2274/2274 2276/2276/2276
f  2275/2275/2275 2276/2276/2276 2277/2277/2277
f  2277/2277/2277 2276/2276/2276 2278/2278/2278
f  2279/2279/2279 2280/2280/2280 2273/2273/2273
f  2281/2281/2281 2282/2282/2282 2283/2283/2283
f  2284/2284/2284 2282/2282/2282 2281/2281/2281
f  2285/2285/2285 2283/2283/2283 2282/2282/2282
f  2286/2286/2286 2283/2283/2283 2285/2285/2285
f  2287/2287/2287 2288/2288/2288 2289/2289/2289
f  2290/2290/2290 2288/2288/2288 2287/2287/2287
f  2291/2291/2291 2289/2289/2289 2292/2292/2292
f  2287/2287/2287 2289/2289/2289 2291/2291/2291
f  2288/2288/2288 2293/2293/2293 2289/2289/2289
f  2294/2294/2294 2293/2293/2293 2288/2288/2288
f  2273/2273/2273 2280/2280/2280 2274/2274/2274
f  2295/2295/2295 2296/2296/2296 2297/2297/2297
f  2297/2297/2297 2296/2296/2296 2298/2298/2298
f  2277/2277/2277 2278/2278/2278 2279/2279/2279
f  2289/2289/2289 2299/2299/2299 2292/2292/2292
f  2300/2300/2300 2299/2299/2299 2289/2289/2289
f  2301/2301/2301 2302/2302/2302 2303/2303/2303
f  2303/2303/2303 2302/2302/2302 2304/2304/2304
f  2305/2305/2305 2306/2306/2306 2307/2307/2307
f  2308/2308/2308 2307/2307/2307 2306/2306/2306
f  2309/2309/2309 2310/2310/2310 2311/2311/2311
f  2312/2312/2312 2313/2313/2313 2314/2314/2314
f  2301/2301/2301 2315/2315/2315 2302/2302/2302
f  2279/2279/2279 2278/2278/2278 2280/2280/2280
f  2316/2316/2316 2314/2314/2314 2313/2313/2313
f  2315/2315/2315 2316/2316/2316 2302/2302/2302
f  2317/2317/2317 2318/2318/2318 2293/2293/2293
f  2319/2319/2319 2320/2320/2320 2321/2321/2321
f  2320/2320/2320 2322/2322/2322 2321/2321/2321
f  2323/2323/2323 2321/2321/2321 2324/2324/2324
f  2319/2319/2319 2321/2321/2321 2323/2323/2323
f  2325/2325/2325 2316/2316/2316 2313/2313/2313
f  2310/2310/2310 2325/2325/2325 2311/2311/2311
f  2326/2326/2326 2327/2327/2327 2328/2328/2328
f  2329/2329/2329 2328/2328/2328 2327/2327/2327
f  2330/2330/2330 2331/2331/2331 2324/2324/2324
f  2330/2330/2330 2332/2332/2332 2333/2333/2333
f  2333/2333/2333 2332/2332/2332 2334/2334/2334
f  2335/2335/2335 2336/2336/2336 2331/2331/2331
f  2336/2336/2336 2324/2324/2324 2331/2331/2331
f  2337/2337/2337 2318/2318/2318 2317/2317/2317
f  2338/2338/2338 2306/2306/2306 2305/2305/2305
f  2339/2339/2339 2338/2338/2338 2305/2305/2305
f  2340/2340/2340 2326/2326/2326 2328/2328/2328
f  2341/2341/2341 2342/2342/2342 2343/2343/2343
f  2344/2344/2344 2345/2345/2345 2346/2346/2346
f  2347/2347/2347 2348/2348/2348 2349/2349/2349
f  2350/2350/2350 2345/2345/2345 2344/2344/2344
f  2351/2351/2351 2352/2352/2352 2353/2353/2353
f  2354/2354/2354 2352/2352/2352 2351/2351/2351
f  2355/2355/2355 2352/2352/2352 2354/2354/2354
f  2356/2356/2356 2352/2352/2352 2355/2355/2355
f  2357/2357/2357 2300/2300/2300 2358/2358/2358
f  2359/2359/2359 2360/2360/2360 2361/2361/2361
f  2359/2359/2359 2361/2361/2361 2362/2362/2362
f  2359/2359/2359 2362/2362/2362 2363/2363/2363
f  2359/2359/2359 2363/2363/2363 2364/2364/2364
f  2359/2359/2359 2365/2365/2365 2360/2360/2360
f  2359/2359/2359 2364/2364/2364 2365/2365/2365
f  2366/2366/2366 2367/2367/2367 2368/2368/2368
f  2366/2366/2366 2368/2368/2368 2369/2369/2369
f  2366/2366/2366 2369/2369/2369 2370/2370/2370
f  2366/2366/2366 2370/2370/2370 2371/2371/2371
f  2366/2366/2366 2371/2371/2371 2372/2372/2372
f  2366/2366/2366 2372/2372/2372 2367/2367/2367
f  2373/2373/2373 2374/2374/2374 2375/2375/2375
f  2376/2376/2376 2377/2377/2377 2378/2378/2378
f  2379/2379/2379 2380/2380/2380 2376/2376/2376
f  2381/2381/2381 2382/2382/2382 2378/2378/2378
f  2383/2383/2383 2384/2384/2384 2373/2373/2373
f  2385/2385/2385 2386/2386/2386 2375/2375/2375
f  2387/2387/2387 2388/2388/2388 2389/2389/2389
f  2390/2390/2390 2391/2391/2391 2392/2392/2392
f  2393/2393/2393 2376/2376/2376 2380/2380/2380
f  2393/2393/2393 2380/2380/2380 2390/2390/2390
f  2393/2393/2393 2390/2390/2390 2392/2392/2392
f  2393/2393/2393 2392/2392/2392 2377/2377/2377
f  2393/2393/2393 2377/2377/2377 2376/2376/2376
f  2394/2394/2394 2374/2374/2374 2373/2373/2373
f  2394/2394/2394 2373/2373/2373 2384/2384/2384
f  2394/2394/2394 2384/2384/2384 2381/2381/2381
f  2394/2394/2394 2381/2381/2381 2378/2378/2378
f  2394/2394/2394 2378/2378/2378 2377/2377/2377
f  2377/2377/2377 2374/2374/2374 2394/2394/2394
f  2395/2395/2395 2389/2389/2389 2388/2388/2388
f  2395/2395/2395 2388/2388/2388 2385/2385/2385
f  2395/2395/2395 2385/2385/2385 2375/2375/2375
f  2395/2395/2395 2375/2375/2375 2374/2374/2374
f  2395/2395/2395 2374/2374/2374 2389/2389/2389
f  2396/2396/2396 2326/2326/2326 2340/2340/2340
f  2310/2310/2310 2304/2304/2304 2302/2302/2302
f  2309/2309/2309 2304/2304/2304 2310/2310/2310
f  2397/2397/2397 2300/2300/2300 2357/2357/2357
f  2398/2398/2398 2399/2399/2399 2400/2400/2400
f  2401/2401/2401 2399/2399/2399 2398/2398/2398
f  2402/2402/2402 2403/2403/2403 2404/2404/2404
f  2405/2405/2405 2403/2403/2403 2402/2402/2402
f  2406/2406/2406 2404/2404/2404 2407/2407/2407
f  2402/2402/2402 2404/2404/2404 2406/2406/2406
f  2405/2405/2405 2408/2408/2408 2403/2403/2403
f  2409/2409/2409 2408/2408/2408 2405/2405/2405
f  2409/2409/2409 2407/2407/2407 2408/2408/2408
f  2406/2406/2406 2407/2407/2407 2409/2409/2409
f  2410/2410/2410 2411/2411/2411 2412/2412/2412
f  2413/2413/2413 2304/2304/2304 2414/2414/2414
f  2303/2303/2303 2304/2304/2304 2413/2413/2413
f  2315/2315/2315 2415/2415/2415 2316/2316/2316
f  2416/2416/2416 2415/2415/2415 2315/2315/2315
f  2417/2417/2417 2324/2324/2324 2336/2336/2336
f  2418/2418/2418 2324/2324/2324 2417/2417/2417
f  2302/2302/2302 2325/2325/2325 2310/2310/2310
f  2316/2316/2316 2325/2325/2325 2302/2302/2302
f  2419/2419/2419 2420/2420/2420 2421/2421/2421
f  2422/2422/2422 2423/2423/2423 2424/2424/2424
f  2425/2425/2425 2426/2426/2426 2427/2427/2427
f  2428/2428/2428 2429/2429/2429 2430/2430/2430
f  2429/2429/2429 2421/2421/2421 2430/2430/2430
f  2431/2431/2431 2432/2432/2432 2433/2433/2433
f  2339/2339/2339 2343/2343/2343 2434/2434/2434
f  2305/2305/2305 2343/2343/2343 2339/2339/2339
f  2435/2435/2435 2339/2339/2339 2434/2434/2434
f  2436/2436/2436 2339/2339/2339 2435/2435/2435
f  2411/2411/2411 2432/2432/2432 2431/2431/2431
f  2437/2437/2437 2438/2438/2438 2421/2421/2421
f  2326/2326/2326 2439/2439/2439 2348/2348/2348
f  2396/2396/2396 2439/2439/2439 2326/2326/2326
f  2421/2421/2421 2438/2438/2438 2430/2430/2430
f  2440/2440/2440 2441/2441/2441 2442/2442/2442
f  2334/2334/2334 2321/2321/2321 2322/2322/2322
f  2332/2332/2332 2321/2321/2321 2334/2334/2334
f  2332/2332/2332 2324/2324/2324 2321/2321/2321
f  2330/2330/2330 2324/2324/2324 2332/2332/2332
f  2442/2442/2442 2441/2441/2441 2443/2443/2443
f  2442/2442/2442 2443/2443/2443 2444/2444/2444
f  2445/2445/2445 2439/2439/2439 2396/2396/2396
f  2446/2446/2446 2439/2439/2439 2445/2445/2445
f  2444/2444/2444 2443/2443/2443 2447/2447/2447
f  2441/2441/2441 2448/2448/2448 2443/2443/2443
f  2443/2443/2443 2448/2448/2448 2447/2447/2447
f  2449/2449/2449 2448/2448/2448 2440/2440/2440
f  2440/2440/2440 2448/2448/2448 2441/2441/2441
f  2405/2405/2405 2406/2406/2406 2409/2409/2409
f  2402/2402/2402 2406/2406/2406 2405/2405/2405
f  2450/2450/2450 2451/2451/2451 2452/2452/2452
f  2343/2343/2343 2453/2453/2453 2434/2434/2434
f  2342/2342/2342 2453/2453/2453 2343/2343/2343
f  2349/2349/2349 2439/2439/2439 2454/2454/2454
f  2348/2348/2348 2439/2439/2439 2349/2349/2349
f  2361/2361/2361 2455/2455/2455 2456/2456/2456
f  2360/2360/2360 2455/2455/2455 2361/2361/2361
f  2362/2362/2362 2456/2456/2456 2457/2457/2457
f  2361/2361/2361 2456/2456/2456 2362/2362/2362
f  2456/2456/2456 2368/2368/2368 2367/2367/2367
f  2455/2455/2455 2368/2368/2368 2456/2456/2456
f  2363/2363/2363 2457/2457/2457 2458/2458/2458
f  2362/2362/2362 2457/2457/2457 2363/2363/2363
f  2457/2457/2457 2367/2367/2367 2372/2372/2372
f  2456/2456/2456 2367/2367/2367 2457/2457/2457
f  2364/2364/2364 2458/2458/2458 2459/2459/2459
f  2363/2363/2363 2458/2458/2458 2364/2364/2364
f  2360/2360/2360 2460/2460/2460 2455/2455/2455
f  2365/2365/2365 2460/2460/2460 2360/2360/2360
f  2365/2365/2365 2459/2459/2459 2460/2460/2460
f  2364/2364/2364 2459/2459/2459 2365/2365/2365
f  2455/2455/2455 2369/2369/2369 2368/2368/2368
f  2460/2460/2460 2369/2369/2369 2455/2455/2455
f  2460/2460/2460 2370/2370/2370 2369/2369/2369
f  2459/2459/2459 2370/2370/2370 2460/2460/2460
f  2458/2458/2458 2372/2372/2372 2371/2371/2371
f  2457/2457/2457 2372/2372/2372 2458/2458/2458
f  2459/2459/2459 2371/2371/2371 2370/2370/2370
f  2458/2458/2458 2371/2371/2371 2459/2459/2459
f  2392/2392/2392 2374/2374/2374 2377/2377/2377
f  2389/2389/2389 2374/2374/2374 2392/2392/2392
f  2382/2382/2382 2376/2376/2376 2378/2378/2378
f  2379/2379/2379 2376/2376/2376 2382/2382/2382
f  2383/2383/2383 2381/2381/2381 2384/2384/2384
f  2382/2382/2382 2381/2381/2381 2383/2383/2383
f  2383/2383/2383 2375/2375/2375 2386/2386/2386
f  2373/2373/2373 2375/2375/2375 2383/2383/2383
f  2442/2442/2442 2444/2444/2444 2440/2440/2440
f  2440/2440/2440 2444/2444/2444 2449/2449/2449
f  2387/2387/2387 2385/2385/2385 2388/2388/2388
f  2386/2386/2386 2385/2385/2385 2387/2387/2387
f  2391/2391/2391 2389/2389/2389 2392/2392/2392
f  2387/2387/2387 2389/2389/2389 2391/2391/2391
f  2379/2379/2379 2390/2390/2390 2380/2380/2380
f  2391/2391/2391 2390/2390/2390 2379/2379/2379
f  2461/2461/2461 2462/2462/2462 2463/2463/2463
f  2463/2463/2463 2462/2462/2462 2464/2464/2464
f  2463/2463/2463 2465/2465/2465 2461/2461/2461
f  2461/2461/2461 2465/2465/2465 2466/2466/2466
f  2444/2444/2444 2447/2447/2447 2449/2449/2449
f  2449/2449/2449 2447/2447/2447 2448/2448/2448
f  2421/2421/2421 2420/2420/2420 2437/2437/2437
f  2467/2467/2467 2412/2412/2412 2411/2411/2411
f  2468/2468/2468 2469/2469/2469 2470/2470/2470
f  2471/2471/2471 2472/2472/2472 2473/2473/2473
f  2474/2474/2474 2475/2475/2475 2476/2476/2476
f  2477/2477/2477 2478/2478/2478 2479/2479/2479
f  2241/2241/2241 2242/2242/2242 2480/2480/2480
f  2481/2481/2481 2482/2482/2482 2483/2483/2483
f  2481/2481/2481 2484/2484/2484 2485/2485/2485
f  2482/2482/2482 2481/2481/2481 2485/2485/2485
f  2242/2242/2242 2240/2240/2240 2486/2486/2486
f  2240/2240/2240 2487/2487/2487 2486/2486/2486
f  2488/2488/2488 2484/2484/2484 2481/2481/2481
f  2489/2489/2489 2484/2484/2484 2488/2488/2488
f  2490/2490/2490 2491/2491/2491 2492/2492/2492
f  2493/2493/2493 2494/2494/2494 2495/2495/2495
f  2496/2496/2496 2497/2497/2497 2451/2451/2451
f  2463/2463/2463 2498/2498/2498 2465/2465/2465
f  2499/2499/2499 2481/2481/2481 2483/2483/2483
f  2500/2500/2500 2480/2480/2480 2242/2242/2242
f  2497/2497/2497 2452/2452/2452 2451/2451/2451
f  2501/2501/2501 2491/2491/2491 2490/2490/2490
f  2422/2422/2422 2502/2502/2502 2423/2423/2423
f  2503/2503/2503 2502/2502/2502 2422/2422/2422
f  2503/2503/2503 2504/2504/2504 2505/2505/2505
f  2422/2422/2422 2504/2504/2504 2503/2503/2503
f  2506/2506/2506 2501/2501/2501 2490/2490/2490
f  2507/2507/2507 2501/2501/2501 2506/2506/2506
f  2501/2501/2501 2508/2508/2508 2491/2491/2491
f  2507/2507/2507 2508/2508/2508 2501/2501/2501
f  2508/2508/2508 2492/2492/2492 2491/2491/2491
f  2509/2509/2509 2492/2492/2492 2508/2508/2508
f  2506/2506/2506 2492/2492/2492 2509/2509/2509
f  2490/2490/2490 2492/2492/2492 2506/2506/2506
f  2510/2510/2510 2511/2511/2511 2512/2512/2512
f  2511/2511/2511 2473/2473/2473 2512/2512/2512
f  2513/2513/2513 2514/2514/2514 2515/2515/2515
f  2469/2469/2469 2514/2514/2514 2513/2513/2513
f  2507/2507/2507 2509/2509/2509 2508/2508/2508
f  2506/2506/2506 2509/2509/2509 2507/2507/2507
f  2516/2516/2516 2517/2517/2517 2518/2518/2518
f  2518/2518/2518 2517/2517/2517 2519/2519/2519
f  2520/2520/2520 2521/2521/2521 2473/2473/2473
f  2473/2473/2473 2521/2521/2521 2512/2512/2512
f  2522/2522/2522 2523/2523/2523 2524/2524/2524
f  2524/2524/2524 2523/2523/2523 2525/2525/2525
f  2473/2473/2473 2472/2472/2472 2520/2520/2520
f  2526/2526/2526 2470/2470/2470 2469/2469/2469
f  2527/2527/2527 2528/2528/2528 2529/2529/2529
f  2529/2529/2529 2528/2528/2528 2530/2530/2530
f  2522/2522/2522 2531/2531/2531 2523/2523/2523
f  2523/2523/2523 2531/2531/2531 2532/2532/2532
f  2533/2533/2533 2534/2534/2534 2451/2451/2451
f  2534/2534/2534 2535/2535/2535 2451/2451/2451
f  2535/2535/2535 2496/2496/2496 2451/2451/2451
f  2536/2536/2536 2537/2537/2537 2538/2538/2538
f  2539/2539/2539 2540/2540/2540 2541/2541/2541
f  2542/2542/2542 2539/2539/2539 2541/2541/2541
f  2497/2497/2497 2496/2496/2496 2543/2543/2543
f  2538/2538/2538 2544/2544/2544 2545/2545/2545
f  2536/2536/2536 2538/2538/2538 2545/2545/2545
f  2535/2535/2535 2546/2546/2546 2496/2496/2496
f  2517/2517/2517 2547/2547/2547 2519/2519/2519
f  2519/2519/2519 2547/2547/2547 2548/2548/2548
f  2549/2549/2549 2550/2550/2550 2551/2551/2551
f  2552/2552/2552 2550/2550/2550 2549/2549/2549
f  2474/2474/2474 2553/2553/2553 2475/2475/2475
f  2554/2554/2554 2553/2553/2553 2474/2474/2474
f  2554/2554/2554 2555/2555/2555 2556/2556/2556
f  2474/2474/2474 2555/2555/2555 2554/2554/2554
f  2557/2557/2557 2552/2552/2552 2549/2549/2549
f  2558/2558/2558 2552/2552/2552 2557/2557/2557
f  2552/2552/2552 2559/2559/2559 2550/2550/2550
f  2558/2558/2558 2559/2559/2559 2552/2552/2552
f  2559/2559/2559 2551/2551/2551 2550/2550/2550
f  2560/2560/2560 2551/2551/2551 2559/2559/2559
f  2557/2557/2557 2551/2551/2551 2560/2560/2560
f  2549/2549/2549 2551/2551/2551 2557/2557/2557
f  2558/2558/2558 2560/2560/2560 2559/2559/2559
f  2557/2557/2557 2560/2560/2560 2558/2558/2558
f  2561/2561/2561 2548/2548/2548 2562/2562/2562
f  2562/2562/2562 2548/2548/2548 2547/2547/2547
f  2496/2496/2496 2546/2546/2546 2563/2563/2563
f  2496/2496/2496 2563/2563/2563 2543/2543/2543
f  2564/2564/2564 2565/2565/2565 2566/2566/2566
f  2566/2566/2566 2565/2565/2565 2567/2567/2567
f  2566/2566/2566 2567/2567/2567 2568/2568/2568
f  2568/2568/2568 2567/2567/2567 2569/2569/2569
f  2570/2570/2570 2571/2571/2571 2572/2572/2572
f  2572/2572/2572 2571/2571/2571 2573/2573/2573
f  2574/2574/2574 2575/2575/2575 2576/2576/2576
f  2574/2574/2574 2577/2577/2577 2575/2575/2575
f  2575/2575/2575 2577/2577/2577 2578/2578/2578
f  2540/2540/2540 2579/2579/2579 2541/2541/2541
f  2579/2579/2579 2580/2580/2580 2541/2541/2541
f  2541/2541/2541 2580/2580/2580 2581/2581/2581
f  2541/2541/2541 2581/2581/2581 2582/2582/2582
f  2299/2299/2299 2300/2300/2300 2397/2397/2397
f  2400/2400/2400 2583/2583/2583 2398/2398/2398
f  2352/2352/2352 2356/2356/2356 2584/2584/2584
f  2543/2543/2543 2563/2563/2563 2585/2585/2585
f  2586/2586/2586 2544/2544/2544 2587/2587/2587
f  2586/2586/2586 2588/2588/2588 2544/2544/2544
f  2545/2545/2545 2544/2544/2544 2588/2588/2588
f  2589/2589/2589 2578/2578/2578 2577/2577/2577
f  2590/2590/2590 2578/2578/2578 2589/2589/2589
f  2590/2590/2590 2591/2591/2591 2578/2578/2578
f  2592/2592/2592 2563/2563/2563 2546/2546/2546
f  2565/2565/2565 2593/2593/2593 2567/2567/2567
f  2567/2567/2567 2593/2593/2593 2569/2569/2569
f  2594/2594/2594 2593/2593/2593 2564/2564/2564
f  2564/2564/2564 2593/2593/2593 2565/2565/2565
f  2566/2566/2566 2568/2568/2568 2564/2564/2564
f  2564/2564/2564 2568/2568/2568 2594/2594/2594
f  2595/2595/2595 2596/2596/2596 2597/2597/2597
f  2597/2597/2597 2596/2596/2596 2598/2598/2598
f  2597/2597/2597 2599/2599/2599 2595/2595/2595
f  2595/2595/2595 2599/2599/2599 2600/2600/2600
f  2283/2283/2283 2286/2286/2286 2563/2563/2563
f  2585/2585/2585 2563/2563/2563 2286/2286/2286
f  2568/2568/2568 2569/2569/2569 2594/2594/2594
f  2594/2594/2594 2569/2569/2569 2593/2593/2593
f  2601/2601/2601 2602/2602/2602 2603/2603/2603
f  2604/2604/2604 2602/2602/2602 2601/2601/2601
f  2605/2605/2605 2603/2603/2603 2602/2602/2602
f  2606/2606/2606 2603/2603/2603 2605/2605/2605
f  2607/2607/2607 2608/2608/2608 2609/2609/2609
f  2610/2610/2610 2608/2608/2608 2607/2607/2607
f  2281/2281/2281 2563/2563/2563 2592/2592/2592
f  2281/2281/2281 2283/2283/2283 2563/2563/2563
f  2611/2611/2611 2411/2411/2411 2431/2431/2431
f  2467/2467/2467 2411/2411/2411 2611/2611/2611
f  2607/2607/2607 2612/2612/2612 2610/2610/2610
f  2529/2529/2529 2530/2530/2530 2613/2613/2613
f  2614/2614/2614 2615/2615/2615 2616/2616/2616
f  2614/2614/2614 2617/2617/2617 2618/2618/2618
f  2294/2294/2294 2317/2317/2317 2293/2293/2293
f  2571/2571/2571 2619/2619/2619 2620/2620/2620
f  2621/2621/2621 2571/2571/2571 2620/2620/2620
f  2622/2622/2622 2571/2571/2571 2621/2621/2621
f  2573/2573/2573 2571/2571/2571 2622/2622/2622
f  2584/2584/2584 2353/2353/2353 2352/2352/2352
f  2350/2350/2350 2583/2583/2583 2345/2345/2345
f  2581/2581/2581 2623/2623/2623 2582/2582/2582
f  2624/2624/2624 2582/2582/2582 2623/2623/2623
f  2625/2625/2625 2582/2582/2582 2624/2624/2624
f  2625/2625/2625 2624/2624/2624 2626/2626/2626
f  2627/2627/2627 2628/2628/2628 2629/2629/2629
f  2291/2291/2291 2292/2292/2292 2630/2630/2630
f  2631/2631/2631 2587/2587/2587 2632/2632/2632
f  2586/2586/2586 2587/2587/2587 2631/2631/2631
f  2631/2631/2631 2633/2633/2633 2586/2586/2586
f  2634/2634/2634 2590/2590/2590 2635/2635/2635
f  2634/2634/2634 2591/2591/2591 2590/2590/2590
f  2636/2636/2636 2591/2591/2591 2634/2634/2634
f  2631/2631/2631 2632/2632/2632 2637/2637/2637
f  2615/2615/2615 2614/2614/2614 2618/2618/2618
f  2530/2530/2530 2528/2528/2528 2638/2638/2638
f  2528/2528/2528 2639/2639/2639 2638/2638/2638
f  2640/2640/2640 2617/2617/2617 2614/2614/2614
f  2641/2641/2641 2617/2617/2617 2640/2640/2640
f  2642/2642/2642 2612/2612/2612 2607/2607/2607
f  2643/2643/2643 2606/2606/2606 2605/2605/2605
f  2644/2644/2644 2645/2645/2645 2646/2646/2646
f  2597/2597/2597 2647/2647/2647 2599/2599/2599
f  2648/2648/2648 2614/2614/2614 2616/2616/2616
f  2649/2649/2649 2613/2613/2613 2530/2530/2530
f  2650/2650/2650 2651/2651/2651 2652/2652/2652
f  2652/2652/2652 2651/2651/2651 2653/2653/2653
f  2652/2652/2652 2654/2654/2654 2655/2655/2655
f  2634/2634/2634 2656/2656/2656 2636/2636/2636
f  2657/2657/2657 2658/2658/2658 2619/2619/2619
f  2655/2655/2655 2654/2654/2654 2659/2659/2659
f  2655/2655/2655 2660/2660/2660 2661/2661/2661
f  2661/2661/2661 2660/2660/2660 2662/2662/2662
f  2663/2663/2663 2661/2661/2661 2664/2664/2664
f  2664/2664/2664 2661/2661/2661 2665/2665/2665
f  2663/2663/2663 2666/2666/2666 2667/2667/2667
f  2667/2667/2667 2666/2666/2666 2668/2668/2668
f  2667/2667/2667 2669/2669/2669 2650/2650/2650
f  2650/2650/2650 2669/2669/2669 2670/2670/2670
f  2654/2654/2654 2671/2671/2671 2659/2659/2659
f  2659/2659/2659 2671/2671/2671 2672/2672/2672
f  2673/2673/2673 2674/2674/2674 2675/2675/2675
f  2675/2675/2675 2674/2674/2674 2676/2676/2676
f  2675/2675/2675 2676/2676/2676 2677/2677/2677
f  2677/2677/2677 2676/2676/2676 2678/2678/2678
f  2679/2679/2679 2680/2680/2680 2673/2673/2673
f  2673/2673/2673 2680/2680/2680 2674/2674/2674
f  2681/2681/2681 2682/2682/2682 2679/2679/2679
f  2679/2679/2679 2682/2682/2682 2680/2680/2680
f  2683/2683/2683 2679/2679/2679 2684/2684/2684
f  2684/2684/2684 2679/2679/2679 2673/2673/2673
f  2685/2685/2685 2681/2681/2681 2683/2683/2683
f  2683/2683/2683 2681/2681/2681 2679/2679/2679
f  2684/2684/2684 2673/2673/2673 2686/2686/2686
f  2686/2686/2686 2673/2673/2673 2675/2675/2675
f  2677/2677/2677 2678/2678/2678 2687/2687/2687
f  2687/2687/2687 2678/2678/2678 2688/2688/2688
f  2686/2686/2686 2675/2675/2675 2689/2689/2689
f  2689/2689/2689 2675/2675/2675 2677/2677/2677
f  2687/2687/2687 2688/2688/2688 2681/2681/2681
f  2681/2681/2681 2688/2688/2688 2682/2682/2682
f  2689/2689/2689 2677/2677/2677 2690/2690/2690
f  2690/2690/2690 2677/2677/2677 2687/2687/2687
f  2690/2690/2690 2687/2687/2687 2685/2685/2685
f  2685/2685/2685 2687/2687/2687 2681/2681/2681
f  2691/2691/2691 2692/2692/2692 2693/2693/2693
f  2693/2693/2693 2692/2692/2692 2694/2694/2694
f  2695/2695/2695 2696/2696/2696 2697/2697/2697
f  2658/2658/2658 2698/2698/2698 2619/2619/2619
f  2698/2698/2698 2620/2620/2620 2619/2619/2619
f  2288/2288/2288 2290/2290/2290 2699/2699/2699
f  2700/2700/2700 2701/2701/2701 2702/2702/2702
f  2657/2657/2657 2703/2703/2703 2658/2658/2658
f  2704/2704/2704 2624/2624/2624 2623/2623/2623
f  2626/2626/2626 2624/2624/2624 2704/2704/2704
f  2627/2627/2627 2705/2705/2705 2259/2259/2259
f  2259/2259/2259 2246/2246/2246 2627/2627/2627
f  2246/2246/2246 2248/2248/2248 2627/2627/2627
f  2248/2248/2248 2706/2706/2706 2627/2627/2627
f  2628/2628/2628 2627/2627/2627 2706/2706/2706
f  2707/2707/2707 2658/2658/2658 2703/2703/2703
f  2707/2707/2707 2698/2698/2698 2658/2658/2658
f  2697/2697/2697 2696/2696/2696 2708/2708/2708
f  2709/2709/2709 2606/2606/2606 2643/2643/2643
f  2702/2702/2702 2710/2710/2710 2700/2700/2700
f  2250/2250/2250 2700/2700/2700 2710/2710/2710
f  2711/2711/2711 2712/2712/2712 2713/2713/2713
f  2713/2713/2713 2712/2712/2712 2694/2694/2694
f  2714/2714/2714 2715/2715/2715 2716/2716/2716
f  2716/2716/2716 2715/2715/2715 2717/2717/2717
f  2250/2250/2250 2249/2249/2249 2700/2700/2700
f  2249/2249/2249 2254/2254/2254 2700/2700/2700
f  2718/2718/2718 2719/2719/2719 2714/2714/2714
f  2714/2714/2714 2719/2719/2719 2715/2715/2715
f  2720/2720/2720 2700/2700/2700 2254/2254/2254
f  2705/2705/2705 2721/2721/2721 2259/2259/2259
f  2722/2722/2722 2693/2693/2693 2712/2712/2712
f  2712/2712/2712 2693/2693/2693 2694/2694/2694
f  2721/2721/2721 2260/2260/2260 2259/2259/2259
f  2723/2723/2723 2248/2248/2248 2724/2724/2724
f  2725/2725/2725 2696/2696/2696 2726/2726/2726
f  2726/2726/2726 2696/2696/2696 2727/2727/2727
f  2723/2723/2723 2706/2706/2706 2248/2248/2248
f  2728/2728/2728 2250/2250/2250 2710/2710/2710
f  2728/2728/2728 2724/2724/2724 2250/2250/2250
f  2255/2255/2255 2729/2729/2729 2254/2254/2254
f  2729/2729/2729 2720/2720/2720 2254/2254/2254
f  2728/2728/2728 2730/2730/2730 2724/2724/2724
f  2723/2723/2723 2724/2724/2724 2730/2730/2730
f  2727/2727/2727 2696/2696/2696 2731/2731/2731
f  2731/2731/2731 2696/2696/2696 2695/2695/2695
f  2732/2732/2732 2733/2733/2733 2734/2734/2734
f  2734/2734/2734 2733/2733/2733 2735/2735/2735
f  2736/2736/2736 2737/2737/2737 2738/2738/2738
f  2739/2739/2739 2740/2740/2740 2741/2741/2741
f  2742/2742/2742 2740/2740/2740 2739/2739/2739
f  2743/2743/2743 2741/2741/2741 2740/2740/2740
f  2744/2744/2744 2741/2741/2741 2743/2743/2743
f  2745/2745/2745 2746/2746/2746 2747/2747/2747
f  2748/2748/2748 2746/2746/2746 2745/2745/2745
f  2749/2749/2749 2469/2469/2469 2513/2513/2513
f  2526/2526/2526 2469/2469/2469 2749/2749/2749
f  2745/2745/2745 2750/2750/2750 2748/2748/2748
f  2751/2751/2751 2750/2750/2750 2745/2745/2745
f  2752/2752/2752 2744/2744/2744 2743/2743/2743
f  2753/2753/2753 2744/2744/2744 2752/2752/2752
f  2738/2738/2738 2737/2737/2737 2717/2717/2717
f  2754/2754/2754 2734/2734/2734 2755/2755/2755
f  2755/2755/2755 2734/2734/2734 2756/2756/2756
f  2757/2757/2757 2758/2758/2758 2759/2759/2759
f  2759/2759/2759 2758/2758/2758 2760/2760/2760
f  2733/2733/2733 2732/2732/2732 2761/2761/2761
f  2761/2761/2761 2732/2732/2732 2760/2760/2760
f  2712/2712/2712 2762/2762/2762 2722/2722/2722
f  2763/2763/2763 2659/2659/2659 2672/2672/2672
f  2763/2763/2763 2672/2672/2672 2665/2665/2665
f  2763/2763/2763 2665/2665/2665 2662/2662/2662
f  2763/2763/2763 2662/2662/2662 2660/2660/2660
f  2763/2763/2763 2660/2660/2660 2659/2659/2659
f  2671/2671/2671 2764/2764/2764 2672/2672/2672
f  2764/2764/2764 2671/2671/2671 2669/2669/2669
f  2764/2764/2764 2669/2669/2669 2668/2668/2668
f  2764/2764/2764 2668/2668/2668 2666/2666/2666
f  2764/2764/2764 2666/2666/2666 2664/2664/2664
f  2764/2764/2764 2664/2664/2664 2672/2672/2672
f  2765/2765/2765 2670/2670/2670 2671/2671/2671
f  2765/2765/2765 2671/2671/2671 2654/2654/2654
f  2765/2765/2765 2654/2654/2654 2653/2653/2653
f  2765/2765/2765 2653/2653/2653 2651/2651/2651
f  2765/2765/2765 2651/2651/2651 2670/2670/2670
f  2653/2653/2653 2654/2654/2654 2652/2652/2652
f  2655/2655/2655 2659/2659/2659 2660/2660/2660
f  2662/2662/2662 2665/2665/2665 2661/2661/2661
f  2663/2663/2663 2664/2664/2664 2666/2666/2666
f  2668/2668/2668 2669/2669/2669 2667/2667/2667
f  2650/2650/2650 2670/2670/2670 2651/2651/2651
f  2670/2670/2670 2669/2669/2669 2671/2671/2671
f  2664/2664/2664 2665/2665/2665 2672/2672/2672
f  2766/2766/2766 2688/2688/2688 2678/2678/2678
f  2766/2766/2766 2678/2678/2678 2676/2676/2676
f  2766/2766/2766 2676/2676/2676 2674/2674/2674
f  2766/2766/2766 2674/2674/2674 2680/2680/2680
f  2766/2766/2766 2680/2680/2680 2682/2682/2682
f  2766/2766/2766 2682/2682/2682 2688/2688/2688
f  2767/2767/2767 2683/2683/2683 2684/2684/2684
f  2767/2767/2767 2685/2685/2685 2683/2683/2683
f  2767/2767/2767 2684/2684/2684 2686/2686/2686
f  2767/2767/2767 2686/2686/2686 2689/2689/2689
f  2767/2767/2767 2689/2689/2689 2690/2690/2690
f  2767/2767/2767 2690/2690/2690 2685/2685/2685
f  2768/2768/2768 2691/2691/2691 2693/2693/2693
f  2769/2769/2769 2695/2695/2695 2697/2697/2697
f  2762/2762/2762 2770/2770/2770 2722/2722/2722
f  2727/2727/2727 2731/2731/2731 2771/2771/2771
f  2771/2771/2771 2731/2731/2731 2772/2772/2772
f  2737/2737/2737 2773/2773/2773 2717/2717/2717
f  2774/2774/2774 2773/2773/2773 2737/2737/2737
f  2775/2775/2775 2718/2718/2718 2714/2714/2714
f  2716/2716/2716 2775/2775/2775 2714/2714/2714
f  2716/2716/2716 2717/2717/2717 2773/2773/2773
f  2776/2776/2776 2777/2777/2777 2770/2770/2770
f  2722/2722/2722 2770/2770/2770 2777/2777/2777
f  2733/2733/2733 2778/2778/2778 2735/2735/2735
f  2735/2735/2735 2779/2779/2779 2734/2734/2734
f  2780/2780/2780 2781/2781/2781 2715/2715/2715
f  2781/2781/2781 2717/2717/2717 2715/2715/2715
f  2782/2782/2782 2715/2715/2715 2719/2719/2719
f  2780/2780/2780 2715/2715/2715 2782/2782/2782
f  2754/2754/2754 2732/2732/2732 2734/2734/2734
f  2734/2734/2734 2779/2779/2779 2783/2783/2783
f  2784/2784/2784 2732/2732/2732 2754/2754/2754
f  2785/2785/2785 2783/2783/2783 2779/2779/2779
f  2761/2761/2761 2778/2778/2778 2733/2733/2733
f  2786/2786/2786 2772/2772/2772 2787/2787/2787
f  2731/2731/2731 2787/2787/2787 2772/2772/2772
f  2759/2759/2759 2760/2760/2760 2732/2732/2732
f  2784/2784/2784 2759/2759/2759 2732/2732/2732
f  2788/2788/2788 2233/2233/2233 2232/2232/2232

g
